event_id,ticker,quarter,event_datetime,facts_text,earnings_surprise_wins,car1_wins,target_percentile_quarter,surprise_percentile_quarter
ea_FET_Q3_2025,FET,2025Q4,2025-10-30 20:26:00,"1. Backlog increased by 21% to its highest level since 2015, driven by offshore and international awards.
2. Full year free cash flow guidance was raised to between $70 million and $80 million, marking the ninth consecutive quarter of positive free cash flow.
3. The company repurchased 5% of shares outstanding in Q3 and 8% year-to-date through September, totaling 966,000 shares for $21 million.
4. Net leverage ratio decreased to 1.3x, one quarter ahead of schedule, after reducing net debt by $12 million (nearly 10%) to $114 million.
5. Q3 consolidated EBITDA was $23 million, up 13% sequentially, with margins improving 150 basis points to nearly 12%.
6. Book-to-bill ratio was 122% consolidated, with the ROV product line achieving a book-to-bill ratio over 200%.
7. Coiled line pipe revenue grew 28% sequentially due to market share gains and revenue recognition on a Middle East project.
8. Facility consolidation from 4 plants to 2 is expected to contribute over $5 million of additional annualized cost savings by Q2 2026, bringing total structural savings to approximately $15 million.
9. Q4 2025 guidance projects revenue of $180 million to $200 million and EBITDA of $19 million to $23 million.
10. Management's FET 2030 plan targets doubling revenue organically over 5 years, with growth market share expansion from 8% to 16% expected to add $250 million in revenue in a flat market.",0.0024829298572315,-0.172850245617415,0.0562466197944835,0.6415401301518439
ea_DOCS_Q2_2026,DOCS,2025Q4,2025-11-06 21:01:00,"1. Q2 fiscal 2026 revenue was $168.5 million, representing 23% year-over-year growth and exceeding the high end of guidance by 7%.
2. Q2 adjusted EBITDA was $100.8 million with a 60% margin, beating the high end of guidance by 15%.
3. Free cash flow increased 37% year-over-year to $91.6 million in Q2.
4. Net revenue retention rate was 118% on a trailing 12-month basis.
5. The company had 121 customers contributing at least $500,000 each in subscription-based revenue (up 16% from 104 a year ago), accounting for 84% of total revenue.
6. AI tools quarterly active prescribers grew more than 50% from the prior quarter, while AI scribe quarterly active users nearly tripled versus Q1.
7. Multi-module integrated offerings represented over 40% of Q2 bookings compared to less than 5% in the same quarter last year.
8. SMB customer bookings grew roughly 100% year-over-year in Q2, driven by agency partner programs.
9. Full fiscal year 2026 revenue guidance was raised to $640-646 million, representing 13% growth at the midpoint, with adjusted EBITDA guidance of $351-357 million at a 55% margin.
10. Telehealth platform now conducts over 300,000 voice and video visits on an average weekday, up from 200,000 previously announced.",0.0017577500798977,-0.134656429277765,0.0935640886965928,0.579175704989154
ea_HLX_Q3_2025,HLX,2025Q4,2025-10-22 22:05:00,"1. Q3 2025 revenues were $377 million with gross profit of $66 million and net income of $22 million, representing the company's highest quarterly results since 2014.
2. Adjusted EBITDA was $104 million for Q3 2025, with positive operating cash flow of $24 million and positive free cash flow of $23 million.
3. The company had cash and cash equivalents of $338 million and total liquidity of $430 million at quarter end, with funded debt of $315 million resulting in negative net debt of $31 million.
4. Full-year 2025 guidance was tightened to revenues of $1.23 billion to $1.29 billion, EBITDA of $240 million to $270 million, and free cash flow of $100 million to $140 million.
5. Year-to-date share repurchases totaled $30 million with 4.6 million shares acquired, in line with the target of minimum 25% of expected free cash flow.
6. The company executed a 3-year well intervention contract with a minimum 150-day commitment for key units in the Gulf of America.
7. The Q7000 completed a 400-day decommissioning campaign for Shell in Brazil with 100% utilization, and continues working for Shell into Q2 2026.
8. Shallow water abandonment segment utilization increased to 790 days in Q3 compared to 614 days in Q2, with the Hedron heavy lift barge achieving 100% utilization.
9. Both Siem Helix vessels in Brazil are due for 5-year special surveys in 2026, which management stated will meaningfully impact anticipated EBITDA improvements.
10. The company entered a 4-year agreement with NKT for installation, operation, project engineering and maintenance of the T3600, designed to be the world's most powerful subsea trencher.",-0.0015082956259426,0.0418501362235377,0.737696051919957,0.19143167028199568
ea_BELFB_Q4_2025,BELFB,2026Q1,2026-02-17 21:15:00,"1. Bel Fuse delivered record full year 2025 net sales of $675.5 million, a 26.3% increase over 2024, with Q4 sales of $175.9 million up 17.4% year-over-year.
2. Full year 2025 gross margin expanded to 39.1% (from 37.8% in 2024), with Q4 2025 gross margin reaching 39.4% (up from 37.5% in Q4 2024).
3. Aerospace and defense accounted for 38% of consolidated 2025 sales, with 28% from defense and 10% from commercial aerospace.
4. The company paid down $90 million in long-term debt during 2025, leaving $197.5 million of total debt outstanding at December 31, 2025, with a weighted average interest rate of 4.4%.
5. Full year 2025 book-to-bill ratio was 1.1, strengthening to 1.3 in Q4 2025 with strength across all three product segments.
6. Q1 2026 guidance calls for sales of $165 million to $180 million with gross margin expected in the range of 37% to 39%, reflecting anticipated headwinds from higher material costs and unfavorable FX.
7. On an organic basis, 2025 sales grew by $41.5 million or 7.8% over 2024, with all three product segments delivering organic growth in Q4.
8. Power Solutions Q4 2025 gross margin was 44.5%, a 390 basis point improvement from Q4 2024, driven by higher aerospace and defense sales, favorable product mix, and better fixed cost absorption.
9. AI-specific customer sales in the Power segment reached $4 million in Q4 2025, up from $3.3 million in Q4 2024, with networking and AI cited as continued growth drivers into 2026.
10. Full year 2025 cash flows from operations were $80.6 million, with the company planning to continue quarterly debt paydowns of $20 million to $30 million barring M&A activity.",0.001742456438589,-0.0651874682009742,0.255648535564854,0.6194191590810576
ea_NEOG_Q1_2026,NEOG,2025Q4,2025-10-09 11:00:00,"1. Neogen delivered Q1 revenue of approximately $209 million, up 0.3% year-over-year on a core basis, which was in line with expectations.
2. The company executed a global headcount reduction of approximately 10% of existing and planned positions, expected to reduce operating expenses by approximately $20 million on an annualized basis.
3. Adjusted EBITDA was $35.5 million in Q1, representing a margin of 17%, down from prior year due to lower volume, gross margin headwinds, and higher operating expenses.
4. Petrifilm, which has had a core revenue CAGR in the mid-single-digit range over recent years, experienced a mid-single-digit decline in Q1 attributed to distributor inventory rebalancing.
5. Q1 free cash flow was an outflow of $13 million, representing an improvement of $43 million compared to the prior year Q1.
6. The company completed the divestiture of its cleaners and disinfectants business for approximately $115 million in net proceeds, using $100 million to pay down debt with annualized interest savings of roughly $6 million.
7. Neogen ended Q1 with gross debt of $800 million (68% at fixed rate) and a total cash position of $139 million.
8. Food Safety segment revenues were $152 million, down 4.6% compared to prior year including a core decline of 1.7%, while Animal Safety segment revenues were $57 million with core revenue growth of 5.8%.
9. The company expects to realize approximately $12 million benefit from cost reduction actions this fiscal year, with more than half already contemplated in initial guidance.
10. Adjusted earnings per share were $0.04 in Q1 compared to $0.07 in the prior year quarter, primarily due to lower adjusted EBITDA which more than offset lower interest expense.",0.0017182130584192,0.168414292491946,0.938345051379124,0.5732104121475055
ea_HOUS_Q3_2025,HOUS,2025Q4,2025-11-04 12:30:00,"1. Q3 2025 revenue was $1.6 billion, up 6% year-over-year, with operating EBITDA of $100 million, down $8 million versus prior year.
2. Q3 closed transaction volume increased 7%, marking the first growth in units since Q4 2024 and outperforming NAR's volume growth by over 2 percentage points.
3. Luxury segment delivered 12% year-over-year volume growth, with 345 homes priced $10 million or higher sold in Q3, representing a 30% increase from the prior year.
4. The company realized $67 million in cost savings year-to-date and is on target to achieve $100 million in cost savings for 2025, with 100% of savings already identified.
5. Q3 free cash flow was $92 million, down $7 million year-over-year, primarily due to increased capital expenditures supporting AI transformation initiatives.
6. The company reduced its revolver balance by $195 million in Q3 to $415 million and has no significant note maturities until 2029.
7. Advisors agent retention reached nearly 95% among the top half of producing agents in Q3, among the highest rates ever achieved.
8. October momentum continued with closed volume up 9% and open volume up 6%, both showing growth in transaction units.
9. Operating EBITDA was negatively impacted by a $16 million year-over-year increase in employee long-term cash incentive costs as the stock price nearly tripled during the quarter.
10. The proposed merger with Compass is expected to close in the second half of 2026, subject to shareholder approval and regulatory approvals, and the company has suspended forward guidance.",-0.0166830225711481,0.0896175173198217,0.856679286100595,0.07592190889370933
ea_KE_Q2_2026,KE,2026Q1,2026-02-04 21:05:00,"1. Q2 fiscal 2026 net sales were $341.3 million, a 5% decrease year-over-year.
2. Medical vertical sales were $96 million in Q2, up 15% year-over-year, representing the fourth consecutive quarter of year-over-year revenue growth in that vertical.
3. Fiscal 2026 net sales guidance was raised to $1.4 billion to $1.46 billion from the prior range of $1.35 billion to $1.45 billion, driven by Medical strength and European Automotive program ramps.
4. Adjusted operating income guidance was raised to 4.2% to 4.5% of net sales versus the prior estimate of 4.0% to 4.25%.
5. Gross margin rate improved 160 basis points year-over-year to 8.2% from 6.6%, driven by favorable mix, the Tampa facility closure, favorable FX, and restructuring efforts.
6. Borrowings at December 31, 2025, were $154 million, down approximately 25% or $51 million from a year ago.
7. Nexteer represented 20% of sales in the December quarter, up from 19% in the September quarter.
8. The new Indianapolis medical CMO facility is 300,000 square feet and is expected to drag on margins for the next 2 to 3 quarters due to depreciation and dual-facility operating costs before becoming accretive.
9. Automotive sales of $162 million declined 13% year-over-year, but the company expects Q3 Automotive to be flat to slightly up as it finally anniversaries the EB100 braking program transfer.
10. The company repurchased 149,000 shares for $4.3 million in Q2, with $10.5 million remaining on the Board-authorized share repurchase program.",0.0003255208333333,-0.220538127078714,0.0334728033472803,0.4091894234937148
ea_ONEW_Q1_2026,ONEW,2026Q1,2026-01-29 12:00:00,"1. Fiscal Q1 2026 revenue was $381 million, representing a 1% increase compared to $376 million in the prior year period.
2. New Boat sales were down 6% compared to the prior year while Pre-Owned Boat sales were 24% higher, driven by both increased unit sales and average unit price.
3. Gross profit margin expanded to 23.5%, an improvement of 110 basis points compared to the prior year quarter.
4. The company recognized a $7 million impairment charge related to certain distribution assets classified as held for sale.
5. Net loss for the quarter totaled $8 million or $0.47 per diluted share compared to a net loss of $14 million or $0.81 per diluted share in the prior period.
6. Adjusted EBITDA increased to $4 million compared to $2 million in the prior year.
7. Total inventory decreased to $602 million as of December 31, 2025, compared to $637 million as of December 31, 2024.
8. Net debt represents 5.1x trailing 12-month adjusted EBITDA, with the company expecting leverage to drop to almost 4x by end of March quarter and under 4x by year-end following distribution asset sale.
9. The company is maintaining FY2026 guidance with total sales expected in the range of $1.83 billion to $1.93 billion and adjusted EBITDA in the range of $65 million to $85 million.
10. Management expects New Boat margins to improve by 100 basis points for the full year while the industry is expected to be flat to down low single digits year-over-year.",0.0347957639939486,-0.0226595085861866,0.412133891213389,0.9614217598612917
ea_KTB_Q4_2025,KTB,2026Q1,2026-03-03 11:50:00,"1. Kontoor Brands returned over $140 million to shareholders in 2025 through dividends and share repurchases, and generated over $450 million of cash from operations for the full year.
2. Helly Hansen's China joint venture generated revenue of approximately $100 million in 2025, increasing 95% compared to prior year, with another year of strong growth expected north of 50% in 2026.
3. Full year 2026 adjusted EPS is expected to be in the range of $6.40 to $6.50, representing an increase of 15% to 16%, with full year revenue expected between $3.40 billion and $3.45 billion.
4. The gross tariff impact for 2026 remains over $100 million, with 160 to 180 basis points of pressure on gross margin net of mitigating actions, and the company expects to fully offset tariffs within 12 to 18 months.
5. Project Jeanius delivered gross savings of over $50 million in 2025 and is expected to approach $100 million of gross savings in 2026, reaching full run rate in the second half of 2026.
6. Helly Hansen synergies have been identified at more than $40 million, up from the prior $25 million target, with full run rate expected in 2027.
7. Total inventory decreased by $198 million or 26% sequentially in Q4, exceeding the plan by $78 million, and Helly Hansen's inventory days outstanding were reduced by approximately 100 days compared to prior year.
8. The company anticipates returning to less than 1.5x net leverage by the end of 2026, with voluntary term loan payments of $225 million planned, bringing total acquisition-related debt repayments to $475 million or approximately 70% of the total debt incurred for Helly Hansen.
9. Wrangler's men's and women's bottoms business delivered its 15th consecutive quarter of market share gains as measured by Circana, with full year global revenue increasing 4% driven by double-digit growth in female, Western, and DTC.
10. Helly Hansen contributed $0.44 per share in Q4 versus prior outlook of $0.29, with Q4 earnings exceeding the company's outlook by more than 50%, and the company expects Helly to deliver mid- to high single-digit revenue growth in 2026 with low-teen operating earnings growth.",-0.0055538414069731,0.216105686977253,0.959832635983264,0.14434330299089726
ea_AKAM_Q4_2025,AKAM,2026Q1,2026-02-19 21:01:00,"1. Q4 2025 revenue grew to $1.095 billion, up 7% year-over-year as reported and 6% in constant currency, with non-GAAP EPS of $1.84, up 11% year-over-year.
2. Cloud Infrastructure Services (CIS) Q4 revenue was $94 million, up 45% year-over-year, accelerating from 39% growth in Q3, and now represents approximately 50% of total compute revenue.
3. Akamai signed a 4-year, $200 million commitment for Cloud Infrastructure Services with a major U.S. tech company, with a large majority of spend for AI Inference Cloud and revenue recognition expected to begin in Q4 2026.
4. API Security grew by more than 100% year-over-year, exiting the year with a revenue run rate exceeding $100 million, with less than 10% penetration among existing customers.
5. Akamai plans to invest approximately $250 million in CapEx in 2026 to augment its AI Inference Cloud, while also facing approximately $200 million in additional CapEx costs due to significant inflationary pressure in memory chip and server pricing.
6. Full year 2026 revenue guidance is $4.4 billion to $4.55 billion (up 5% to 8% as reported), with non-GAAP EPS expected in the range of $6.20 to $7.20.
7. CIS revenue growth is projected to accelerate to 45% to 50% year-over-year in 2026, with momentum building in the second half driven by the scaling of AI Inference Cloud.
8. Full year 2026 non-GAAP operating margin is estimated at approximately 26% to 28%, declining from 29% in Q4 2025, mainly due to increased colocation and depreciation expense from the CIS build-out.
9. In full year 2025, Akamai spent $800 million to repurchase approximately 10 million shares, marking the largest annual buyback in company history, with cash and marketable securities totaling approximately $1.9 billion as of December 31.
10. The initial AI Inference Cloud deployment across 20 cities is already sold out from beta customers, and Akamai plans to increase capacity by approximately an order of magnitude using the $250 million investment.",0.0031024728533625,-0.146856657654827,0.0920502092050209,0.7234503684438665
ea_BFRI_Q4_2025,BFRI,2026Q1,2026-03-19 12:00:00,"1. Biofrontera delivered record annual revenues of $41.7 million in 2025, representing approximately 12% growth over the prior year.
2. Fourth quarter 2025 revenues were $17.1 million, the highest quarterly revenue in company history, representing approximately 36% year-over-year growth.
3. The new earn-out structure with Biofrontera AG reduced cost of revenues per unit to about 15%, replacing a transfer pricing model that previously ranged from 25% to 35% of revenue, improving Q4 gross profit margin from approximately 58% to 82%.
4. Adjusted EBITDA for Q4 2025 was $4.9 million compared to negative $1.4 million in Q4 2024, with an adjusted EBITDA margin improving to positive 29% from negative 11%.
5. The FDA accepted the supplemental NDA filing for superficial basal cell carcinoma with a PDUFA target action date of September 28, 2026, based on Phase III data showing 76% complete histological clearance versus 19% for placebo.
6. Full year 2025 net loss narrowed to $10.5 million from $17.8 million in 2024, a reduction of approximately 41%.
7. Management expects long-run gross profit margins to range between 80% and 85%, with the full benefit of the new cost structure to be realized on an annualized basis in 2026.
8. Ameluz full year 2025 unit volume reached approximately 121,000 tubes, representing approximately 10% volume growth over 2024, with Q4 volumes of approximately 49,840 tubes.
9. The company secured $11 million in funding through a private placement of Series C preferred stock and received $3 million from the initial Xepi divestiture closing, with potential for up to an additional $7 million in milestone payments.
10. The Phase II acne vulgaris trial showed a 58% reduction in inflammatory lesions with Ameluz versus 37% with vehicle gel, with 86% patient satisfaction, and the company plans to discuss Phase III design with the FDA in Q3 2026.",0.106042950884868,-0.0131875809791345,0.45397489539749,0.9932813177286519
ea_RGNX_Q3_2025,RGNX,2025Q4,2025-11-06 12:05:00,"1. REGENXBIO ended Q3 2025 with cash, cash equivalents, and marketable securities of $302 million, up from $245 million at December 31, 2024.
2. The company expects its September 30 cash balance to fund operations into early 2027, with multiple nondilutive financing opportunities that could extend runway well beyond 2027.
3. RGX-202 pivotal trial enrollment for Duchenne muscular dystrophy has been completed ahead of original year-end guidance, with top-line data expected in early Q2 2026 and BLA submission planned for mid-2026.
4. RGX-121 for MPS II has a PDUFA date of February 8, 2026, and FDA completed inspections of clinical sites and the in-house manufacturing facility with no observations.
5. The company's wet AMD Phase III studies (ATMOSPHERE and ASCENT) completed enrollment with over 1,200 patients across 200 sites, representing the largest global gene therapy program ever conducted.
6. Top-line data for the subretinal wet AMD program is expected in Q4 2026.
7. REGENXBIO's manufacturing facility contains a 2,000-liter bioreactor capable of producing up to 2,500 doses of RGX-202 per year.
8. Q3 2025 revenues were $30 million compared to $24 million in Q3 2024, with the increase primarily due to development service revenue under the Nippon Shinyaku partnership.
9. The AbbVie collaboration includes a $100 million milestone payment for the diabetic retinopathy program upon first patient dose.
10. RGX-202 has demonstrated no SAEs or adverse events of special interest in Phase I/II, including no thrombocytopenia or liver injury, with product purity exceeding 80% full capsids.",0.0111972437553833,-0.0265224480037111,0.399134667387777,0.886117136659436
ea_QUIK_Q4_2025,QUIK,2026Q1,2026-03-03 21:05:00,"1. QuickLogic was awarded a $13 million tranche for its ongoing U.S. government contract, with revenue recognition beginning in Q1 2026.
2. Q4 2025 total revenue was $3.7 million, down 35% from Q4 2024 and up 84% from Q3 2025.
3. Q1 2026 total revenue guidance is $5.5 million (plus or minus 10%), representing nearly 50% sequential growth from Q4 2025.
4. The company forecasts full year 2026 revenue growth of between 50% and 100% over fiscal 2025.
5. Non-GAAP gross margin in Q4 2025 was 20.8%, negatively impacted by $473,000 in inventory reserves and $135,000 in unanticipated contracted professional services costs.
6. Full year 2026 non-GAAP gross profit margin is modeled at 57%, with Q1 and Q2 expected around 45% and significant improvement in Q3 and Q4.
7. Total cash at the close of Q4 was $18.8 million (inclusive of $15 million from the credit facility), with $3.2 million raised via ATM during Q4 and another approximately $3.2 million raised via ATM during Q1 2026.
8. The U.S. government contract ceiling has expanded to a potential $89 million, with GlobalFoundries' 12LP fabrication process added to the program.
9. Management expects Q1 2026 to be the revenue low point for the year, with the company expected to be both cash flow positive and net income positive in the second half of 2026.
10. Three multi-project wafer tape-outs are planned for 2026 for storefront products, with costs of two fully covered by customer contracts and the third expected to be at least partially covered.",-0.0051347881899871,0.122326085203485,0.895397489539749,0.14954486345903772
ea_ORGO_Q4_2025,ORGO,2026Q1,2026-02-26 21:05:00,"1. Organogenesis delivered Q4 2025 record net product revenue of $225.1 million, up 78% year-over-year and 50% sequentially, exceeding the high end of the guided range of $162 million to $187 million by approximately $50 million at the midpoint.
2. Advanced Wound Care net product revenue grew 83% year-over-year to $217.2 million in Q4 2025, driven by better-than-expected growth.
3. Surgical & Sports Medicine product revenue declined 2% year-over-year to $7.9 million in Q4 but grew 12% for the full year 2025.
4. Q4 2025 gross profit margin was 78% of net product revenue, up from 75% in the prior year period, primarily due to a shift in product mix.
5. Q4 2025 adjusted EBITDA was $84.2 million, or 37% of total revenue, compared to $18.2 million, or 14% of total revenue, in the prior year period.
6. The company expects total net revenue to decline 25% to 38% year-over-year for full year 2026, with Q1 2026 revenue expected to decline approximately 50% year-over-year due to clinician confusion from CMS' December 30 commentary on discarded products.
7. Management expects first half 2026 revenue declines of approximately 30% to 35%, with strong sequential growth in Q2, Q3, and Q4, and expects high teens adjusted EBITDA margins in Q4 2026.
8. As of December 31, 2025, the company had $94.3 million in cash with no outstanding debt, down from $136.2 million a year earlier, plus availability of up to $75 million under a revolving credit facility.
9. The company initiated a rolling BLA submission for its ReNu knee osteoarthritis program in late 2025 and expects to complete it in the first half of 2026, which management described as a transformational opportunity.
10. Organogenesis commercialized Dermagraft, adding another PMA product to its portfolio, and is advancing a new manufacturing and R&D center in Smithfield, Rhode Island to scale production of Apligraf and PuraPly AM and support potential burns products FortiShield and TransCyte.",0.0513513513513513,-0.127380889068457,0.121757322175732,0.9713914174252276
ea_LUNG_Q3_2025,LUNG,2025Q4,2025-10-29 20:05:00,"1. Total worldwide revenue for Q3 2025 was $21.5 million, a 5% increase from $20.4 million in Q3 2024 (4% on a constant currency basis).
2. U.S. revenue in Q3 2025 was $14 million, only a 1% increase from $13.8 million in the prior year period.
3. International revenue for Q3 2025 was $7.5 million, a 15% increase year-over-year (9% on a constant currency basis).
4. The company added 9 new U.S. centers during the third quarter.
5. Gross margin for Q3 2025 was approximately 75%, compared to 74% in Q3 2024.
6. Research and development expenses increased 29% year-over-year to $4.8 million in Q3 2025.
7. The company ended Q3 2025 with $76.5 million in cash and cash equivalents, a decrease of $7.7 million from Q2 2025.
8. Total cash utilization for the first three quarters of 2025 was approximately $25 million.
9. Full year 2025 revenue guidance was updated to $89 million to $90 million.
10. Full year 2025 operating expense guidance is $125 million to $126 million, inclusive of approximately $21 million in noncash stock-based compensation.",0.0357142857142856,-0.171059795322881,0.0584099513250406,0.9663774403470716
ea_SHEN_Q3_2025,SHEN,2025Q4,2025-10-29 20:05:00,"1. Glo Fiber reached 400,000 homes and businesses passed at end of Q3, with 21,000 homes released to sales in the quarter.
2. Glo Fiber data revenue-generating units grew 39.5% year-over-year to 83,000 customers, while Glo Fiber revenues increased 41.1% to $21.3 million.
3. Adjusted EBITDA grew 11.7% year-over-year to $29.7 million, with margins expanding 300 basis points to 33%.
4. The company remains on track to reach positive free cash flow for the full year 2027, driven by declining capital intensity and continued customer growth.
5. 92% of Glo Fiber passings are in duopoly markets with only one fixed broadband competitor.
6. Liquidity stood at $213 million on September 30, with $535 million of outstanding debt and the first material maturity in July 2027.
7. The company expects 2025 revenues of $352 million to $357 million and adjusted EBITDA of $113 million to $118 million.
8. Earliest Glo Fiber cohorts from 2019-2020 have reached an average data penetration rate of 37%, with typical penetration of 15% in year one and 25% by year three.
9. Following the introduction of new promotional rate plans with a 5-year price guarantee, 68% of new residential customers chose speeds of 1 gig or higher.
10. The company expects data ARPU to decline approximately 1% for 2026 as more customers select new promotional plans.",0.003813882532418,-0.0411199350694714,0.33098972417523,0.720173535791757
ea_ETSY_Q4_2025,ETSY,2026Q1,2026-02-19 12:00:00,"1. Etsy signed a definitive agreement to sell Depop to eBay for $1.2 billion in cash, with the transaction expected to close in Q2 2026.
2. Consolidated Q4 GMS was $3.6 billion, up 2.4% year-over-year excluding Reverb, and consolidated revenue was a record $882 million, up 6.6% excluding Reverb.
3. Etsy marketplace GMS was up 0.1% year-over-year in Q4, the first positive comparison since Q3 2023, with U.S. buyer GMS growing 0.3% for the first time in 4 years.
4. Q1 2026 GMS guidance is $2.38 billion to $2.43 billion (approximately 2% to 4% year-over-year growth), with a take rate of approximately 25.5% and adjusted EBITDA margin between 28% and 30%.
5. Management expects slight full-year 2026 GMS growth with positive year-over-year comparisons in each quarter, noting Q1 may be the strongest due to currency tailwinds and favorable comparisons.
6. Agentic traffic to Etsy in Q4 was approximately 15x what it was a year ago, though it remains less than 1% of total traffic, with higher average order values compared to mature acquisition channels.
7. In 2025, Etsy generated $735 million in adjusted EBITDA, converted approximately 87% to free cash flow, and returned more than 100% of free cash flow to shareholders through $777 million in share repurchases that reduced the share count by 14.4 million shares.
8. The app's contribution to total GMS reached 46% in Q4, up 5 percentage points from end of 2023, with app GMS growth accelerating to 6.6% year-over-year and app users showing 40% higher lifetime value than non-app users.
9. Depop generated $1.1 billion in GMS and $187 million in revenue for full year 2025, with Q4 GMS up nearly 38% year-over-year to a record $300 million and U.S. GMS growing 60%.
10. Etsy added 6.8 million new buyers and reactivated 10.4 million lapsed buyers in Q4, totaling 17.2 million gross additions, up 2.7% year-over-year and growing for the first time in over 2 years.",0.0013620885357548,0.0947378880043341,0.851882845188284,0.5726051148677936
ea_TYGO_Q3_2025,TYGO,2025Q4,2025-10-28 20:05:00,"1. Q3 2025 revenue increased 115% year-over-year to $30.6 million, marking the seventh consecutive quarter of sequential revenue growth.
2. U.S. sales grew approximately 68% sequentially, making it Tigo's largest sales region on a country level for the quarter.
3. Gross profit margin improved to 42.7% in Q3 2025 compared to 12.5% in the prior year period.
4. The company returned to GAAP operating profitability with operating income of $0.6 million, compared to an operating loss of $10.4 million in the prior year period.
5. Adjusted EBITDA increased to positive $2.9 million in Q3, compared to an adjusted EBITDA loss of $8.3 million in the prior year period.
6. Principal on convertible debt due in early January 2026 is $50 million, and the company expects to complete refinancing in Q4 2025.
7. Cash, cash equivalents and short-term and long-term marketable securities totaled $40.3 million at September 30, 2025.
8. Q4 2025 guidance projects revenues between $29 million and $31 million, representing a flat quarter versus the typically seasonally slow period.
9. Full year 2025 revenue guidance is between $102.5 million and $104.5 million.
10. Management stated they feel comfortable that gross margins of 40-plus percent will remain steady through 2026.",0.0078740157480314,-0.0977150326249165,0.151433207138994,0.8432754880694143
ea_STT_Q4_2025,STT,2026Q1,2026-01-16 12:30:00,"1. Full year 2025 EPS excluding notable items was $10.30, up 19% year-over-year, while Q4 EPS grew 14% year-over-year.
2. Assets under custody/administration reached a record $53.8 trillion, up 16% year-over-year, surpassing $50 trillion for the first time in 2025.
3. Assets under management hit an all-time high of $5.7 trillion, up 20% year-over-year, with Q4 net inflows of $85 billion.
4. For 2026, management expects fee revenue growth of 4% to 6%, NII growth in the low single digits, and expense growth of approximately 3% to 4%.
5. The company achieved $500 million in productivity savings in 2025 and is targeting a comparable level of savings in 2026.
6. Private markets servicing fees grew 12% in 2025 and now represent approximately 10% of total servicing fees, up from 9% in 2024.
7. Return on tangible common equity was 20% for full year 2025 excluding notable items, with Q4 reaching 22%.
8. Pretax margin expanded by more than 150 basis points in 2025 to approximately 29%, with management targeting roughly 30% for full year 2026.
9. The company returned over $2.1 billion in capital to shareholders in 2025 and expects a total payout ratio of roughly 80% in 2026.
10. Net interest margin expanded to 1.10% in Q4 2025, up 3 basis points year-over-year, with management expecting continued NIM improvement in 2026.",0.0010272213662044,-0.0600947237230464,0.267782426778243,0.5379280450801908
ea_TBRG_Q3_2025,TBRG,2025Q4,2025-11-06 21:00:00,"1. Q3 2025 bookings came in at $15.5 million TCV, approximately 20% below internal expectations, compared to $25.6 million sequentially and $21 million year-over-year.
2. Adjusted EBITDA margins are expected to expand approximately 600 basis points from 2023 to year-end 2025.
3. The company has paid down debt by approximately $35 million since January 2024, reducing net leverage ratio from 4.4x in Q4 2023 to 2.2x in Q3 2025.
4. Year-to-date free cash flow improved by $20 million compared to the corresponding period, with cash balance growing from $3.8 million at end of 2023 to approximately $20 million today.
5. Financial health bookings in the 100-400 bed hospital space increased from less than 20% in 2024 to more than 30% in 2025.
6. Q3 2025 total revenue was $86.1 million, up approximately 2% year-over-year, with recurring revenue at approximately 94% of total revenue.
7. Q3 adjusted EBITDA was $16.3 million with an 18.9% margin, representing a 155 basis point improvement compared to Q3 2024.
8. Patient Care gross margin expanded to approximately 60% in Q3, an increase of nearly 370 basis points versus last year.
9. Full year 2025 guidance includes revenue of $345-$348 million and adjusted EBITDA of $65-$68 million, with Q4 adjusted EBITDA margin expected around 20% at the midpoint.
10. The company expects to deliver approximately 200 basis points of adjusted EBITDA margin expansion in 2026 from the midpoint of full year 2025 guidance, driven by cost optimization and global offshore transition savings.",0.0249480249480249,0.0071695179173094,0.591130340724716,0.9501084598698482
ea_CNVS_Q3_2026,CNVS,2026Q1,2026-02-17 21:00:00,"1. Cineverse reported Q3 fiscal 2026 revenues of $16.3 million, down from $40.7 million in the prior year quarter which included over $20 million in Terrifier 3 theatrical results.
2. Adjusted EBITDA for Q3 was $2.4 million, a $6 million improvement over the prior sequential quarter, while net loss narrowed to $875,000, a $4.7 million improvement over the prior quarter.
3. Direct operating margin improved to 69% in Q3, up from 48% in the prior year quarter.
4. Giant Worldwide was acquired for $2 million in an all-cash asset purchase (with only $350,000 paid at closing) and is conservatively expected to generate $15 million to $17 million in revenue and $3.5 million to $4 million in adjusted EBITDA in fiscal year 2027.
5. IndiCue was acquired for base consideration of $22 million (with potential total consideration up to $40 million based on earnouts), financed partly by $13 million in convertible notes from existing long-term shareholders with no warrants attached.
6. IndiCue is expected to contribute more than $38 million in revenue and $7 million in adjusted EBITDA for fiscal year 2027, and has consistently outperformed its own internal monthly revenue and profit forecasts.
7. Cineverse issued fiscal year 2027 guidance of $115 million to $120 million in revenue and $10 million to $20 million in adjusted EBITDA from consolidated operations.
8. In the first month of operating Giant under the Matchpoint umbrella, the company saw a nearly 470% increase in business over the prior year period, with the trend accelerating into February.
9. Cineverse reached 35.5 million unique monthly viewers, grew SVOD subscribers 15% year-over-year to 1.55 million, and streams approximately 1.14 billion minutes per month.
10. Approximately $1.9 million of a targeted $7.5 million in cost cuts across studio operations and corporate overhead have been realized, with the remainder expected over the next two quarters.",-0.007380073800738,0.0907194920585988,0.846861924686192,0.1222366710013004
ea_SHW_Q4_2025,SHW,2026Q1,2026-01-29 12:00:00,"1. Adjusted diluted net income per share in Q4 2025 increased by 6.7% year-over-year.
2. Adjusted EBITDA in Q4 grew 13.4% and expanded 120 basis points to 17.7% as a percent of sales.
3. Full year free cash flow was $2.7 billion with net operating cash growing 9.4% to $3.5 billion or 14.6% of sales.
4. The company returned $2.5 billion to shareholders through share repurchases and dividends in 2025, marking the 47th consecutive year of dividend increases.
5. For 2026, adjusted diluted net income per share is expected in the range of $11.50 to $11.90, an increase of 2.4% at the midpoint compared to 2025's $11.43.
6. Paint Stores Group implemented a 7% price increase effective January 1, 2026, with realization expected in the low single-digit range given market dynamics.
7. The company expects the raw material basket to be up a low single-digit percentage in 2026, driven by tariffs and select commodities inflating.
8. Performance Coatings Group adjusted segment margin improved 150 basis points to 19% in Q4, driven by new business wins and mid-single-digit SG&A reduction.
9. The company plans to open 80 to 100 net new stores in the U.S. and Canada in 2026, after adding 80 net new stores and 87 net new sales territories in 2025.
10. Interest expense will increase in 2026 by approximately $90 million, including $40 million for new headquarters lease payments, $35 million for a $1.1 billion term loan, and $15 million for refinancing at higher rates.",0.000228832951945,0.0165475211897924,0.590376569037657,0.38751625487646296
ea_CVCO_Q2_2026,CVCO,2025Q4,2025-10-30 20:05:00,"1. Net revenue for Q2 FY2026 was $556.5 million, up 9.7% year-over-year from $507.5 million.
2. Operating profit increased approximately 27% year-over-year and 3% sequentially.
3. Financial Services segment operating profit improved by $14 million year-over-year, swinging from a loss to an $8 million profit in the first two quarters.
4. Factory utilization in Q2 was approximately 75%, up from 70% in the prior year period.
5. Diluted earnings per share was $6.55 compared to $5.28 in the prior year's second quarter.
6. The company repurchased $36 million of common shares during Q2, with approximately $142 million remaining under the share repurchase authorization.
7. The American Homestar acquisition closed after quarter-end for $190 million before customary adjustments, funded with cash on hand.
8. Management estimated the tariff impact in Q2 was approximately $2 million of additional cost of goods expenses.
9. Cash and restricted cash increased by $31.6 million during the quarter to $400 million.
10. Financial Services gross profit margin increased to 55.6% in Q2 from 21.8% in the prior year quarter, primarily due to fewer storm-related insurance claims.",0.0007936507936507,0.0471794608648055,0.756084369929692,0.4403470715835141
ea_NOV_Q4_2025,NOV,2026Q1,2026-02-04 22:45:00,"1. NOV reported Q4 2025 revenues of $2.28 billion (up 5% sequentially, down 1% year-over-year) and full year 2025 revenues of $8.74 billion with full year EBITDA exceeding $1 billion for the third straight year.
2. Free cash flow was $876 million in 2025, with EBITDA-to-free-cash-flow conversion exceeding 85% for the second consecutive year, totaling $1.8 billion in free cash flow over the last two years.
3. NOV returned $505 million to shareholders in 2025 through share repurchases and dividends, and $842 million over the past two years, while increasing its cash balance by $736 million and reducing shares outstanding to their lowest level in 18 years.
4. The company expects full year 2026 revenue to be slightly lower than 2025, with results more weighted to the second half, full year EBITDA in line to slightly lower than 2025, and EBITDA-to-free-cash-flow conversion decreasing to 40%-50%.
5. Total backlog stood at $4.34 billion at year-end with a full year 2025 book-to-bill of approximately 91%, and the company expects 2026 full year book-to-bill to be near 100%.
6. Offshore-related backlog grew more than 10% during 2025, and book-to-bill in subsea flexible pipe, process systems, and marine construction exceeded 120% over the past three years with backlog growing nearly 40%.
7. From September 2025 through January 2026, 59 floater contracts were awarded compared to only 33 during the same period last year, and open tenders for floating rigs at year-end 2025 reflected over 100% more minimum rig days versus year-end 2024.
8. NOV sees the potential for up to 10 FPSO FIDs in 2026 and expects an average of 8 FIDs per year through 2030, up from only 5 new FPSO FIDs in 2025.
9. Tariff expense was $25 million in Q4 2025 (up ~$8 million sequentially), with over $50 million in total tariff expense for 2025, and the $100 million annualized cost savings program is on track for delivery by end of 2026.
10. Q1 2026 guidance calls for Energy Equipment segment revenue up 3%-5% year-over-year with EBITDA of $145-$165 million, and Energy Products and Services segment revenue down 6%-8% year-over-year with EBITDA of $105-$125 million.",-0.0139318885448916,-0.0459632189904786,0.310041841004184,0.09406155179887299
ea_FUN_Q3_2025,FUN,2025Q4,2025-11-07 09:00:00,"1. Six Flags delivered Q3 adjusted EBITDA of approximately $555 million, essentially flat year-over-year, on attendance of 21.1 million guests and revenues of $1.32 billion.
2. September attendance declined approximately 5% (roughly 160,000 visits) compared to the prior year, resulting in a 5% decline in net revenues for the month and negatively impacting Q3 EBITDA by approximately $20 million.
3. Outperforming parks representing approximately 70% of property-level EBITDA delivered double-digit modified EBITDA growth with a 5% attendance increase in Q3, while underperforming parks (30% of EBITDA) saw attendance decline 5%.
4. Full year adjusted EBITDA guidance was revised downward to $780 million to $805 million, compared to original guidance of approximately $1.1 billion at the midpoint.
5. October attendance totaled 5.8 million guests over the 5-week period ending November 2, representing an 11% decline versus October 2024 but a 7% increase versus October 2023.
6. The company currently sits at approximately 3x secured leverage with no meaningful debt maturities until early 2027 and substantial cushion against the first lien leverage covenant stepping down to 5x at year-end.
7. An example outperforming park achieved 14% EBITDA growth with margin improving from 43% to 47% on flat attendance, while an example underperforming park saw margin contract from 44% to 29% despite receiving significant investments.
8. Season pass sales pricing is up 5% year-to-date, though unit sales remain soft with mixed performance by park.
9. Capital expenditure spending for calendar year 2026 is projected at approximately $400 million, reduced by about $100 million from original plans due to elongated lead times on big attractions.
10. For each 1 percentage point shift in attendance over November and December, the company estimates approximately $3 million in EBITDA impact.",0.0592713431212615,-0.0217618478819194,0.421849648458626,0.9777657266811279
ea_AIRJ_Q4_2025,AIRJ,2026Q1,2026-03-30 20:05:00,"1. AirJoule Technologies ended 2025 with approximately $22 million of cash on the balance sheet, and after a January 2026 equity offering raising approximately $22 million in net proceeds, the combined pro forma cash position across AirJoule Technologies and the JV was approximately $44 million with no debt.
2. Combined cash spend across the corporate entity and the JV in 2026 is expected to be approximately $25 million, with sufficient cash to fund operations, the JV, and planned commercial deployments through 2027.
3. Full year 2025 net operating expenses at AirJoule Technologies were $13.6 million, compared to $11.2 million in 2024, with the year-over-year increase driven primarily by a $4.2 million increase in noncash stock-based compensation expense.
4. The joint venture reported a loss of $39.3 million for full year 2025 compared to $5.3 million in 2024, primarily driven by a noncash impairment of in-process R&D related to revaluation of intellectual property contributed at JV formation.
5. The AirJoule Core product is expected to be commercially available in late Q4 2026 following completion of UL and NSF certifications, with a dehumidification-optimized Core product targeting commercialization in 2027.
6. Management is targeting long-term gross margins of approximately 30% to 35% at scale as they move into contract manufacturing.
7. The joint venture recorded nominal revenue of approximately $110,000 during Q4 2025 from the sale of AirJoule Core systems to Arizona State University, representing the company's first revenue.
8. At the joint venture level, 2026 operating expenses are budgeted at approximately $17 million to $19 million, in line with 2025 spend, while AirJoule Technologies corporate operating expenses are expected to be approximately $15 million, of which approximately $8 million is noncash stock-based compensation.
9. The company's AirJoule Prime system, its larger industrial-scale water generator, is currently being built in Newark, Delaware and will serve as a critical outdoor showcase unit for customers once operational.
10. Management stated that AirJoule's water production costs are approximately 5 to 10 times more expensive than large-scale desalination but noted AirJoule's value proposition lies in speed to market, distributed deployment, water resiliency, and superior distilled water quality at 0 TDS.",-0.1,-0.163775623097076,0.0723849372384937,0.025357607282184655
ea_MERC_Q4_2025,MERC,2026Q1,2026-02-12 21:30:00,"1. Q4 2025 operating EBITDA was negative $20 million, an $8 million improvement from Q3, while the quarter included a $23 million noncash inventory impairment.
2. Total noncash impairment charges of $216 million ($3.22 per share) were recognized in Q4, including $204 million against Peace River mill assets due to ongoing hardwood pulp market weakness.
3. The One Goal One Hundred cost reduction program realized approximately $30 million in savings in 2025, targeting $100 million in improvements by end of 2026 versus a 2024 baseline.
4. Aggregate liquidity improved by over $54 million in Q4 to $430 million, comprised of approximately $187 million cash and $243 million of undrawn revolvers.
5. The mass timber order book nearly doubled from approximately $80 million at end of Q3 to approximately $163 million currently, with 2026 mass timber revenue expected to be about $120 million, more than double 2025 levels.
6. Planned maintenance downtime in 2026 is expected to be almost 50 days less than in 2025, with no planned maintenance in the first half of 2026.
7. Cash interest expense for 2026 is expected to be around $120 million, with planned CapEx of $60 million to $80 million focused on maintenance, environmental and safety projects.
8. The Peace River mill is transitioning its production mix from 80/20 hardwood-to-softwood to an expected 50/50 split by end of 2026, as the mill generates profits on softwood but loses money on hardwood.
9. North American NBSK list price averaged $1,568 per tonne in Q4, down approximately $132 from Q3, while the softwood-hardwood price gap in China narrowed by $56 per tonne to approximately $130 per tonne.
10. European lumber imports into the U.S. face a 10% tariff compared to approximately 50% combined tariff and duty rate for Canadian imports, and the company expects further tariff uncertainty as CUSMA is renegotiated in June 2025.",-0.1,0.0451541183123052,0.714644351464435,0.025357607282184655
ea_EPC_Q4_2025,EPC,2025Q4,2025-11-13 11:00:00,"1. Q4 fiscal 2025 organic net sales grew 2.5%, with international markets growing 6.9% and North America declining 60 basis points.
2. The company announced plans to divest its Feminine Care business, with the transaction expected to close in the first quarter of calendar 2026.
3. Fiscal 2026 outlook includes a net tariff headwind of approximately $25 million after mitigation efforts, representing nearly $0.55 in pretax earnings per share impact.
4. Fiscal 2026 adjusted EPS guidance is in the range of $2.15 to $2.55, with approximately three-quarters of full year adjusted EPS expected in the second half.
5. Fiscal 2026 organic net sales growth is expected in the range of down 1% to up 2%, excluding 150 basis points of currency tailwinds.
6. The company delivered 270 basis points of gross productivity savings in fiscal 2025 and expects approximately 310 basis points in fiscal 2026, inclusive of tariff mitigation.
7. International markets, representing approximately 40% of global sales, are expected to deliver mid-single-digit growth in fiscal 2026 after four consecutive years of strong growth.
8. The Billie brand achieved 90 basis points of share growth in Q4 and now holds a 15% share at Walmart and 13% share at Target.
9. Fiscal 2026 free cash flow is expected to be in the range of $115 million to $145 million, including expected improvements in working capital.
10. Q4 fiscal 2025 adjusted gross margin decreased 330 basis points year-over-year, with Q1 fiscal 2026 expected to decline 270 basis points before improving in the second half.",-0.0068746694870438,-0.009782963066975,0.497566252028123,0.11984815618221258
ea_PRKS_Q4_2025,PRKS,2026Q1,2026-02-26 11:30:00,"1. Fiscal 2025 total revenue was $1.66 billion, a decrease of $62.7 million or 3.6% compared to fiscal 2024.
2. Fiscal 2025 total attendance was 21.2 million guests, a decrease of approximately 378,000 guests or 1.8% year-over-year.
3. Fiscal 2025 adjusted EBITDA was $605.1 million and net income was $168.4 million.
4. In 2025 and through February 24, 2026, the company repurchased 6.7 million shares representing approximately 12% of shares outstanding.
5. The company's net total leverage ratio was 3.4x as of December 31, 2025, with approximately $789 million of total available liquidity and approximately $100 million of cash on hand.
6. Discovery Cove advanced booking revenue for 2026 is up high single digits and company-wide group booking revenue is pacing up over 50%.
7. The company has identified $50 million of gross cost reduction initiatives across labor, OpEx, SG&A, and cost of goods sold.
8. The pass base including all pass products was down approximately 4% as of December 2025 compared to December 2024, and deferred revenue decreased 4.7% year-over-year normalized for noncash write-off of bad debt expense.
9. The company estimates the replacement cost of its parks to be over $10 billion, or approximately 2.5 times its current enterprise value, and has received multiple sale-leaseback proposals it is currently evaluating.
10. For 2026, the company expects to spend approximately $175 million on core CapEx and approximately $50 million on growth/ROI projects, with sponsorship revenue viewed as a $30 million-plus opportunity in coming years and a current 2026 pipeline of $15 million and growing.",-0.0056262955285756,0.0699550194878128,0.798326359832636,0.14260944950151713
ea_SYNA_Q2_2026,SYNA,2026Q1,2026-02-05 21:05:00,"1. Total company revenue for fiscal Q2 2026 was $302.5 million, up 13% year-over-year, marking the fifth consecutive quarter of double-digit year-over-year growth.
2. Core IoT product revenues increased 53% year-over-year, driven primarily by continued strength in wireless connectivity products.
3. Non-GAAP earnings per share increased 32% year-over-year to $1.21 per share, coming in above the midpoint of guidance.
4. Non-GAAP operating margin was 19.2%, up approximately 160 basis points sequentially and 190 basis points year-over-year.
5. Q3 FY2026 revenue guidance is approximately $290 million at the midpoint (plus or minus $10 million), with non-GAAP EPS expected at $1.00 (plus or minus $0.15).
6. The company repurchased $36.4 million of shares in Q2 and a total of $43.6 million through fiscal Q2, ending with approximately $437.4 million in cash and cash equivalents.
7. Astra products are expected to begin meaningful revenue contribution in calendar 2027 and are described as very accretive to gross margin.
8. Synaptics is actively sampling silicon for pilot builds of humanoid robots with an industry-leading customer that has committed to delivering pilots this year and going into production in 2027.
9. The company has over 500 engineers working on Wi-Fi 8, which it plans to sample to customers by the end of calendar year 2026.
10. Inventory increased by $15 million to $158 million (101 days vs. 94 days prior quarter), reflecting a strategic decision to purchase inventory slightly ahead of demand.",0.0043523078685144,0.0008465530714381,0.522175732217573,0.775899436497616
ea_AME_Q4_2025,AME,2026Q1,2026-02-03 11:55:00,"1. Q4 2025 diluted EPS was a record $2.01, exceeding guidance of $1.90-$1.95 and up 7% year-over-year (or 11% adjusted for prior year's abnormally low tax rate).
2. Q4 2025 sales reached a record $2 billion, up 13% year-over-year with organic sales up 5% and acquisitions contributing 7 percentage points.
3. Q4 2025 orders increased 18% to a record $2 billion with organic orders up 7%, resulting in a record backlog of $3.58 billion.
4. Core operating margins expanded 100 basis points to 27.6% in Q4, with core incremental margins of 45%.
5. Free cash flow reached a record $527 million in Q4 (132% conversion of net income) and $1.7 billion for full year 2025 (113% conversion).
6. For 2026, management expects overall sales up mid- to high-single digits, organic sales up low- to mid-single digits, and diluted EPS of $7.87-$8.07 (up 6-9% year-over-year).
7. EMG delivered Q4 organic sales growth of 14%, with every division growing double digits organically and operating margins expanding 240 basis points to 22.7%.
8. AMETEK has over $5 billion in capital deployment capacity while maintaining an investment-grade credit rating, with gross debt-to-EBITDA at 1.0x and net debt-to-EBITDA at 0.8x.
9. Healthcare exposure now represents approximately 21% of the business, with Paragon and Rauland up low double digits in Q4 and high single digits for full year 2025.
10. China sales grew low double digits in Q4, driven by Process, Power, and Automation businesses, marking a notable turnaround in that region.",0.0003073950465483,0.0129489099113305,0.580334728033473,0.40528825314260947
ea_AQST_Q3_2025,AQST,2025Q4,2025-11-05 21:01:00,"1. Cash and cash equivalents were $129.1 million as of September 30, 2025.
2. The FDA's scheduled action date for Anaphylm is January 31, 2026, and the FDA confirmed they are aiming for an on-time review with no Advisory Committee meeting required.
3. The company completed an $85 million equity raise and a $75 million commercial launch financing with RTW Investments in Q3, with the launch financing contingent on FDA approval of Anaphylm.
4. Total revenues were $12.8 million in Q3 2025, a 4% year-over-year increase excluding onetime deferred revenue recognition in the prior year.
5. The company's net loss for Q3 2025 was $15.4 million, or $0.14 per share, compared to a net loss of $11.5 million, or $0.13 per share, in Q3 2024.
6. Full year 2025 guidance remains unchanged with expected total revenue of $44 million to $50 million and non-GAAP adjusted EBITDA loss of $47 million to $51 million.
7. The epinephrine market grew 8.8% in Q3 2025 and 7.5% year-to-date, with 95% of prescriptions remaining auto-injectors.
8. The company plans to launch Anaphylm in Q1 2026 with a sales force of 50 to 60 reps and managers targeting approximately 5,000 allergists.
9. The company expects to file its Anaphylm application in Canada in the first half of 2026, with no further studies required following a positive Health Canada interaction.
10. For AQST-108 (alopecia areata), the company will submit an IND shortly and expects to begin a safety study in men starting in January 2026.",-0.0033333333333333,0.0330425821427143,0.707409410492158,0.15889370932754882
ea_PRVA_Q3_2025,PRVA,2025Q4,2025-11-06 11:00:00,"1. Adjusted EBITDA increased 61.6% year-over-year in Q3 2025 to $38.2 million, with EBITDA margin as a percentage of care margin expanding 720 basis points to reach 30.5%.
2. Privia agreed to acquire Evolent Health's ACO business for $100 million in cash plus an earn-out of up to $13 million, adding over 120,000 value-based care attributed lives across existing and new states.
3. Practice collections increased 27.1% year-over-year in Q3 2025 to reach $940.4 million.
4. Across Privia's 9 ACOs in MSSP for 2024, the company managed over $2.5 billion in medical spend with an aggregate savings rate of 9.4%, up from 8.2% in 2023.
5. Total shared savings in MSSP of $234.1 million increased 32.6% year-over-year, with Privia's gross shared savings (after CMS' share) reaching $160.1 million, a 36% increase over 2023.
6. Pro forma cash at the end of Q3 2025 was $409.9 million with no debt, assuming deployment of $100 million for the ACO acquisition and net cash received from CMS for 2024 MSSP performance.
7. Total value-based attributed lives increased close to 13% year-over-year to over 1.4 million patients, with the Evolent acquisition expected to expand total attributed lives to more than 1.5 million.
8. For the first 9 months of 2025, adjusted EBITDA grew 43.5% to reach $94.1 million, and year-to-date pro forma free cash flow (excluding business development transactions) was $104.4 million.
9. Updated 2025 guidance projects adjusted EBITDA growth of 32% at the midpoint, with more than 80% of full year adjusted EBITDA expected to convert to free cash flow.
10. The Mid-Atlantic ACO, caring for about 60,000 patients, delivered an 11% savings rate, which for the fifth consecutive year was the highest savings rate of all ACOs with greater than 40,000 attributed lives.",0.005595523581135,-0.03019083112667,0.381287182260681,0.7906724511930586
ea_ONIT_Q3_2025,ONIT,2025Q4,2025-11-06 11:45:00,"1. Onity delivered adjusted pretax income of $31 million and an annualized adjusted return on equity of 25% in Q3 2025.
2. GAAP net income and earnings per share were $2.03, which includes a $4 million ($0.48 per share) tax provision expense related to tax planning strategies.
3. Book value increased to $62 per share, up 5% versus the prior year.
4. Originations volume grew 39% year-over-year and 26% versus the prior quarter, exceeding industry growth and many public peers.
5. Q3 funded volume was the highest recorded, achieved with a market size that is only 41% of the 2021 market peak.
6. Consumer Direct funded volume was 1.8x the prior year level, and refinance recapture rate for loans originated by the consumer direct channel reached 85%.
7. The company signed 9 new subservicing clients year-to-date with 6 new agreements under negotiation, expecting subservicing additions in the second half of $32 billion (over 2.5x the first half level).
8. Rithm subservicing, which has received notice of nonrenewal and will transfer starting Q1 2026, accounted for less than 5% of total adjusted revenues in Q3 and lost money in the last two quarters.
9. Ending total servicing in Q3 was up $17 billion or 6% year-over-year, with small balance commercial subservicing UPB up 32% year-over-year.
10. The company revised its full year 2025 UPB growth guidance to 5%-10% from the prior guidance of 10%+ but now expects to exceed its adjusted ROE guidance of 16%-18%.",0.001765447667087,-0.0173756608165122,0.458626284478096,0.5802603036876356
ea_RKT_Q3_2025,RKT,2025Q4,2025-10-30 20:05:00,"1. Q3 adjusted revenue was $1.783 billion, exceeding the high end of guidance, with adjusted EBITDA of $349 million representing a 20% margin, up from 13% in the prior quarter.
2. Net rate lock volume totaled $36 billion in Q3, up 26% quarter-over-quarter and 20% year-over-year, marking the strongest purchase and refinance quarter in over 3 years.
3. Q4 2025 adjusted revenue guidance is $2.1 billion to $2.3 billion, with Rocket stand-alone revenue expected to be up roughly 7% year-over-year at the midpoint.
4. The combined servicing portfolio of nearly 10 million clients generates $5 billion in stable recurring annual cash flow.
5. Redfin mortgage attach rate has climbed from 27% to nearly 40%, ahead of plan after just 4 months, with a target of 50%.
6. Over 500,000 Redfin users started mortgage applications in September, more than double the number in July.
7. The purchase agreement review AI agent cuts processing time by 80% and saves more than 150,000 team member hours annually.
8. Production team members can now handle 63% more loans than they could 2 years ago due to AI-powered tools.
9. Pro forma available cash was approximately $4 billion and total liquidity stood at approximately $11 billion as of October 1, inclusive of Mr. Cooper.
10. The company expects $140 million of Redfin annual expense synergies to be fully realized in Q4, and has line of sight to $400 million in Mr. Cooper expense synergies.",0.0025094102885821,0.0411583698688089,0.736073553272039,0.6437093275488069
ea_INVE_Q4_2025,INVE,2026Q1,2026-03-12 20:05:00,"1. Q4 2025 revenue was $6.2 million, exceeding guidance, compared to $6.7 million in Q4 2024.
2. Q4 2025 non-GAAP gross margin improved to 25.6% from negative 5.2% in Q4 2024, driven by the elimination of Singapore operations costs and improved Thailand facility utilization.
3. Identiv signed a multiyear exclusive supply agreement with IFCO to manufacture BLE smart labels for deployment across IFCO's global network of more than 400 million reusable packaging containers.
4. The company exited Q4 2025 with $128.9 million in cash, cash equivalents and restricted cash, a sequential increase of $2.3 million over Q3 2025.
5. Q1 2026 revenue guidance is $6.7 million to $7.2 million, representing an anticipated increase of 26% to 35% over the $5.3 million reported in Q1 2025.
6. The company expects to use $14 million to $16 million in cash in 2026 (excluding strategic review costs), including $3.5 million of capital expenditures primarily related to IFCO production.
7. Full-year 2025 GAAP net loss from continuing operations was $18 million ($0.79 per share), compared to a $25.9 million loss ($1.14 per share) in fiscal year 2024.
8. The IFCO BLE smart label ASP is expected to be above Identiv's average product price of approximately $0.15 but below $1.00, with gross margins below the company's 30% target.
9. Identiv is scaling manufacturing capacity to support more than 100 million BLE smart label units per year for IFCO, with significant production ramp-up expected in Q4 2026.
10. The new sales pipeline grew to 101 opportunities by year-end 2025, up 35% from the start of the year, with 29 converted into $1.2 million in revenue and a 2026 target of 125 opportunities and at least 35 conversions.",-0.0030211480362537,0.0719239052484247,0.802092050209205,0.17815344603381014
ea_ACXP_Q3_2025,ACXP,2025Q4,2025-11-12 12:01:00,"1. The company ended Q3 2025 with cash totaling $5.9 million compared to $3.7 million as of December 31, 2024.
2. In October, the company received gross proceeds of approximately $1.4 million from the exercise of 170,000 Series F warrants by one institutional investor.
3. During Q3 2025, the company raised approximately $1.7 million of gross proceeds through purchases under the equity line of credit.
4. Research and development expenses for Q3 2025 were $0.4 million compared to $1.2 million for Q3 2024, a decrease of $0.8 million primarily due to reduced manufacturing and consulting costs.
5. The company reported a net loss of $2 million or $1.23 per diluted share for Q3 2025, compared to a net loss of $2.8 million or $3.45 per diluted share for Q3 2024.
6. For the nine months ended September 30, 2025, the company reported a net loss of $6.4 million compared to $11.3 million for the same period in 2024.
7. The company had 1,800,299 shares outstanding as of September 30, 2025, following a 1-for-20 reverse stock split effected on August 4, 2025.
8. Stockholders approved increasing total authorized shares of common stock from 200 million to 250 million in September 2025.
9. The company has approximately $9 million remaining on its equity line of credit in addition to its current cash position.
10. CEO David Luci stated he would be surprised if there has not been some major news for the company by the next earnings call regarding partnership discussions.",0.0555555555555555,-0.107884301152133,0.129799891833423,0.9772234273318872
ea_GEMI_Q4_2025,GEMI,2026Q1,2026-03-19 20:05:00,"1. Q4 2025 net revenue was $56.4 million, up 13% from $49.8 million in Q3, despite Bitcoin falling nearly 47% from its October high.
2. Full year 2025 credit card revenue reached $33.1 million, up 185% year-over-year, with card sign-ups growing nearly 15x.
3. The company reduced its workforce by approximately 30% since the start of 2026, bringing total headcount from 650 at year-end to approximately 445 as of March 1.
4. Gemini exited the U.K., EU, and Australian markets to focus on the U.S., with $11 million in pretax restructuring charges expected to land almost entirely in Q1 2026.
5. Full year 2025 net loss was $582.8 million on a GAAP basis, with adjusted EBITDA loss of $258 million, including $178.5 million of noncash fair value losses and $85 million of IPO-related stock-based compensation.
6. The company ended 2025 with approximately $252 million in cash and cash equivalents after repaying a $117 million Galaxy loan in Q4.
7. Services revenue for Q4 was $26.5 million, up 33% sequentially, and now represents over one-third of total revenue, with full year services and interest revenue of $76 million exceeding the $60-$70 million guidance range.
8. Compensation excluding stock-based comp and restructuring charges is expected to decline 15%-20% relative to 2025, while stock-based compensation is expected to total $100-$115 million in 2026.
9. Through February 2026, trading volume was approximately $5.3 billion (down from Q4 levels), card payment volume exceeded $330 million with over 150,000 open accounts, and approximately 15,000 users traded on Gemini Predictions since its December launch.
10. AI is now used in more than 40% of Gemini's production code changes, up from only 8% during the IPO roadshow last summer, and the company expects that figure to approach 100% in the near future.",-0.0366056572379368,0.0090155174021665,0.564016736401674,0.054182921543129606
ea_DAVE_Q3_2025,DAVE,2025Q4,2025-11-04 12:00:58,"1. Revenue grew 63% year-over-year to $150.8 million in Q3 2025, marking the second consecutive quarter of more than 60% revenue growth.
2. Adjusted EBITDA reached $58.7 million, growing 137% year-over-year with nearly 40% EBITDA margins.
3. Monthly transacting members accelerated 17% year-over-year to 2.77 million, while ARPU expanded by nearly 40%.
4. ExtraCash originations grew 49% year-over-year, surpassing $2 billion for the first time, with average origination size reaching $213 in September.
5. The company raised 2025 revenue guidance to $544-$547 million and adjusted EBITDA guidance to $215-$218 million.
6. Customer acquisition cost per new member remained stable at $19, while gross profit payback period improved to under 4 months, nearly a month better year-over-year.
7. The 28-day delinquency rate improved 7 basis points sequentially to 2.33% in Q3, with September showing 2.19% following the CashAI v5.5 rollout.
8. GAAP net income increased to $92 million, up $91.5 million year-over-year, including a $33.6 million income tax benefit from the release of a valuation allowance on deferred tax assets.
9. Approximately 60% of Dave members are currently engaging in some form of buy now, pay later transactions with other providers, representing a market opportunity where Dave currently has 0% share.
10. The company expects to transition ExtraCash receivables to an off-balance sheet structure with Coastal Community Bank in early 2026, which will meaningfully reduce direct funding obligations and allow full retirement of the existing warehouse debt facility by mid-2026.",0.0090375244679521,-0.0109405806634834,0.492157923201731,0.8584598698481561
ea_ETR_Q4_2025,ETR,2026Q1,2026-02-12 11:30:00,"1. Entergy reported 2025 adjusted earnings per share of $3.91, in the top half of its guidance range, and continues to expect greater than 8% adjusted EPS annual growth through 2029.
2. Retail sales grew approximately 4% in 2025 (excluding weather), with industrial sales increasing about 7%, and the company expects an 8% retail sales CAGR through 2029 driven by 15% industrial growth.
3. Entergy signed electric service agreements totaling approximately 3.5 gigawatts in 2025 and maintains a pipeline of 7 to 12 gigawatts for data centers and 3 to 5 gigawatts for other industries.
4. The company's 4-year capital plan is now $43 billion, up $2 billion from the preliminary plan presented at EEI, with 2026 capital spending planned at $11.6 billion, approximately $3.6 billion higher than 2025.
5. Equity needs associated with the 4-year plan are $4.4 billion, with about 45% already contracted, meaning the company would not need to transact again until well into 2027.
6. Entergy estimates data center contracts currently in place will generate approximately $5 billion in rate offsets from fixed cost contributions during the life of the contracts, equating to more than $5 per residential customer per month on average.
7. Entergy Louisiana filed a request to acquire the Cottonwood facility for an upfront purchase price of $1.5 billion plus $300 million of investment for maintenance and improvements, with a decision requested by year-end 2025 (for early 2026 acquisition).
8. The company has nearly 9 gigawatts of new capacity (gas, solar, and battery storage) approved and under construction toward a planned 13 gigawatts over the next 4 years.
9. Winter Storm Fern restoration costs are preliminarily estimated at up to $300 million for Louisiana, up to $200 million for Mississippi, and approximately $60 million for Arkansas, with the majority being capital costs expected to be recovered through normal mechanisms.
10. Moody's cash flow from operations free working capital to debt is estimated at greater than 17% and S&P's FFO to debt at approximately 16% for 2025, both well above rating agency thresholds, with credit metrics expected to remain above thresholds throughout the outlook period.",-9.98003992015969e-05,0.0335545618868567,0.667364016736402,0.2977893368010403
ea_HLT_Q4_2025,HLT,2026Q1,2026-02-11 11:00:00,"1. Full year 2025 adjusted EBITDA reached a record $3.7 billion, up 9% year-over-year.
2. Hilton returned $3.3 billion to shareholders in 2025, the highest total capital return in the company's history, and expects to return approximately $3.5 billion in 2026.
3. Full year 2025 system-wide RevPAR growth was 40 basis points year-over-year, while full year 2026 guidance calls for system-wide RevPAR growth of 1% to 2%.
4. Full year 2025 net unit growth was 6.7% with nearly 100,000 new rooms added, representing Hilton's biggest year of organic openings, and the pipeline surpassed 520,000 rooms, a new record.
5. For full year 2026, Hilton expects adjusted EBITDA of $4.0 billion to $4.04 billion and diluted EPS adjusted for special items of $8.65 to $8.77.
6. New development construction starts in the U.S. were up over 25% in 2025, and globally for 2026, new construction starts are expected to be up over 20%, bringing levels back close to 2019.
7. Fourth quarter U.S. RevPAR decreased 1.6% due to the prolonged government shutdown, while Middle East and Africa RevPAR surged 15.9% and APAC ex-China RevPAR grew 9.2%.
8. Conversions accounted for roughly 40% of room openings in 2025, and management expects conversions to stabilize in the 30% to 40% range going forward, up from the historical mid- to upper-20s average.
9. Management and franchise fees grew 7.4% year-over-year in Q4 2025, with fourth quarter adjusted EBITDA of $946 million exceeding the high end of guidance.
10. Group RevPAR pace is up mid-single digits system-wide for 2026, and management expects group to be the strongest-performing demand segment for the year, followed by leisure and then business transient.",0.0002162496138399,0.0053831475697994,0.547698744769874,0.3827481577806675
ea_FISV_Q4_2025,FISV,2026Q1,2026-02-10 12:00:00,"1. Full year 2025 adjusted revenue was $19.8 billion, up 4%, with adjusted operating margin of 37.4%, a decrease of 200 basis points year-over-year.
2. Full year 2025 adjusted EPS was $8.64, above the guidance range of $8.50 to $8.60, while 2026 adjusted EPS guidance is $8.00 to $8.30.
3. Clover revenue finished the year at $3.3 billion, up 23%, with Q4 value-added services contributing 27% of Clover revenue, up 5 points year-over-year.
4. Clover Capital grew 30% in 2025 in North America with only mid-single-digit penetration of the eligible client base today.
5. The Commerce Hub platform processed over $200 billion in 2025, a greater than 200% increase year-over-year.
6. The Finxact platform surpassed 30 million total accounts and positions, representing over 80% growth in 2025.
7. Full year 2025 free cash flow was $4.44 billion, ahead of the $4.25 billion guidance, representing approximately 93% conversion of adjusted net income.
8. For 2026, the company expects organic revenue growth of 1% to 3%, with Merchant Solutions growing mid-single digits and Financial Solutions flat to slightly down.
9. The company expects 2026 adjusted operating margin of approximately 34%, with Q1 representing the low point just below 30% and Q4 representing the high point in the 35%-36% range.
10. Clover volume growth was below expectations in Q4 due to November softness in the U.S. restaurant and retail sectors, but reaccelerated to approximately 11% (ex gateway conversion) in December and January combined.",0.0014965081476554,0.0431898300028551,0.705020920502092,0.5860424794104898
ea_SRTA_Q4_2025,SRTA,2026Q1,2026-03-03 12:00:00,"1. Q4 2025 organic growth was 35.3%, well ahead of expectations, leading full year revenue of $197.1 million and adjusted EBITDA of $14.1 million to beat the high end of guidance.
2. The company raised its 2026 revenue guidance to $260 million–$275 million (from $255 million–$270 million) and adjusted EBITDA guidance to $29 million–$33 million (from $28 million–$32 million).
3. More than 40% of sequential logistics revenue growth in Q4 versus Q3 was generated from Keystone's legacy customers, demonstrating the value of the integrated one-call offering.
4. The company expects continued M&A execution to accelerate annualized adjusted EBITDA growth to at least 30%, up from the organic-only high-teens mid-term adjusted EBITDA growth discussed at Investor Day.
5. A $30 million asset-based credit facility with JPMorgan (upsizable to $50 million) was closed in February, remaining undrawn, with aircraft remaining unencumbered for additional future financing.
6. The company expects up to $45 million in Joby earn-out payments related to the Blade divestiture, with up to $17.5 million potentially due at the end of August based on Blade's post-close financial performance.
7. Q4 2025 adjusted EBITDA was $7.0 million (10.4% margin), up from $1.1 million in the year-ago period and $4.2 million in Q3 2025.
8. Operating cash flow was negative $8.3 million in Q4 2025, with the $15.3 million gap versus adjusted EBITDA driven by $9.6 million in nonrecurring items and $5.7 million of working capital build expected to normalize.
9. The company ended Q4 2025 with no debt and approximately $61 million in cash and short-term investments, and reiterated 2026 free cash flow guidance of $15 million–$22 million before aircraft and engine purchases.
10. Tier 3 OPOs, which could be absorbed under proposed regulations, represent less than 5% of revenue, while Tier 1 OPO customers generate 2.4 times the revenue of Tier 3 OPOs, positioning Strata favorably for regulatory changes.",-0.0044543429844097,0.0790387776879342,0.821757322175732,0.15864759427828348
ea_FSTR_Q3_2025,FSTR,2025Q4,2025-11-03 12:30:00,"1. Cash provided by operating activities totaled $29.2 million in Q3 2025, favorable by $4.4 million versus last year.
2. Net debt declined to $55.3 million at quarter end, with gross leverage improving to 1.6x compared to 1.9x last year.
3. Backlog at quarter end stood at $247.4 million, up $38.4 million or 18.4% over last year.
4. Q4 2025 sales growth is expected to be approximately 25%, with Q4 adjusted EBITDA expected to increase 115% at the midpoint of guidance.
5. Total track monitoring sales increased 135.1% year-over-year in Q3 2025.
6. The company repurchased approximately 184,000 shares in Q3, representing about 1.7% of outstanding shares, with $32 million remaining on the authorization through February 2028.
7. Rail segment backlog increased 58.2% year-over-year, with Rail Products up 59.9% and TS&S up 77.7%.
8. SG&A costs decreased $2.2 million compared to last year, with SG&A percentage of sales improving 170 basis points to 16%.
9. Pipeline coatings business recovered with sales up 77% over last year in Q3.
10. The trailing 12-month book-to-bill ratio was 1.08:1, with the Rail segment ratio improving to 1.18:1 compared to 1.06:1 at the end of Q2.",-0.0076642335766423,-0.0179212291638285,0.452677122769064,0.11442516268980477
ea_DRIO_Q3_2025,DRIO,2025Q4,2025-11-13 11:30:00,"1. Q3 2025 revenue was $5.0 million, down from $7.4 million in Q3 2024 and $5.4 million in Q2 2025.
2. GAAP gross margin expanded to 60% in Q3 2025, up from 55% in Q2 2025 and 52% in Q3 2024.
3. The company achieved its seventh consecutive quarter of 80%-plus non-GAAP gross margins on its core B2B2C business.
4. Operating expenses declined by $17.2 million or 31% in the first nine months of 2025 compared to the prior year period.
5. The company is targeting $12.4 million in new business for implementation in 2026, with no single opportunity contributing more than $1 million.
6. 45 new accounts have been signed year-to-date in 2025, surpassing the company's goal of 40 new accounts for the year.
7. Cash and equivalents stood at $31.9 million as of September 30, 2025, following completion of an oversubscribed $17.5 million private placement.
8. The 2026 pipeline has grown to $69 million, with more than 50% of new clients choosing the multi-condition solution.
9. Client retention rate stands at 90%, with an internal benchmark to retain roughly 85% of clients year-over-year.
10. The company expects to reach run rate cash flow breakeven by late 2026 to early 2027 and anticipates an additional 10% to 15% improvement in operating expenses over the next 12 to 15 months.",0.0953191489361702,-0.138028965969863,0.0886965927528394,0.9869848156182213
ea_AAON_Q4_2025,AAON,2026Q1,2026-03-02 12:00:00,"1. BASX branded sales increased 143% to $548 million in 2025, while BASX backlog grew 141% to $1.3 billion with a book-to-bill ratio of 2.4 for the year.
2. Total Q4 2025 net sales increased 42.5% year-over-year to $424.2 million, with BASX branded sales growing 138.8% and AAON branded sales increasing 9.5%.
3. AAON branded bookings grew approximately 12% in 2025 despite a 16% decline in overall industry volumes, with national accounts increasing 86%.
4. The company's 2026 guidance calls for sales growth of 18% to 20%, gross margin of 29% to 31%, SG&A of approximately 16% of sales, and depreciation and amortization of $95 million to $100 million.
5. Cash flow from operations was only $0.5 million in 2025 compared to $192.5 million in 2024, driven by approximately $225 million in working capital investment to support expanding backlog.
6. Debt at year-end stood at $398.3 million with a leverage ratio of 1.77, and management expects debt to remain elevated for most of 2026 before potentially declining in the back half.
7. The Memphis facility achieved profitability for the first time in Q4 2025, contributing approximately $25 million to $30 million in BASX segment revenue during the quarter.
8. The manufacturing footprint has expanded by more than 25% over the past 18 months, and management believes existing capacity can support more than the previously stated $1.5 billion in revenue.
9. AAON branded Q4 sales included a 42% increase in Alpha class heat pump sales, representing the strongest quarterly growth since Q2 2024.
10. ERP rollouts were delayed, with Redmond now scheduled for the back half of 2026 and Tulsa expected in 2027, to prioritize production throughput and lead time reduction rather than due to system issues.",-0.000691699604743,0.0338482735905445,0.669037656903766,0.2553099263112267
ea_TTD_Q4_2025,TTD,2026Q1,2026-02-25 21:01:00,"1. Full year 2025 revenue reached $2.9 billion, representing 18% year-over-year growth, with Q4 revenue of $847 million growing 14% year-over-year (approximately 19% excluding political spend).
2. CPG and auto verticals together represent over one-quarter of The Trade Desk's business, and excluding their weakness, the company's growth rate would have been at least 5 percentage points higher.
3. Q4 adjusted EBITDA was approximately $400 million, or about 47% of revenue, and the company expects full year 2026 adjusted EBITDA margin to be approximately in line with 2025.
4. Q1 2026 revenue guidance is at least $678 million, representing 10% year-over-year growth, with estimated adjusted EBITDA of approximately $195 million, reflecting continued softness in CPG and auto.
5. Video (including CTV) represented about 50% of the business in Q4, with CTV growing faster than the overall business throughout 2025; audio represented around 6% and was the fastest-growing channel in Q4.
6. The company repurchased $423 million of Class A common stock in Q4 and announced a new total authorization of $500 million, inclusive of the remaining amount from the existing program.
7. The balance sheet held approximately $1.3 billion in cash, cash equivalents, and short-term investments at quarter end with no debt.
8. Spend on the platform was approximately $13.4 billion for full year 2025, and Joint Business Plans (JBPs) accounted for well over half of the business exiting 2025, with the JBP pipeline more than doubling over the past year.
9. International revenue represented approximately 16% of Q4 revenue and continued to outpace North America growth, with strong momentum in EMEA and APAC.
10. Headcount growth remained below revenue growth for the third consecutive year, and the company expects this discipline to continue in 2026, with incremental investments focused on owned data center transition and AI/machine learning capabilities.",0.0035771065182829,-0.0441721326255435,0.318410041841004,0.7481577806675336
ea_CDLX_Q3_2025,CDLX,2025Q4,2025-11-05 21:05:00,"1. Q3 total billings were $89.2 million, a 20.3% decrease year-over-year, driven by content restrictions from the company's largest FI partner.
2. The company reduced its workforce by 30% in October, expecting these reductions along with cuts to third-party spend, real estate, and operations to deliver $26 million in annualized cash savings.
3. Total cost reductions in 2025 amount to $50 million, including $16 million in May, $8 million in January, and $26 million from the October actions.
4. Q3 adjusted EBITDA was positive $3.2 million, an increase of $5.0 million compared to the prior year.
5. Approximately one-third of total billings were set to be blocked due to the largest FI partner's decision to restrict advertiser content.
6. U.K. revenue grew 22% year-over-year, driven by higher billings and increased supply.
7. Q4 billings guidance of $86 million to $96 million represents a 26% to 17% decrease year-over-year due to further content restrictions from the largest FI partner.
8. Adjusted contribution margin reached 57.7% of revenue in Q3, up 3.5 percentage points year-over-year and the highest the company has experienced to date.
9. The company ended Q3 with $44 million in cash after fully paying off the $46 million remaining on its 2020 convertible notes.
10. October billings with the newest large FI partner are approximately 50% higher than in Q3, with nearly 3x as many advertisers on that partner's channels compared to Q1.",0.0909090909090909,-0.272714993614861,0.0167658193618172,0.9864425162689805
ea_ALGM_Q3_2026,ALGM,2026Q1,2026-01-29 12:00:00,"1. Q3 FY2026 net sales were $229 million, above the high end of guidance, representing a 29% year-over-year increase.
2. Data center sales reached a record 10% of total sales in Q3, up 31% sequentially.
3. E-Mobility sales increased 46% year-over-year within the automotive segment.
4. Non-GAAP EPS of $0.15 increased 114% year-over-year on sales growth of 29%, demonstrating significant operating leverage.
5. Q4 FY2026 guidance projects sales of $230 million to $240 million, with the midpoint representing 22% year-over-year growth.
6. Gross margin improved to 49.9% in Q3, with Q4 guidance of 49%-51% representing a 440 basis point improvement versus Q4 FY2025.
7. Automotive sales remain approximately 20% below peak levels despite sequential growth.
8. Distributor inventories have declined nearly 50% over the last five quarters, with sell-in and POS now approximately equal.
9. The company identified a content opportunity of up to 150 Allegro sensor ICs and 50 power ICs in advanced humanoid robots.
10. Data center dollar content opportunity per rack is approximately $150 today, expected to grow to $425 in the future, even accounting for increased liquid cooling architectures.",0.0008683068017366,0.101579080929764,0.863179916317992,0.5162548764629389
ea_AIRG_Q3_2025,AIRG,2025Q4,2025-11-12 21:30:00,"1. Q3 2025 revenue was $14 million, at the midpoint of guidance, up 3% sequentially from Q2.
2. Q3 non-GAAP gross margin was 44.4%, up 160 basis points year-over-year.
3. Q3 adjusted EBITDA improved to a gain of $0.3 million compared to a loss of $0.4 million in Q2.
4. Q4 2025 revenue guidance is $12 million to $14 million (midpoint $13 million), representing a sequential decline of approximately 7%.
5. A new Wi-Fi 7 design win with a Tier 1 U.S. carrier for its next-gen fiber broadband gateway is targeted for commercial launch in H2 2026 with projected shipments exceeding 5 million units within 5 years.
6. Year-to-date sales to cable operators grew by over 50%, fueled by the Wi-Fi 7 technology refresh.
7. Embedded modem sales now represent more than half of enterprise market revenue and are expected to deliver double-digit revenue growth for the second consecutive year.
8. The company ended Q3 with $7.1 million in cash and equivalents, down $0.6 million sequentially.
9. AirgainConnect sales pipeline has approximately 80 opportunities, with 2/3 in pretrial phases and about 2/3 focused on the first responder market.
10. Year-to-date non-GAAP engineering, sales and marketing expenses for core product lines decreased by approximately 30%, while investment in growth platforms increased by about 30%.",0.0104712041884816,-0.178619363652831,0.0519199567333694,0.8774403470715835
ea_MCK_Q3_2026,MCK,2026Q1,2026-02-04 21:10:00,"1. McKesson raised full-year EPS guidance to $38.80-$39.20, representing 17% to 19% year-over-year growth.
2. Consolidated revenues increased 11% to $106.2 billion in Q3, a record quarterly revenue.
3. Third quarter adjusted EPS increased 16% to $9.34, driven by strong operational performance.
4. GLP-1 distribution revenues were $14 billion in Q3, up $3 billion or 26% year-over-year.
5. Oncology and multispecialty segment operating profit increased 57% to $366 million, with organic operating profit growth of 15% excluding acquisitions.
6. Operating expenses as a percentage of gross profit improved by 138 basis points year-over-year.
7. Trailing 12-month free cash flow reached $9.6 billion, with the company returning $781 million to shareholders in Q3 including $680 million in share repurchases.
8. Return on invested capital has increased by more than 1,900 basis points since fiscal 2020 and now exceeds 30%.
9. Medical-Surgical Solutions operating profit decreased 10% to $265 million due to lower volumes in physician office settings and lower seasonal illness incidence.
10. The company added over 50 new programs across 43 unique brands to its biopharma services platform during the quarter.",6.08272506082734e-05,0.178067123073354,0.943933054393305,0.35240572171651496
ea_ALV_Q4_2025,ALV,2026Q1,2026-01-30 11:00:00,"1. Autoliv achieved record Q4 sales of over $2.8 billion, an 8% year-over-year increase, and full-year 2025 sales of $10.8 billion.
2. Sales to Chinese OEMs surged nearly 40% in Q4 2025, and these OEMs now account for more than 44% of Autoliv's China sales, double their share from three years ago.
3. Free operating cash flow for 2025 was $734 million, an increase of over $230 million compared to 2024, with cash conversion reaching 100% versus the 80% target.
4. Adjusted earnings per share rose 18% to a record $9.85 for full-year 2025, with average EPS growth of close to 18% per year since 2021.
5. Autoliv returned approximately $590 million to shareholders in 2025 through dividends and share buybacks, and has reduced outstanding shares by almost 15% since initiating the 2022 repurchase program.
6. The debt leverage ratio improved from 1.3x to 1.1x during Q4 2025, with net debt decreasing by over $200 million.
7. For 2026, Autoliv expects flat organic sales, adjusted operating margin of 10.5% to 11%, and operating cash flow of approximately $1.2 billion.
8. Raw material costs are expected to be a $30 million gross headwind in 2026, with approximately two-thirds of that impact coming from gold alone.
9. Autoliv's global market share remained at 44% in 2025, approximately 5 percentage points higher than in 2018 following the Veoneer spinoff.
10. Q1 2026 global Light Vehicle Production is expected to decline by nearly 1 million units or 4% year-over-year, with China expected to decline more than 10%.",0.0025310448469508,-0.0360254047923546,0.347280334728033,0.681837884698743
ea_HYPR_Q4_2025,HYPR,2026Q1,2026-03-18 20:05:00,"1. Q4 2025 revenue was $5.3 million, up 128% compared to $2.3 million in Q4 2024, with 16 units sold versus 9 units in the prior year quarter.
2. Full year 2025 revenue was $13.6 million, up 5% from $12.9 million in 2024, with second-half revenue of $8.7 million significantly exceeding first-half revenue of $4.8 million.
3. Full year 2026 revenue guidance is $20 million to $22 million, representing approximately 55% year-over-year growth at the midpoint, with revenue expected to progressively strengthen through the quarters.
4. Q4 2025 gross margin reached 50.9%, representing 1,530 basis points of expansion over Q4 2024, and full year 2026 gross margin guidance is initiated at 50% to 55%.
5. The company raised over $20 million in equity in October 2025 and an additional $15 million initial tranche from an up to $40 million long-term debt facility, extending cash runway into 2028.
6. Full year 2026 total cash burn is expected to be $26 million to $28 million, representing a 10% year-over-year decline at the midpoint, with quarterly debt interest payments of approximately $400,000.
7. The next-generation Swoop system MSRP was increased from $550,000 to $590,000 at the beginning of 2026, with hospitals modeling 1- to 1.5-year ROI timelines versus the 3- to 4-year norm for capital equipment.
8. The NEURO-PMR study showed portable MRI demonstrated 92% concordance with standard MRI in identifying intracranial pathology in blinded review, increasing to 98% in unblinded paired reviews, with patients 4x more likely to prefer portable MRI over standard MRI.
9. Only approximately 10% of private neurology practices currently have MRI imaging on-site, representing a large addressable market opportunity with minimal incumbent competition for the Swoop system.
10. The company is approximately 20% enrolled in its contrast PMR study designed to support a late 2026 FDA submission to expand Swoop's intended use to include gadolinium-based contrast agents, potentially unlocking new applications in neurodegenerative diseases and surgical use.",0.015748031496063,-0.0454650625269597,0.313389121338912,0.9228435197225835
ea_AOUT_Q3_2026,AOUT,2026Q1,2026-03-12 20:05:00,"1. Q3 fiscal 2026 net sales were $56.6 million, down 3.3% year-over-year, but ahead of management's expectations.
2. The Outdoor Lifestyle category generated over 62% of Q3 net sales and delivered year-over-year growth of 5.4%, driven by strength in BOG and MEAT! Your Maker brands.
3. Gross margin was 41% for Q3, down 370 basis points year-over-year, impacted by approximately $1.7 million in IEPA tariffs and a $1.2 million inventory reserve related to aiming solutions.
4. The company recorded a $3.4 million noncash impairment charge related to the decision to divest its UST camping and survival brand.
5. New products represented over 26% of net sales in Q3, and POS results grew 5% year-over-year, marking the third consecutive quarter of favorable POS results.
6. The company ended Q3 with $10.4 million in cash and no debt, with no balance on its $75 million credit line, resulting in over $100 million in total available capital.
7. Inventory declined by $13.8 million during Q3 to $110.2 million, and the company expects year-end inventory of approximately $110 million, lower than originally planned.
8. Full year fiscal 2026 guidance was reiterated with net sales of approximately $191 million to $193 million, gross margins of 42% to 43%, and adjusted EBITDA of 4% to 4.5% of net sales.
9. Management indicated that tariff-related gross margin pressure from capitalized IEPA and Section 232 tariffs is expected to continue into the first half of fiscal 2027, with full margin recovery likely taking approximately 18 months based on historical precedent.
10. During Q3, the company repurchased approximately 181,000 shares at an average price of $7.87 per share, totaling $1.4 million in buybacks, and lowered full year CapEx guidance by $500,000 to a range of $3.5 million to $4 million.",0.0046756282875511,-0.0600001475748742,0.268200836820084,0.788036410923277
ea_MPTI_Q4_2025,MPTI,2026Q1,2026-03-24 21:00:00,"1. Total revenues for Q4 2025 were $14.2 million, an 11.2% increase over the same period last year.
2. Backlog at the end of Q4 2025 was $76.4 million, a 62% increase over the $47.2 million backlog as of December 31, 2024.
3. Net income per diluted share was $0.99 for Q4 2025 compared to $0.73 per share in the prior year period.
4. Adjusted EBITDA was $4.5 million for Q4 2025, an increase of 46.8% over the $3.1 million in Q4 2024.
5. Full fiscal year 2025 revenues were $54.4 million, an 11.2% increase over fiscal year 2024, with gross margins of 44.4% compared to 46.2% in 2024.
6. The company generated $10.7 million of cash through operations in fiscal year 2025 and ended the period with $20.9 million of cash on the balance sheet.
7. The warrant offering was fully subscribed with 580,233 shares issued, raising net proceeds of $27.5 million to increase flexibility for acquisitions.
8. In 2025, tariffs negatively impacted gross margins by approximately 1%, and management expects a slightly more favorable tariff environment in 2026.
9. The company reversed $860,000 in earlier accrued incentive compensation expense in Q4, which had a favorable 6% impact on the fourth quarter results.
10. Management expects combined drone and radar systems revenue to total roughly $4 million in 2026 and anticipates that any production volume increases from new multiyear missile program contracts would not materialize until late 2027 or 2028.",0.0044121463794445,-0.0464937642428125,0.306694560669456,0.7802340702210663
ea_AAL_Q4_2025,AAL,2026Q1,2026-01-27 12:00:00,"1. American Airlines reported Q4 2025 adjusted EPS of $0.16 and full year adjusted EPS of $0.36, missing guidance primarily due to a government shutdown that impacted revenue by approximately $325 million.
2. Winter Storm Fern caused more than 9,000 flight cancellations over 4 days, making it the largest weather-related operational disruption in American Airlines' history, with an estimated Q1 2026 revenue impact of $150 million to $200 million.
3. Full year 2026 adjusted EPS guidance is $1.70 to $2.70, with Q1 2026 expected to produce an adjusted loss per diluted share of $0.10 to $0.50.
4. System-wide revenue intakes for the first 3 weeks of 2026 are up double digits year-over-year, representing all-time records for the period.
5. Premium unit revenue outpaced Main Cabin by 7 points in Q4 2025, with managed corporate revenue up 12% year-over-year.
6. American reduced total debt by $2.1 billion in 2025 to $36.5 billion, and expects to reach its sub-$35 billion debt target a year ahead of schedule in 2026.
7. The company expects to generate more than $2 billion in free cash flow for full year 2026, which would result in the lowest net debt level since the end of 2014.
8. American expects an additional $250 million in operational savings in 2026 versus 2025, bringing cumulative operating savings to nearly $1 billion since 2023 and total working capital improvements to nearly $900 million.
9. The company plans to take delivery of 55 new aircraft in 2026, with total capital expenditures expected between $4 billion and $4.5 billion.
10. American expects lie-flat seats to increase by over 50% by 2030 and plans to grow its international-capable fleet from 139 to 200 aircraft by the end of the decade.",-0.0137268359643102,-0.0736322763934522,0.230543933054393,0.09449501517121803
ea_LFST_Q4_2025,LFST,2026Q1,2026-02-25 11:00:00,"1. Full year 2025 revenue was $1.424 billion, up 14% year-over-year, while Q4 2025 revenue grew 17% year-over-year to $382 million.
2. Full year 2025 adjusted EBITDA was $158 million, increasing 32% year-over-year, with margins reaching 11.1%, marking the first time the company achieved double-digit adjusted EBITDA margins as a public company.
3. The company delivered positive net income and earnings per share for full year 2025, reaching this milestone one year ahead of expectations.
4. Free cash flow was $110 million for full year 2025, up from $86 million in 2024, exceeding expectations due to better-than-expected earnings and strong collections.
5. The Board authorized a share repurchase program of up to $100 million, funded with cash on hand, while the company holds $249 million in cash and net long-term debt of $266 million.
6. Full year 2026 guidance calls for revenue of $1.615 billion to $1.655 billion, center margin of $526 million to $550 million, and adjusted EBITDA of $185 million to $205 million with a midpoint margin of 11.9%.
7. The clinician base grew 9% year-over-year to 8,040 with 657 net adds for the full year, while visits per average clinician increased 7% year-over-year in Q4.
8. The company expects to reach mid-teens adjusted EBITDA margins by fiscal year 2028, with continued mid-teens revenue growth driven by low-to-mid-single-digit rate increases and low-double-digit volume growth.
9. Specialty services revenue is targeted at $70 million for 2026, representing approximately 40% growth, driven primarily by treatment-resistant depression services like SPRAVATO and TMS.
10. The company completed its EHR discovery process and will implement a new EHR system with a cash outlay of roughly $20 million to $30 million across 2026 and 2027, with rollout expected in 2027.",-0.0028011204481792,0.0300912971538665,0.652301255230125,0.1824880797572605
ea_IDA_Q4_2025,IDA,2026Q1,2026-02-19 11:30:00,"1. IDACORP's 2025 diluted EPS was $5.90 compared to $5.50 in 2024, marking the company's 18th consecutive year of EPS growth.
2. IDACORP initiated 2026 full year earnings guidance of $6.25 to $6.45 diluted EPS, with the midpoint reflecting an 8% EPS growth rate over 2025 actual results.
3. The 5-year CapEx forecast for 2026-2030 totals approximately $7 billion ($1.4 billion per year on average), a 26% increase over the prior 2025-2029 forecast and roughly double the average annual actual spend of ~$700 million over the past 5 years.
4. Rate base is forecast to grow from $5.3 billion in 2025 to over $11 billion by 2030, representing a 16.7% rate base growth CAGR for the 2026-2030 period.
5. The company estimates $2 billion in equity and $2.9 billion in debt financing needs over 2026-2030, but over $600 million of equity has already been executed through forward sales agreements, leaving approximately $1.4 billion of net equity issuance through 2030.
6. Idaho Power used $40.3 million of additional tax credit amortization in 2025 and expects to use less than $30 million in 2026 to support earnings.
7. Idaho Power's customer base grew 2.3% in 2025 (2.5% residential), bringing metered customers to more than 660,000, and the company's large load pipeline exceeds its current 4,000-megawatt peak load.
8. Idaho Power does not plan to file a general rate case in Idaho on June 1, 2026, expecting revenues from new large load contracts to help offset higher depreciation, interest expense, and wildfire mitigation costs.
9. Idaho Power entered into a definitive asset purchase agreement to sell its Oregon distribution system to Oregon Trail Electric Cooperative for a base price of $154 million, with Oregon representing less than 3% of total sales by 2030.
10. Cash flows from operations exceeded $600 million for the first time in company history in 2025, and the company ended with FFO-to-debt of approximately 14.3% under Moody's methodology against a 13% threshold.",0.0003615328994938,0.0053463573692256,0.547280334728034,0.41699176419592543
ea_KNX_Q4_2025,KNX,2026Q1,2026-01-21 21:01:00,"1. Adjusted EPS was $0.31 for Q4 2025 compared to $0.36 for Q4 2024, a decline of 13.9% year-over-year.
2. The company recorded $52.9 million of noncash impairment charges in Q4 2025, primarily related to combining the Abilene Truckload brand into the Swift business.
3. For full year 2025, the Truckload segment grew adjusted operating income by $28 million despite a $125 million decline in truckload revenue excluding fuel surcharge.
4. The Truckload business held 2025 cost per mile flat with 2024 despite miles declining 3.6%.
5. U.S. Xpress improved its adjusted operating ratio by 430 basis points year-over-year to the mid-90s in Q4 2025.
6. LTL revenue excluding fuel surcharge grew 7% year-over-year with shipments per day up 2.1% and door count growth of 10% year-over-year.
7. Management stated the existing LTL infrastructure has capacity to support annualized revenue of $2 billion.
8. The company projects Q1 2026 adjusted EPS in the range of $0.28 to $0.32.
9. Regulatory enforcement has put nearly 12,000 drivers out of service since June due to English proficiency requirements, with 17,000 non-domicile CDLs in California potentially expiring in March.
10. Truckload segment costs declined approximately $150 million in 2025, with roughly two-thirds from variable costs and one-third from fixed costs, and nondriver headcount was reduced by about 5%.",-0.0008631106507854,0.0207869514449195,0.609205020920502,0.24664065886432596
ea_III_Q3_2025,III,2025Q4,2025-11-03 11:30:00,"1. Q3 revenues were $62 million, up 8% year-over-year excluding the previously divested automation unit.
2. AI-related revenue was $20 million in Q3, 4 times what it was one year ago.
3. Adjusted EBITDA was $8.4 million, up 19% year-over-year, with adjusted EBITDA margin expanding 200 basis points to 13.5%.
4. Cash from operations was $11 million in Q3, bringing the two-quarter total to $23 million.
5. Recurring revenues were $28 million, up 9% year-over-year, representing 45% of overall revenue.
6. Americas revenue was $42 million, up 11%; Europe revenue was $16 million, up 7%; Asia Pacific revenue was $4.2 million, down 15%.
7. Year-to-date, ISG has supported 350 clients with AI-related advisory and research services, up more than 200% from the same period last year.
8. ISG Tango sourcing platform now has more than $15 billion of total contract value flowing through it, up more than 30% from Q2.
9. Q4 guidance targets revenues of $60.5-$61.5 million and adjusted EBITDA growth of 15%-20% year-over-year to $7.5-$8.5 million.
10. Gross debt-to-EBITDA ratio improved to 1.95x from 2.4x at December 31, 2024, with average borrowing rate down 110 basis points year-over-year to 6.2%.",0.0036297640653357,0.100500485833456,0.869659275283937,0.7125813449023861
ea_IBCP_Q4_2025,IBCP,2026Q1,2026-01-22 13:00:00,"1. Independent Bank Corporation reported Q4 2025 net income of $18.6 million or $0.89 per diluted share versus $18.5 million or $0.87 per diluted share in the prior year period.
2. Full year 2025 net income was $68.5 million or $3.27 per diluted share compared to $66.8 million or $3.16 per diluted share in 2024.
3. Net interest margin was 3.62% in Q4 2025, up 8 basis points on a linked-quarter basis and up 17 basis points from 3.45% in Q4 2024.
4. The commercial loan portfolio grew $276 million or 14.2% for the full year 2025, with management expecting continued low double-digit growth in 2026.
5. Tangible book value increased 13.3% over the past year, with the tangible common equity ratio rising to 8.65%.
6. The company repurchased 407,113 shares of common stock for an aggregate purchase price of $12.4 million in 2025, and the Board authorized share repurchases of approximately 5% in 2026.
7. Management forecasts 2026 loan growth of 4.5% to 5.5% and net interest income growth of 7% to 8% over full year 2025.
8. Net interest margin expansion is expected to be 5 to 7 basis points in Q1 2026 with successive quarterly increases of 3 to 5 basis points, assuming 0.25% Fed rate cuts in March and August 2026.
9. Non-interest expense is expected to be 5% to 6% higher than 2025 actuals, with a quarterly range of $36 million to $37 million.
10. A tax credit transfer agreement related to $22.9 million of energy tax credits resulted in a $1.8 million benefit or $0.09 per share in Q4 2025.",0.0014265335235378,0.0044214377512568,0.5418410041841,0.5799739921976593
ea_MU_Q2_2026,MU,2026Q1,2026-03-18 20:01:00,"1. Micron increased its FY 2026 CapEx outlook to over $25 billion, up from $20 billion communicated on the prior earnings call.
2. FY 2026 construction CapEx is expected to be mid- to high single-digit billions (net), and FY 2027 is projected to see approximately $10 billion in incremental construction cost plus increased equipment spend.
3. New NAND cleanroom capacity from the Singapore expansion is not expected to provide a boost to production until the second half of 2028.
4. Both DRAM and NAND pricing was up strongly in fiscal Q2 2026, with NAND pricing increasing even more than DRAM, and both segments also grew volumes sequentially.
5. Start-up costs related to new fabs (ID1 and Tongluo) are estimated at $100 million to $200 million per quarter beginning next quarter and continuing through FY 2027, representing 50 basis points or less impact at current revenue and margin levels.
6. Micron's non-HBM DRAM margins are currently higher than HBM margins, as HBM pricing for a large portion of calendar 2026 shipments was locked in late in calendar 2025.
7. Micron expects Q4 FY 2026 OpEx to approach $1.6 billion and projects a run rate of approximately $1.7 billion in FY 2027 due to increased R&D spending.
8. Micron has grown to record data center SSD market share every year for the last four years and sees supply as nowhere close to meeting demand for the foreseeable future.
9. Meaningful new DRAM supply from Micron's Idaho facility and the acquired Powerchip Tongluo fab will not contribute to revenue shipments until fiscal year 2028.
10. HBM4 is showing an even faster yield ramp than HBM3E 12-high in early stages, giving Micron confidence in its HBM cost structure improvement trajectory.",0.0077967643427977,-0.0360352751013399,0.346861924686192,0.858690940615518
ea_TARS_Q4_2025,TARS,2026Q1,2026-02-23 21:05:00,"1. Tarsus delivered $451.4 million in full year 2025 net product sales for XDEMVY, with Q4 2025 net product sales of $151.7 million at a gross-to-net discount of 44%.
2. The company issued full year 2026 net product sales guidance of $670 million to $700 million, representing annual growth of more than $230 million and approximately 50% at the midpoint.
3. Tarsus raised its U.S. peak sales potential for XDEMVY to more than $2 billion, up from prior expectations, with the company stating it is approximately a couple of years from reaching $1 billion.
4. Q1 2026 revenues are expected to be flat to slightly below Q4 2025 revenue due to deductible resets, holidays, medical meetings, and severe weather disruptions.
5. The company ended 2025 with approximately $418 million in cash, cash equivalents, and marketable securities.
6. For 2026, Tarsus expects SG&A expenses of $545 million to $565 million and R&D expenses of $115 million to $135 million, with gross margins of approximately 93%.
7. Unaided patient awareness of Demodex blepharitis and XDEMVY has grown from 2% at the start of the DTC campaign to 25%, and approximately 40% of the core prescriber target is now writing XDEMVY at least once per week.
8. Weekly refill rates are trending in the low-to-mid-teens range, progressing toward an expected steady-state rate of approximately 20%.
9. Tarsus plans to add approximately 15 to 20 key account leaders in 2026 and expects the Phase II trial for TP-05 (Lyme disease prevention) to cost approximately $25 million to $30 million and the Phase II trial for TP-04 (ocular rosacea) to cost $7 million to $10 million, with top-line data for both expected in the first half of 2027.
10. XDEMVY has treated more than 500,000 patients since launch out of an estimated 25 million Americans with Demodex blepharitis, representing less than 10% market penetration, and the company has more than 90% payer coverage across commercial, Medicare, and Medicaid.",-0.0018680844948986,0.0697114194306463,0.797907949790795,0.2093628088426528
ea_RSI_Q4_2025,RSI,2026Q1,2026-02-17 21:15:00,"1. Rush Street Interactive achieved record full year 2025 revenue of $1.13 billion, representing 23% year-over-year growth and exceeding the high end of raised guidance.
2. Full year 2025 adjusted EBITDA reached a record $153.7 million, a 66% increase year-over-year, also exceeding the high end of raised guidance.
3. For 2026, the company guided revenue of $1.375 billion to $1.425 billion (21%-26% YoY growth) and adjusted EBITDA of $210 million to $230 million (37%-50% YoY growth).
4. North American online casino MAUs grew 51% year-over-year in Q4 2025, the second highest quarterly growth rate in the past 4.5 years, with each successive quarter of 2025 showing accelerating year-over-year MAU growth.
5. In 2025, the company incurred approximately $75 million of incremental bonusing in Colombia due to the VAT tax on deposits, reducing EBITDA by an estimated $25 million to $30 million, a headwind that goes away in 2026.
6. The company ended the year with $336 million in cash and generated $142 million of cash during 2025 net of stock repurchases, with approximately $42 million remaining on its $50 million share repurchase program.
7. Full year 2025 net income was $74 million compared to $7.2 million in 2024, representing a material improvement in bottom-line profitability.
8. Marketing expenses for full year 2025 were $158.4 million or 14% of revenue, a 290 basis point decrease as a percentage of revenue compared to 2024, while the company achieved record first-time depositors in each of the last three quarters.
9. The company expects to launch in Alberta potentially as early as late Q2 2026, which is not included in revenue or cost guidance, and noted that every North American online casino market it has launched in has been profitable by the fourth quarter of operations.
10. Latin America MAUs grew 47% year-over-year in Q4 to over 493,000 users, and Colombia achieved 66% annual GGR growth and 34% MAU growth despite the challenging tax environment.",-0.0005903187721369,0.0679780603939868,0.792050209205021,0.26181187689640223
ea_SSP_Q4_2025,SSP,2026Q1,2026-02-25 21:15:00,"1. The company announced a transformation plan to grow enterprise EBITDA by $125 million to $150 million by 2028, with an expected in-year 2026 EBITDA impact of $20 million to $30 million and an annualized run rate of $60 million to $75 million exiting 2026.
2. Local Media core advertising was up 12% in Q4 2025, with all five top categories growing year-over-year, including services up 19% and gambling up 32%.
3. Scripps Networks division delivered nearly 700 basis points of year-over-year margin expansion in 2025, exceeding the guided range of 400 to 600 basis points.
4. Connected TV revenue was up nearly 10% in Q4 year-over-year and 30% for the full year 2025.
5. The company is exercising its option to reacquire 23 TV stations affiliated with ION for an aggregate purchase price of about $54 million, which will be immediately accretive to Scripps Networks segment profit and margins.
6. Gross proceeds from the Fort Myers and Indianapolis station sales will be $123 million, with Fort Myers expected to close in the coming weeks and Indianapolis to follow pending FCC approval.
7. Net debt stood at $2.3 billion at year-end with net leverage at 4.8x, and the company paid down $55 million on its B2 term loan during Q4.
8. For the 2026 midterm elections, the company expects record spending, with the 2022 midterm cycle generating about $200 million, and competitive races lined up in Arizona, Colorado, Michigan, Nevada, Ohio, and Wisconsin.
9. The company expects about 70% of its pay TV subscriber households to renew in 2026, with low single-digit growth in gross distribution revenue and low teens percent growth in net distribution revenue driven by declining affiliate fees.
10. For 2026, the company expects cash interest of $180 million to $190 million, cash taxes of $15 million to $20 million, capital expenditures of $60 million to $70 million, and depreciation and amortization of $140 million to $150 million.",-0.104683195592287,0.0204490028512069,0.607531380753138,0.02340702210663199
ea_AA_Q3_2025,AA,2025Q4,2025-10-22 20:10:00,"1. Third quarter revenue decreased 1% sequentially to $3 billion, with Alumina segment third-party revenue down 9% and Aluminum segment up 4%.
2. Net income attributable to Alcoa was $232 million ($0.88 per share), up from $164 million in the prior quarter, while adjusted net loss was $6 million ($0.02 per share).
3. The company recorded a $786 million gain on the sale of its 25.1% interest in the Ma'aden joint venture, partially offset by $895 million in restructuring charges for the permanent closure of the Kwinana refinery.
4. Adjusted EBITDA was $270 million, down $43 million sequentially, primarily due to increased U.S. Section 232 tariff costs on aluminum imported from Canadian smelters.
5. The company ended Q3 with $1.5 billion in cash and $1.635 billion in adjusted net debt, now $135 million away from the top of its $1.0-1.5 billion target range.
6. Full year 2025 capital expenditure outlook was reduced to $625 million from $675 million, primarily due to less spending on mine moves in Australia.
7. Q4 Alumina segment performance is expected to improve by approximately $80 million, while Q4 tariff costs are expected to increase by approximately $50 million due to increased shipments.
8. Alcoa announced a 10-year energy contract for Massena operations with two potential 5-year extensions, along with a $60 million investment in the anode bake furnace.
9. The gallium plant at Wagerup, funded by U.S., Australian, and Japanese governments plus Alcoa, will represent approximately 10% of the world's gallium market with Alcoa expecting to take about 5 tons of the 100-ton capacity.
10. San Ciprián smelter is targeted to reach full run rate by mid-2026 and profitability in the back half of 2026.",0.0,0.119531380260693,0.89724175229854,0.2871475054229935
ea_DINO_Q3_2025,DINO,2025Q4,2025-10-30 10:30:00,"1. Adjusted net income for Q3 2025 was $459 million or $2.44 per diluted share, compared to $96 million or $0.51 per diluted share in Q3 2024.
2. Adjusted EBITDA for Q3 2025 was $870 million compared to $316 million in Q3 2024.
3. The company returned $254 million in cash to shareholders in Q3, consisting of $166 million in share repurchases and $94 million in regular dividends.
4. Small refinery exemption (SRE) benefits in Q3 totaled $115 million in lower cost of goods and $56 million in higher revenue from RINs optimization.
5. Operating expense reached a record low of $7.12 per throughput barrel, crossing below the near-term goal of $7.25 per barrel.
6. Crude oil charge averaged 639,000 barrels per day in Q3, the company's second highest quarter on record.
7. Since the Sinclair acquisition in March 2022, the company has returned over $4.5 billion in cash to shareholders and reduced share count by over 61 million shares.
8. The company announced evaluation of a multiphase midstream expansion projected to enable incremental supply of up to 150,000 barrels per day of product into West Coast markets, with Phase 1 targeting 35,000 barrels per day by 2028.
9. Q4 2025 crude oil throughput guidance is 550,000 to 590,000 barrels per day, reflecting a planned turnaround at the Puget Sound refinery.
10. The company resubmitted SRE applications for five refineries (Woods Cross, Parko, Casper, Tulsa, and Artesia) for 2023 and 2024, believing there is considerable upside on a future run rate basis.",0.0101927353595255,-0.0114898279584606,0.488912925905895,0.8736442516268981
ea_PRPL_Q3_2025,PRPL,2025Q4,2025-11-04 21:05:00,"1. Q3 2025 revenue was $118.8 million, up slightly year-over-year, marking an inflection point after consecutive periods of year-over-year declines.
2. Gross margin improved nearly 700 basis points sequentially to 42.8% in Q3, up from 36% in Q2, despite tariff-related headwinds of approximately $2 million.
3. The Mattress Firm expansion represents approximately $20 million in incremental revenue in 2025 and approximately $70 million anticipated in 2026.
4. Purple products are now represented in approximately 9,200 Mattress Firm slots and the company is on pace to reach 12,000 slots by March 2026.
5. Rejuvenate 2.0 has sold more than twice the number of units, doubling net revenue compared to Rejuvenate 1.0 in showrooms, with over 3,000 units sold through direct channels at an average sales price of approximately $5,800.
6. Showroom comparable sales grew 12% in Q3 with record mattress order values of approximately $4,500, and 76% of showrooms are now profitable year-to-date versus 56% last year.
7. Adjusted EBITDA was positive $200,000 in Q3, an improvement from a loss of $6.4 million in the prior year period.
8. The company's restructuring program is expected to deliver $25 million to $30 million in annual savings, with the breakeven point improved from $55-60+ million per month to approximately $40 million per month.
9. E-commerce revenue was down 9.8% in Q3, while wholesale net revenue of $51.5 million was up 7.9% year-over-year.
10. The company reiterated full year 2025 guidance of revenue between $465 million and $485 million and adjusted EBITDA between breakeven and $10 million positive.",0.0123885034687809,-0.114166486369763,0.123309897241752,0.89587852494577
ea_NTSK_Q4_2026,NTSK,2026Q1,2026-03-11 20:05:00,"1. Netskope reported record net new ARR of $57 million in Q4 and ending ARR of $811 million, representing 31% year-over-year organic growth.
2. Full fiscal year 2026 revenue grew 32% to $709 million, while Q4 revenue grew 32% year-over-year to $196 million.
3. Netskope generated $12 million in positive free cash flow for fiscal year 2026, marking its first-ever year of positive free cash flow and a $163 million improvement over fiscal 2025.
4. Q4 gross margin was 76%, an increase of approximately 5 percentage points year-over-year, with a long-term target of 80%.
5. Full year fiscal 2027 guidance calls for revenue of $870 million to $876 million (approximately 23% growth at the midpoint), operating margin of approximately negative 10%, and free cash flow margin in the range of 2% to 4%.
6. Q1 fiscal 2027 is expected to see negative free cash flow of $50 million to $60 million due to the transition to annual billings, with the company expecting to return to positive free cash flow in the second half of the year.
7. The number of customers generating more than $100,000 in ARR grew 22% year-over-year to 1,531, with average ARR from this cohort exceeding $450,000 per customer.
8. Net retention rate was 116% in Q4, with churn and down-sell rates remaining at historic lows, while 56% of customers now use 4 or more products (up from 48% a year ago) and 27% use 6 or more (up from 22%).
9. Four new AI security products were announced with transaction-based pricing (per prompt and response), representing a shift from Netskope's traditional seat-based model to capture agentic AI traffic monetization.
10. The company noted geopolitical and macroeconomic headwinds in recent weeks as a factor in its prudent Q1 guidance of $197 million to $199 million revenue (approximately 26% growth at the midpoint), with many sales reps still ramping toward full productivity.",0.0016488046166529,-0.196731325496613,0.0468619246861925,0.6081491114000867
ea_NBHC_Q4_2025,NBHC,2026Q1,2026-01-27 21:10:50,"1. Tangible book value per share grew 10% in 2025, and the CET1 capital ratio increased to 14.89%.
2. The company projects 2026 loan growth of approximately 10% off a combined loan portfolio of $9.4 billion following the Vista acquisition.
3. Management expects earnings to exceed $1 per share in Q4 2026, positioning full year 2027 earnings to exceed $4 per share.
4. Fourth quarter provision expense of $9.1 million was driven by charge-offs and specific reserves to address lingering problem loans before entering 2026.
5. The Vista Bank acquisition added approximately $2.4 billion of earning assets and closed within 4 months of announcement.
6. December's net interest margin returned to 3.97%, and management projects 2026 full-year margin to remain around 4% excluding future rate moves.
7. Q4 2025 loan originations totaled $591 million, the second highest quarter in company history, with commercial originations of $429 million setting a new record.
8. The strategic sale of securities to remain below $10 billion in assets at year-end will preserve approximately $10 million in interchange income for one more year.
9. 2UniFi is projected to generate $2 million to $4 million in revenue in 2026, with expenses held flat at $22 million despite a full year of capitalized asset depreciation.
10. The company announced a $100 million share buyback authorization and indicated buybacks are a priority.",-0.0059910134797803,-0.0044390110729266,0.497489539748954,0.13827481577806675
ea_CABO_Q3_2025,CABO,2025Q4,2025-11-06 21:15:00,"1. Total revenues for Q3 2025 were $376 million compared to $393.6 million in Q3 2024, with residential video accounting for the majority of the year-over-year decline at $8.7 million or 16.2%.
2. Residential data customers declined by 21,600 in Q3 2025, driven by higher churn from macroeconomic factors, competitive pressures, promotional roll-offs, and billing migration activities.
3. Residential data ARPU increased 3.2% year-over-year, while residential data revenues decreased 1.2% year-over-year due to a 5.1% decline in subscribers.
4. Adjusted EBITDA for Q3 2025 was $201.9 million, representing 53.7% of revenues, compared to $213.6 million or 54.3% of revenues in Q3 2024.
5. The company paid down nearly $200 million of debt during Q3 and has retired over $313 million of outstanding debt in 2025, with net leverage ratio at 3.9x.
6. Full year capital expenditures are now expected in the high $200 million range versus the previously articulated $300 million estimate.
7. The company monetized equity investments in Ziply and Metronet, generating $124 million of combined pretax proceeds and recognizing $67 million of gains.
8. Management estimates the MBI put purchase price would be approximately $475 million to $495 million assuming an October 1, 2026 closing date, with MBI's total net indebtedness at closing estimated between $845 million and $895 million.
9. October 2025 was the first month in 17 months where both connects improved year-over-year and disconnects improved year-over-year.
10. About half of new customers are choosing gig or faster speeds, including expanding multi-gig offerings, up from roughly 40% sell-in last year.",0.0394993254384649,-0.0167265400815819,0.461871281773932,0.9707158351409978
ea_BSET_Q4_2025,BSET,2026Q1,2026-02-04 21:01:00,"1. Consolidated revenue increased 5.1% in Q4 2025, and excluding the impact of the Noa Home closure, consolidated revenues were up 6.4%.
2. Wholesale sales increased 8.3% in Q4, with shipments to retail stores up 14% and open market shipments up 3.4%, partially offset by a 13% decrease in Lane Venture shipments.
3. Sales of Bassett Casegoods (wood furniture) offerings were up over 50% in the quarter, driven by the Copenhagen line and HomeWork office products.
4. The company ended fiscal 2025 with $59.2 million in cash and short-term investments with no debt, generating $13.5 million in operating cash flow and $2 million in free cash flow for the year.
5. Headcount was reduced by 11% in fiscal 2025, with an additional 4% reduction implemented recently.
6. Retail written sales were up 4% in Q4, and the first 7 weeks of fiscal 2026 were described as solid before severe weather forced temporary closure of up to 40 stores.
7. E-commerce sales increased 14% in Q4 and 27% for the full fiscal year, with conversion rates continuing to rise at double-digit rates.
8. Retail prices were not adjusted for tariff-related cost increases until January 1, 2026, causing retail gross margin to decline 150 basis points in Q4.
9. Capital expenditures are forecasted at $8 million to $12 million for fiscal 2026, significantly higher than the $4.5 million spent in fiscal 2025, driven by plans to open 3 new stores (Cincinnati, Orlando, and a Long Island relocation).
10. Diluted EPS was $0.18 in Q4 2025 versus $0.38 in Q4 2024, but excluding a $2.6 million Noa Home tax benefit, prior year EPS would have been $0.08.",-0.0075235109717868,0.0097255141830416,0.56652719665272,0.12136974425661032
ea_CRS_Q1_2026,CRS,2025Q4,2025-10-23 12:00:00,"1. Q1 FY2026 adjusted operating income reached a record $153.3 million, up 31% year-over-year and exceeding the previous record set in Q4 FY2025.
2. SAO segment adjusted operating margin expanded to 32% in Q1, up from 26.3% a year ago, marking the 15th consecutive quarter of margin expansion.
3. Aerospace and Defense bookings accelerated 23% sequentially in Q1, with September being the highest order intake month in over a year.
4. The company completed negotiations on 5 long-term agreements with aerospace customers in Q1, all with significant price increases.
5. Q1 diluted EPS was $2.43, with sales excluding surcharge up 4% year-over-year on 10% lower volume.
6. Management reaffirmed full-year FY2026 operating income guidance of $660 million to $700 million, representing a 26% to 33% increase over FY2025, with line of sight to the high end of the range.
7. Aerospace engine submarket sales increased 14% sequentially and approximately 20% year-over-year in Q1.
8. The company repurchased $49.1 million of shares in Q1, bringing cumulative repurchases to $151 million against a $400 million authorization.
9. Medical end-use market sales declined 20% sequentially and 16% year-over-year due to distribution customers managing working capital levels.
10. The brownfield capacity expansion project remains on budget and on schedule, with $175 million to $185 million of CapEx planned for FY2026 on top of $125 million in normal capital expenditures.",0.0011438375750643,0.220227921423978,0.967009194159005,0.4956616052060738
ea_DDD_Q3_2025,DDD,2025Q4,2025-11-04 21:15:00,"1. Q3 2025 revenue was $91.2 million, down 13.8% year-over-year, with management citing muted customer CapEx spending due to tariff uncertainty.
2. Non-GAAP gross margin declined to 33% in Q3 from 38% in the prior year period, primarily driven by lower sales volume and reduced material sales.
3. Aerospace and defense revenue grew nearly 50% year-over-year, partially offsetting softness in consumer-facing end markets.
4. The company is on track to deliver over $50 million in annualized cost savings by year-end, with continued expense reductions expected through the first half of 2026.
5. Total cash was $114 million at quarter end, with total debt of $123 million, of which $35 million is due in Q4 2026 and the remainder in 2030.
6. Adjusted EBITDA was negative $10.8 million, an improvement of $3.5 million compared to the prior year period.
7. The sale of Oqton and 3DXpert closed at end of October, with expected Q4 impact of approximately $1.2 million in revenue and $1 million on gross margin.
8. MedTech business grew 8% year-over-year with PHS (Personalized Health Services) achieving 10% year-to-date growth, on track for double-digit growth for the full year.
9. NAMI signed a framework agreement worth $26 million with Modern Isotopes Factory for up to 2,000 tungsten core components used in nondestructive testing devices.
10. Management expects the denture market opportunity to reach $1 billion in industry revenue across the U.S. and Europe over the next several years, with European regulatory approval targeted for mid-2026.",0.0038167938931297,-0.0119140483879355,0.48566792861006,0.7207158351409978
ea_KVHI_Q4_2025,KVHI,2026Q1,2026-03-10 11:00:00,"1. Q4 2025 service revenue grew to $28.3 million, a 27% increase from Q4 2024.
2. KVH contracted for its second Starlink data pool representing a 300% increase from the initial pool and a $45 million 18-month commitment.
3. Full-year 2025 service revenue grew 2% to $98.4 million, but excluding $7.7 million in non-recurring U.S. Coast Guard revenue, underlying service revenue grew 11%.
4. KVH grew its subscriber base by approximately 2,000 vessels (28% increase), ending 2025 with more than 9,000 vessels under contract.
5. Full-year 2025 adjusted EBITDA was $8.1 million, with $3.1 million in Q4 alone representing the strongest quarterly adjusted EBITDA of the year.
6. The Board authorized an increase in the share repurchase program from $10 million to $15 million, citing the stock as undervalued given top-line growth, improving profitability, positive free cash flow, and no debt.
7. KVH's 2026 guidance is revenue of $130 million to $145 million and adjusted EBITDA of $11 million to $16 million.
8. Cost of service sales related to the legacy network will reduce in 2026 as the minimum bandwidth commitment decreases by $7 million compared to 2025.
9. Operating expenses were reduced by 17% during 2025, and the company sold its Middletown facility to strengthen its balance sheet, ending Q4 with a cash balance of $69.9 million and no debt.
10. KVH completed an Asia Pacific acquisition adding more than 800 vessels and over 4,400 land-based subscribers, with the acquired business contributing approximately $2.5 million per quarter in net revenue impact.",0.0,0.12091960315406,0.894142259414226,0.3261811876896402
ea_SNBR_Q4_2025,SNBR,2026Q1,2026-03-12 10:00:00,"1. Full year 2025 net sales were $1.41 billion, down 16% versus the prior year but in line with guidance.
2. Adjusted EBITDA for 2025 was $78 million, exceeding the company's most recent guidance of $70 million.
3. The company removed more than $185 million of annualized costs and has identified another $50 million of annualized fixed cost reductions currently being executed in 2026.
4. The new ComfortMode mattress achieved sales 3.5x above plan and nearly twice the combined sales of all 3 C-Series beds it replaces as of the end of February.
5. ComfortMode delivers a 10 percentage point gross margin improvement compared to the C-Series beds it replaces.
6. Total liquidity including cash and revolver capacity was $58 million at year-end, above the amended $30 million covenant floor, but the company has engaged Guggenheim Securities to advise on refinancing its credit facility.
7. Full year free cash flow was a use of $18 million, over $30 million favorable to the $50 million use-of-cash guidance.
8. Q1 2026 net sales are expected to decline in the high teens year-over-year, but double-digit sales growth is expected in the second half of 2026.
9. Adjusted EBITDA for full year 2026 is expected to increase in the high teens to mid-20s percent range year-over-year off the $78 million base, and free cash flow is expected to be positive.
10. The company exited 2025 with 600 stores, a decrease of 40 stores year-over-year, and 236 stores were closed for at least one day in January due to severe weather.",0.0196078431372549,-0.18447125979588,0.0527196652719665,0.9349804941482445
ea_TILE_Q3_2025,TILE,2025Q4,2025-10-31 09:30:00,"1. Interface delivered Q3 2025 currency-neutral net sales growth of 4% with net sales of $364.5 million, up 5.9% as reported year-over-year.
2. Adjusted gross profit margin expanded 208 basis points to 39.5% in Q3 2025, driven by favorable pricing, product mix, and manufacturing efficiencies.
3. Nora Rubber grew 20% in Q3 2025 and is up 19% year-to-date, driven by the One Interface combined selling team structure.
4. Global healthcare billings increased 29% in Q3 with double-digit gains across both the Americas and EAAA regions.
5. Adjusted earnings per share was $0.61 in Q3 2025, a 27% increase versus $0.48 in Q3 2024.
6. The company ended Q3 with backlog up 17% year-to-date and consolidated currency-neutral orders increased 2.4% year-over-year.
7. Interface raised full year 2025 guidance to net sales of $1.375 billion to $1.390 billion with adjusted gross profit margin of 38.5%.
8. The company generated $76.7 million of operating cash flow during Q3 and ended the period with $482 million of liquidity and a net leverage ratio of 0.6x.
9. Tariffs diluted Q3 adjusted gross profit percentage by approximately 30 basis points, with an anticipated 50 basis point dilution expected in Q4.
10. Capital expenditures in 2026 may increase by approximately $10 million compared to 2025 levels to support Nora productivity initiatives and innovation investments.",0.0052493438320209,-0.0703777194876503,0.217414818820984,0.7836225596529284
ea_CTSH_Q4_2025,CTSH,2026Q1,2026-02-04 11:30:00,"1. Q4 2025 revenue of $5.3 billion grew 3.8% year-over-year in constant currency (all organic), with full year revenue of $21.1 billion growing 6.4% in constant currency and surpassing the $20 billion mark.
2. Financial Services led growth with Q4 constant currency revenue increasing 9% year-over-year and 7% for the full year, the highest annual level since 2016.
3. Q4 bookings grew 9% year-on-year to a record quarterly total contract value, with 12 large deals of $100 million or greater TCV including one deal valued at more than $1 billion, and large deal wins value 60% greater than a year ago.
4. The company signed 28 deals with TCV above $100 million in 2025, with combined TCV up nearly 50% versus last year, including 5 mega deals with TCV of $500 million or greater.
5. Q4 adjusted operating margin of 16% improved 30 basis points year-over-year, with full year adjusted operating margin of 15.8% rising 50 basis points over last year and exceeding guidance.
6. Full year 2025 adjusted diluted EPS of $5.28 grew 11% year-over-year, with Q4 adjusted diluted EPS of $1.35 up 12% year-over-year.
7. Full year 2025 free cash flow was approximately $2.7 billion, representing more than 100% of net income.
8. The company returned approximately $2 billion to shareholders in 2025 through dividends and share repurchases, and plans to return approximately $1.6 billion in 2026 including approximately $1 billion in share repurchases.
9. For 2026, the company guided revenue growth of 4% to 6.5% in constant currency (including approximately 150 basis points inorganic), adjusted operating margin of 15.9% to 16.1%, and adjusted diluted EPS of $5.56 to $5.70 representing 5% to 8% growth.
10. Over 30% of developer effort in software development cycles is now AI-assisted and agentic, while fixed bid and transaction-based work now represents more than 50% of revenue compared to 41-42% three years ago.",0.0004026845637583,0.0343723889240516,0.674058577405858,0.4273948851322063
ea_FSTR_Q4_2025,FSTR,2026Q1,2026-03-03 12:30:00,"1. Q4 2025 net sales of $160.4 million were up 25.1% year-over-year, representing the highest fourth quarter sales since 2018.
2. Q4 2025 adjusted EBITDA of $13.7 million was up $6.4 million or 89% versus the prior year quarter.
3. Full year 2025 operating cash flow totaled $35.6 million, up $13 million over the prior year, with free cash flow of $25.2 million.
4. The gross leverage ratio improved to 1.0x at year-end, down from 1.6x at the start of Q4 and 1.2x at the end of the prior year.
5. The company repurchased approximately 1 million shares (about 9% of shares outstanding) at an average price of just under $23 per share over the past 3 years, with $28.7 million remaining under the current buyback authorization.
6. 2026 guidance reflects 3.7% sales growth and 11.3% adjusted EBITDA growth at the midpoints, with free cash flow expected at $20 million and CapEx at 2.7% of sales.
7. Overall backlog during the first 2 months of 2026 increased approximately 15% from year-end, with solid gains in both segments.
8. Rail backlog at year-end was up $34.5 million (55.3%) year-over-year, driven by stronger North American demand for Rail Products (up $10.6 million), Friction Management (up $7.6 million), and a $20 million multi-year U.K. TS&S order.
9. The Q4 U.K. restructuring charge totaled $2.2 million and is expected to deliver approximately $1.5 million to $2 million in annual run rate savings in 2026.
10. Since the 2021 strategic transformation launch, adjusted EBITDA has more than doubled and free cash flow has increased by $30 million despite sales growing only 5% over that period.",-0.0136688412550482,-0.0064682791730891,0.485774058577406,0.09492847854356307
ea_VKTX_Q3_2025,VKTX,2025Q4,2025-10-22 20:05:00,"1. Viking reported a Q3 2025 net loss of $90.8 million ($0.81 per share) compared to a net loss of $24.9 million ($0.22 per share) in Q3 2024.
2. Research and development expenses increased to $90 million in Q3 2025 from $22.8 million in Q3 2024, primarily due to clinical studies and manufacturing for drug candidates.
3. Cash, cash equivalents and short-term investments stood at $715 million as of September 30, 2025, down from $903 million at December 31, 2024.
4. The Phase II VENTURE-Oral Dosing Study showed participants receiving oral VK2735 achieved up to 12.2% mean body weight reduction from baseline after 13 weeks.
5. Up to 97% of subjects in VK2735 oral treatment groups achieved at least 5% weight loss compared with 10% of placebo-treated subjects.
6. The VANQUISH-1 Phase III study targeting approximately 4,500 patients is expected to complete enrollment by end of 2025, while VANQUISH-2 targeting approximately 1,100 patients is expected to complete enrollment in Q1 2026.
7. Among subjects receiving oral VK2735, 98% of reported drug-related treatment-emergent adverse events were characterized as mild or moderate in severity.
8. Viking initiated a Phase I maintenance dosing study evaluating monthly subcutaneous, daily oral, and weekly oral VK2735 dosing, with results expected in mid-2026.
9. The company expects to file an IND for its novel amylin receptor agonist program in Q1 2026.
10. Viking plans to submit an end of Phase II meeting request to the FDA for oral VK2735 in the coming days, with the meeting expected later in Q4 2025.",-0.0041374920432845,0.0731518308719205,0.826933477555435,0.14642082429501085
ea_SPHR_Q3_2025,SPHR,2025Q4,2025-11-04 12:30:00,"1. Sphere Entertainment generated total company revenues of $262.5 million and adjusted operating income of $36.4 million for Q3 2025.
2. The Sphere segment generated revenues of $174.1 million, an increase of 37% against the prior-year period.
3. The Wizard of Oz at Sphere passed 1 million tickets sold and achieved over $130 million in ticket sales by mid-October 2025.
4. Sphere segment adjusted operating income was $17.1 million compared to an adjusted operating loss of $26.3 million in the prior-year quarter.
5. SG&A expenses for the September quarter were $92.7 million, a decrease of $12.3 million year-over-year.
6. MSG Networks segment experienced an approximately 13.5% decrease in subscribers, generating $88.4 million in revenues and $19.3 million in AOI.
7. As of September 30, the Sphere business had net debt of approximately $205 million, with approximately $329 million of unrestricted cash and cash equivalents.
8. The company repurchased $50 million or approximately 1.1 million shares of Class A common stock, with approximately $300 million remaining under the current buyback authorization.
9. MSG Networks repaid an additional $31 million on its term loan after quarter end, bringing principal outstanding to approximately $169 million.
10. The company owns a portfolio of over 60 patents in the U.S. spanning venue design, audio delivery, video capture and display, and 4D technologies.",-0.0153753391618932,0.0591209792785121,0.795565170362358,0.08134490238611713
ea_CELC_Q4_2025,CELC,2026Q1,2026-03-25 20:01:00,"1. The FDA accepted Celcuity's NDA for gedatolisib with priority review and a PDUFA goal date of July 17, 2026.
2. In the PIK3CA wild-type cohort of VIKTORIA-1, the gedatolisib triplet achieved median PFS of 9.3 months versus 2 months for fulvestrant, with a hazard ratio of 0.24.
3. Top-line results from the PIK3CA mutant cohort of the Phase III VIKTORIA-1 trial are expected in a press release in Q2 2026.
4. Celcuity estimates the total addressable U.S. market for gedatolisib in the second-line setting is more than $5 billion, with potential peak annual revenue of up to $2.5 billion.
5. Cash, cash equivalents, and short-term investments were $441.5 million at the end of fiscal year 2025, expected to finance operations through 2027.
6. Full-year 2025 net loss was $177 million ($3.79 per share), compared to $111.8 million ($2.83 per share) in 2024.
7. Net cash used in operating activities for full-year 2025 was $153.3 million, compared to $83.5 million for full-year 2024.
8. For U.S./Canada patients in the wild-type cohort, the gedatolisib triplet achieved median PFS of 19.3 months versus 2 months for fulvestrant, resulting in a hazard ratio of 0.13.
9. Celcuity plans to submit an MAA in Europe in Q4 2026 using combined wild-type and mutant data, with a roughly 13-month regulatory review timeline.
10. In the Phase Ib prostate cancer study, the combination of gedatolisib and darolutamide achieved a 6-month radiographic PFS rate of 67% and median rPFS of 9.1 months, compared to a historical 40% 6-month rPFS rate for androgen receptor inhibitor monotherapy.",0.0027218290691344,0.0588668049945709,0.763598326359833,0.693541395752059
ea_LNTH_Q3_2025,LNTH,2025Q4,2025-11-06 12:00:00,"1. Consolidated net revenue for Q3 2025 was $384 million, an increase of 1.4% year-over-year.
2. PYLARIFY sales were $240.6 million in Q3, down approximately 7% year-over-year, with U.S. volumes up 3.3%.
3. DEFINITY sales were $81.8 million, up 6.3% year-over-year.
4. Gross profit margin for Q3 was 53.5%, a decrease of 471 basis points year-over-year.
5. Adjusted earnings per share for Q3 were $1.27, a decrease of 25.3% year-over-year.
6. The company repurchased $100 million of shares during the quarter at an average price of $56.94 for 1.756 million shares.
7. Full year 2025 revenue guidance was narrowed to $1.49 billion to $1.51 billion from the prior range of $1.475 billion to $1.51 billion.
8. Full year 2025 adjusted EPS guidance was narrowed to $5.50 to $5.65 versus prior guidance of $5.50 to $5.70.
9. The company's new F-18 PSMA PET formulation could increase batch size by approximately 50% and is expected to qualify for 3 years of transitional pass-through payment status.
10. The FDA has set a PDUFA date of August 13, 2026 for MK-6240, the company's F-18 PET imaging agent for detecting tau in Alzheimer's disease patients.",0.001572601782282,-0.0504797546270451,0.290968090859924,0.5536876355748374
ea_MGNI_Q3_2025,MGNI,2025Q4,2025-11-05 21:05:00,"1. Q3 CTV contribution ex-TAC grew 18% year-over-year (25% excluding political), exceeding expectations and significantly above market growth.
2. Q3 adjusted EBITDA was $57 million, up 13% year-over-year, representing a 34% margin.
3. Total Q3 contribution ex-TAC was $167 million, up 12% and exceeding the high end of guidance.
4. The company expects 2026 contribution ex-TAC growth of at least 11%, excluding any potential market share gains from Google Ad tech trial remedies.
5. Management stated that every 1% of market share shifting to Magnite from Google remedies could mean $50 million of additional contribution ex-TAC annually at 90%+ flow-through margins.
6. Q4 2025 guidance calls for contribution ex-TAC of $191-$196 million (13-16% growth excluding political) and CTV contribution ex-TAC of $87-$89 million (23-25% growth excluding political).
7. Cash balance increased to $482 million at Q3 end, with plans to pay off $205 million in convertible notes maturing in March 2026 using cash.
8. Full year 2025 CapEx raised to approximately $80 million due to $20 million incremental investment in two new data center build-outs, with 2026 CapEx expected at approximately $60 million.
9. Ad spend from top agency holding companies grew nearly 20% year-over-year in Q3.
10. The company repurchased or withheld over 3.3 million shares for approximately $50 million through the first three quarters of 2025, with $88 million remaining in authorized repurchase program.",0.0029239766081871,-0.119325838909917,0.114115738236885,0.6746203904555315
ea_INKT_Q3_2025,INKT,2025Q4,2025-11-14 12:30:00,"1. MiNK Therapeutics ended Q3 2025 with a cash balance of $14.3 million and raised an additional $1.2 million since quarter end through an at-the-market sales agreement, providing runway through 2026.
2. Net loss for Q3 2025 was $2.9 million ($0.65 per share) compared to $1.8 million ($0.46 per share) in Q3 2024.
3. Net loss for the nine months ended September 30, 2025 was $9.9 million ($2.39 per share) compared to $8.3 million ($2.24 per share) for the same period in 2024.
4. Patients receiving agenT-797 in combination with PD-1 inhibitors achieved a median overall survival of approximately 23 months versus an expected survival of under 6 months in this refractory setting.
5. In the Phase I solid tumor trial, 82% of patients received agenT-797 monotherapy and 18% received combination therapy with PD-1 blockade, with patients having a median of 4 prior lines of therapy.
6. A patient with metastatic testicular cancer achieved complete remission ongoing for more than 2 years following a single infusion of agenT-797 in combination with PD-1 blockade.
7. A patient with myeloma treated with agenT-797 monotherapy remains progression-free more than 3 years after a single infusion.
8. The company leveraged a more than 700% increase in equity price to execute an at-the-market sales agreement with limited dilution to shareholders.
9. Manufacturing optimization now yields approximately 1 billion cells per donor with demonstrated stability beyond 2.5 to nearly 3 years.
10. The global Phase II trial in acute pulmonary dysfunction is expected to dose its first patient by very early Q1 2026 at the latest, with 28-day mortality as the primary endpoint.",0.0158850226928895,-0.0354006371608889,0.356949702541915,0.9154013015184381
ea_RMTI_Q3_2025,RMTI,2025Q4,2025-11-12 11:00:00,"1. Net sales for Q3 2025 were $15.9 million, representing a 44% decrease from $28.3 million in Q3 2024, driven by the transition of the largest customer to another supplier.
2. Adjusted EBITDA for Q3 2025 was positive $50,000, improving from negative $200,000 in Q2 2025 and negative $400,000 in Q1 2025.
3. Over 80% of Rockwell Medical's customers are now operating under long-term agreements, providing revenue stability and visibility.
4. The formerly largest customer represented 12% of net sales in Q3 2025, down significantly from prior periods due to successful diversification efforts.
5. Gross margin excluding restructuring costs was 18% in Q3 2025, an improvement over Q1 and Q2 2025 and within the guidance range of 16% to 18%.
6. Cash, cash equivalents and investments available for sale totaled $23.7 million at September 30, 2025, up from $18.4 million at the end of Q2.
7. A new 3-year product purchasing agreement with a Southern Florida dialysis center has the potential to generate approximately $1 million in annualized net sales.
8. Net loss for Q3 2025 was $1.8 million compared to net income of $1.7 million in Q3 2024.
9. At-home dialysis currently represents a single-digit percentage of business, with the overall at-home market expected to reach 10% to 15% in the near term.
10. The company expects discussions with its formerly largest customer to resolve in Q4 2025, with a contract discussion currently ongoing.",0.038095238095238,-0.0907383718126555,0.164954029204976,0.9680043383947939
ea_TCBX_Q3_2025,TCBX,2025Q4,2025-10-22 20:15:00,"1. Third Coast surpassed $5 billion in total assets for the first time, achieving a compound annual growth rate of 19.3% since its IPO in November 2021.
2. Third quarter net income was $16.9 million, up 8.3% versus the second quarter of 2025, resulting in an ROA of 1.41% and a return on equity of 15.1%.
3. Book value and tangible book value reached new records at $32.25 and $30.91 per share, respectively.
4. The efficiency ratio improved to 53.05% for the third quarter of 2025.
5. Net interest margin was 4.10% in Q3 2025, with management forecasting a margin of 3.90% to 3.95% for the fourth quarter.
6. Deposits increased $92 million for the quarter, resulting in a loan-to-deposit ratio of 95%.
7. Third Coast entered into a definitive merger agreement with Keystone Bancshares, with pro forma total assets expected to exceed $6 billion and a targeted close in the first quarter of 2026.
8. Period-end loans increased $85.4 million in Q3, with loans already up $50 million in October, and management expects Q4 loan growth of $50 million to $100 million.
9. Investment securities reached $583 million with a yield of 6.07%, and approximately $206 million of the portfolio is floating rate.
10. Nonaccrual loans declined for the second consecutive quarter by $2.6 million, and the company recorded net recoveries of $17,000 for the quarter.",0.005346232179226,-0.0364560570041841,0.3526230394808,0.7863340563991323
ea_ATI_Q3_2025,ATI,2025Q4,2025-10-28 11:30:00,"1. Revenue was up 7% year-over-year, exceeding $1.1 billion in Q3 2025, with adjusted EPS of $0.85, which was $0.10 above the high end of the projected range.
2. Adjusted EBITDA margin exceeded 20% in Q3, the highest since the pandemic and almost double the 2019 margin.
3. Aerospace and defense revenue reached an all-time high of 70% of total revenue in Q3, with total A&D revenue rising 21% year-over-year.
4. Defense revenue increased 51% year-over-year and 36% sequentially, marking the third consecutive year of double-digit growth in defense.
5. Jet engines, now 39% of total revenue, grew 19% year-over-year in Q3, with MRO representing approximately 50% of total engine sales.
6. Full year adjusted EBITDA guidance was raised to $848 million to $858 million, a $28 million increase at the midpoint, while adjusted free cash flow guidance was raised to $330 million to $370 million, a $40 million increase at the midpoint.
7. Cash generated from operations year-to-date reached $299 million, a $273 million improvement from the prior year.
8. The company returned $150 million to shareholders through share repurchases in Q3, with $120 million remaining under the current authorization.
9. Incremental margins remain near 50% year-to-date, demonstrating the leverage of the business model.
10. CFO Don Newman has elected to retire following the fourth quarter earnings call, with a search for his successor currently underway.",0.0011994329953113,0.0728237853412248,0.825310978907518,0.5027114967462039
ea_FLO_Q3_2025,FLO,2025Q4,2025-11-06 21:00:00,"1. Canyon units were up 6% and Dave's Killer Bread units were up 10% in the quarter.
2. In the small loaf category, the company gained 15 full points of unit share and is already #2 under the Nature's Own banner, with the category growing 85%.
3. Gross margin was down 190 basis points and EBITDA margin was down 160 basis points in Q3.
4. Simple Mills is 100% co-manufactured, which management identified as a key driver of gross margin pressure that will be lapped in February next year.
5. Category weakness is expected to continue at least partway into 2026 based on current conditions.
6. The company converted a significant portion of its California labor pool from independent distributors to company employees, which is a major driver of SG&A increases.
7. Period 10 results were negatively impacted by comping 5 named storms last year versus 0 this year.
8. CapEx expectations were reduced as the company focuses on returning to a more normalized leverage ratio.
9. The foodservice business has been under pressure, though profitability improvements from work done over the last 2-3 years continue to deliver on the bottom line.
10. The company is down to 44 bakeries and management indicated further supply chain optimization remains top of mind.",0.0,0.0166981287334735,0.634937804218496,0.2871475054229935
ea_BSY_Q4_2025,BSY,2026Q1,2026-02-26 12:00:00,"1. Full year 2025 total revenues were $1.502 billion, growing 11% on a reported basis and 10% in constant currency.
2. Q4 2025 constant currency ARR growth was 11.5% year-over-year, with net revenue retention stable at 109% and last 12 months account retention at 99%.
3. Adjusted operating income less stock-based compensation for full year 2025 was $430 million, up 16% year-over-year, with a margin of 28.6%, representing 110 basis points of margin improvement.
4. Free cash flow for 2025 totaled $520 million, up 24% year-over-year, with a free cash flow margin of 35% (30% after subtracting stock-based compensation).
5. The company retired its maturing 2026 convertible notes, reducing fully diluted share count by approximately 3%, and reduced net debt leverage to 2.1x, a 4-year low.
6. For 2026, the company expects total revenues constant currency growth of 11% to 13%, translating to reported revenues of $1.685 billion to $1.750 billion.
7. For 2026, adjusted operating income less operating SBC is expected to be $495 million to $510 million, and free cash flow is projected at $500 million to $570 million.
8. Subscription revenues now represent 92% of total revenues, up 2 percentage points from 2024, with E365 comprising 45% of subscription revenues, up from 42% in 2024.
9. Asset analytics strategy reached the $50 million run rate milestone for asset consumption revenue in 2025, with OpenTower iQ ARR now in 8 figures.
10. The company's current leverage and cash generation afford capacity to fund up to $400 million in programmatic acquisitions annually, expanding M&A focus beyond asset analytics.",0.000923645320197,0.144314165901323,0.913807531380753,0.5244906805374946
ea_MA_Q4_2025,MA,2026Q1,2026-01-29 13:00:00,"1. Q4 2025 net revenues grew 15% year-over-year on a non-GAAP currency-neutral basis, with value-added services and solutions net revenue up 22%.
2. Full year 2025 value-added services and solutions net revenue grew 21%, or 18% excluding acquisitions, on a currency-neutral basis.
3. Mastercard Move transaction growth exceeded 35% year-over-year in both Q4 2025 and full year 2025.
4. Q4 2025 EPS was $4.76, up 20% year-over-year, including a $0.10 contribution from share repurchases.
5. The company repurchased $3.6 billion worth of stock during Q4 and an additional $715 million through January 26, 2026.
6. Mastercard expects full year 2026 net revenue growth at the high end of low double-digit range on a currency-neutral basis, excluding inorganic activity.
7. A Q1 2026 restructuring charge of approximately $200 million is expected, impacting approximately 4% of full-time employees globally.
8. Cross-border volume increased 14% globally for Q4, reflecting continued growth in both travel and non-travel-related cross-border spending.
9. Mastercard now switches more than 70% of all Mastercard transactions globally, an increase of 10 percentage points since 2020.
10. Nearly 40% of all transactions are now tokenized as of Q4 2025, with approval rates in digital commerce increasing by 270 basis points over the last 5 years.",0.0010357327809425,0.0451896791569052,0.715481171548117,0.5392284351972259
ea_KURA_Q4_2025,KURA,2026Q1,2026-03-05 12:30:00,"1. KOMZIFTI generated $2.1 million in net product revenue in the final weeks of 2025, its first period of commercial sales.
2. KOMZIFTI is listed in the FDA's Orange Book with patent protection through July 2044.
3. Within 90 days of approval, approximately 84% of private payers had established coverage for KOMZIFTI aligned with the label and without additional restrictions.
4. Kura estimates the total U.S. opportunity across relapsed/refractory and frontline AML at approximately $7 billion, with the initial U.S. market for NPM1-mutated relapsed/refractory AML estimated at approximately $350 million to $400 million annually.
5. Certain blue plans are now requiring patients to receive KOMZIFTI before allowing coverage for the competing menin inhibitor, a step edit that is uncommon in oncology.
6. As of December 31, 2025, Kura had cash, cash equivalents and short-term investments of $667.2 million, which together with anticipated milestones of $180 million from Kyowa Kirin are expected to fund the ziftomenib AML program through first top-line Phase III results from KOMET-017 anticipated in 2028.
7. The first commercial sale triggered a $135 million milestone payment under the Kyowa Kirin collaboration agreement.
8. Net loss for Q4 2025 was $81 million compared to a net loss of $19.2 million for Q4 2024, with R&D expenses increasing to $64.4 million and SG&A expenses increasing to $39.1 million.
9. Kura expects collaboration revenue of $45 million to $55 million in 2026, $90 million to $110 million in 2027, and $90 million to $110 million in 2028.
10. According to an independent IPD Analytics assessment, the annual WACC for KOMZIFTI is just under $600,000 per year compared to almost $1 million per year for the competitor menin inhibitor due to different dosing schemas and SKUs.",-0.039766081871345,0.001797287209567,0.525523012552301,0.05201560468140442
ea_TFIN_Q3_2025,TFIN,2025Q4,2025-10-15 20:00:00,"1. The company cut 5% of its expense base, with the majority of those savings commencing in Q4 2025.
2. Q4 2025 expenses are expected to be $96.5 million, with the same level or better targeted for Q4 2026.
3. The company targets 20% annual growth in transportation revenue.
4. Q3 2025 annualized transportation revenue was $240 million, implying roughly $50 million of targeted growth in 2026.
5. Excluding LoadPay investments, the payments segment EBITDA margin would be almost 30%.
6. LoadPay account openings doubled over the prior quarter, with approximately 70% of accounts getting linked quickly after opening.
7. A linked and funded LoadPay account generates $750 in annual revenue, with some accounts reaching $4,000-$5,000 annually due to debit card interchange fees.
8. The company invested $110 million in technology on its cost base this quarter.
9. TriumphPay touches 47% of all invoices from a payments perspective and 64% when combining audit and payments.
10. The company identified a $42 million high-margin revenue infill opportunity from increasing pricing for existing TriumphPay customers to full rates.",0.0010440593025683,0.0789441414728778,0.841535965386696,0.4804772234273319
ea_NTRA_Q3_2025,NTRA,2025Q4,2025-11-06 21:05:00,"1. Q3 2025 revenue was $592 million, up approximately 35% year-over-year.
2. The company processed 202,000 clinical MRD tests in Q3, representing more than 21,500 units of sequential growth, which is 56% year-on-year growth.
3. Gross margin reached 64.9% in Q3, up almost 1.5 percentage points from Q2 and nearly 3 percentage points higher than Q3 of last year excluding true-ups.
4. Full-year 2025 revenue guidance was raised by $160 million at the midpoint to a range of $2.18 billion to $2.26 billion.
5. The company now expects to generate roughly $100 million in free cash flow for the full year 2025.
6. Signatera ASPs are now at roughly $1,200, with approximately $55 million in revenue true-ups recorded in Q3.
7. Days sales outstanding improved to 49 days in Q3 from 57 days in Q2, with October setting a new record for cash collections.
8. Management expects to submit 7 new MolDx submissions before year-end, which could be worth $250 million to $300 million of gross profit based on current run rate.
9. The company's cash balance is now above $1 billion with no permanent debt on the books.
10. In the PROCEED-CRC early cancer detection study, the company reported 22.5% sensitivity for advanced adenomas at 91.5% specificity from 1,400 sequential participants.",-0.0013603385731559,0.0033057457645406,0.571660356949703,0.19414316702819956
ea_HON_Q4_2025,HON,2026Q1,2026-01-29 11:00:00,"1. Q4 2025 orders grew 23% organically, driving backlog to a record of over $37 billion, up 15% year-over-year.
2. Full year 2025 adjusted EPS was $9.78, up 12% year-over-year (or 7% excluding the Bombardier agreement impact).
3. The Aerospace spin-off is now expected to complete in Q3 2026, ahead of the original timeline.
4. Quantinuum raised approximately $840 million at a $10 billion pre-money valuation and launched Helios, described as the world's most accurate commercial quantum computer.
5. 2026 guidance includes sales of $38.8 billion to $39.8 billion (up 3% to 6% organically) and adjusted EPS of $10.35 to $10.65 (up 6% to 9%).
6. The company deployed $10 billion in capital in 2025, including $3.8 billion for share repurchases (18 million shares), $2.2 billion for acquisitions, and $3.8 billion for debt repayment.
7. Full year 2026 free cash flow is expected to be $5.3 billion to $5.6 billion, up 4% to 10%, representing approximately 14% free cash flow margin.
8. Price execution contributed roughly 4 percentage points to Q4 top-line growth, with management expecting approximately 3% to 3.5% pricing contribution in 2026.
9. Honeywell intends to pursue a sale of both Productivity Solutions and Services and Warehouse and Workflow Solutions in the first half of 2026.
10. Following a settlement of all Flexjet-related litigation matters, Honeywell made a one-time cash payment of $377 million in Q1 2026, which is excluded from full year free cash flow guidance.",0.0002769571639586,0.051231768897238,0.739330543933054,0.3987863025574339
ea_RBOT_Q3_2025,RBOT,2025Q4,2025-11-12 21:05:00,"1. Total operating expenses for Q3 2025 were $11.5 million, a 35% decrease compared to $17.8 million in Q3 2024.
2. The company ended Q3 2025 with approximately $13.4 million of cash, cash equivalents and short-term investments.
3. Q3 2025 cash burn rate was approximately $10.5 million.
4. The company completed a registered direct offering post-quarter, adding approximately $5.2 million in net proceeds to the balance sheet.
5. Full year 2025 cash burn is expected to be approximately $50 million.
6. The company is targeting design freeze of the production-equivalent system by year-end 2026.
7. The company conducted a layoff of approximately 15% of employees a couple of weeks prior to the call to help control burn.
8. Research and development expenses for Q3 2025 were $8 million compared to $10.8 million in Q3 2024.
9. GAAP net loss for Q3 2025 was $11.1 million or $1.86 per share, compared to $17.1 million or $2.90 per share in Q3 2024.
10. Internal testing showed suturing time for IPOM ventral hernia procedures dropped from an average of 40 minutes to an average of 14 minutes, indicating improved system stability and reliability.",0.104368932038835,-0.137624090944042,0.0892374256354786,0.9880694143167028
ea_FOXA_Q2_2026,FOXA,2026Q1,2026-02-04 12:30:00,"1. Total company revenues for Q2 fiscal 2026 reached $5.18 billion, a 2% increase from the prior year quarter.
2. Distribution revenues grew 4% during the quarter, with subscriber declines improving to 6.3%, excluding FOX One contributions.
3. Tubi delivered its most streamed quarter ever with total view time up 27% year-over-year and revenue growing 19%, achieving EBITDA profitability for the second consecutive quarter.
4. Fiscal year-to-date, Fox repurchased $1.8 billion through its share buyback program, bringing cumulative repurchases to $8.4 billion or approximately 35% of total shares outstanding since 2019.
5. Quarterly adjusted EBITDA was $692 million compared to $781 million in the prior year quarter, with adjusted EPS of $0.82.
6. FOX News scatter pricing is up 46-47% year-on-year, and the company added approximately 200 new advertisers in the first half on top of 350 new advertisers added last year.
7. Total minutes viewed across Sports, News, Entertainment and Tubi increased 15% year-over-year in calendar year 2025.
8. The company ended the quarter with approximately $2 billion in cash and $6.6 billion in debt, and announced a $0.28 per share semiannual dividend.
9. FOX News Digital social media views were up 170% over the prior year, and the network finished the quarter as the most watched cable network in total day.
10. The company's 2.5% stake in Flutter is worth approximately $700 million, and the 18.6% option in FanDuel is valued at approximately $2.1 billion based on average buy-side valuations.",0.0046961719083534,-0.0314383334765068,0.365690376569038,0.7897702644126572
ea_UTI_Q1_2026,UTI,2026Q1,2026-02-04 21:05:00,"1. Q1 FY2026 revenue grew 10% year-over-year to $221 million, with baseline adjusted EBITDA of nearly $35 million including over $7 million in growth investments.
2. The company reiterated full-year FY2026 revenue guidance of $905 million to $915 million, representing approximately 9% year-over-year growth at the midpoint.
3. Average full-time active students increased 7.2% year-over-year to 26,858 in Q1, while total new student starts grew 2.6% to 5,449.
4. The Austin campus now has over 1,000 average full-time active students, which is 70% higher than originally modeled.
5. The San Antonio campus is expected to train over 600 students annually and generate approximately $32 million in run rate revenue at scale.
6. The UTI Atlanta campus is projected to enroll over 1,200 students and generate upwards of $45 million in run rate revenue at scale.
7. Total available liquidity at quarter end was $233.2 million, including $69.2 million of short-term investments and $70.4 million of remaining revolving credit facility capacity.
8. The company expects approximately $100 million in capital expenditures for FY2026, with $75 million designated as growth CapEx supporting new campuses and programs.
9. Long-term targets remain unchanged: revenue exceeding $1.2 billion by fiscal 2029 (representing roughly 10% revenue CAGR) and adjusted EBITDA approaching $220 million.
10. The company reiterated adjusted free cash flow expectations for FY2026 of $20 million to $25 million, with the dip attributable to growth investments.",0.0032304379038047,-0.098769266032411,0.168200836820084,0.729085392284352
ea_PFG_Q3_2025,PFG,2025Q4,2025-10-27 20:15:00,"1. Principal Financial delivered 13% adjusted earnings per share growth year-over-year and 14% year-to-date, above the company's target range.
2. The company returned $400 million of capital to shareholders in Q3 2025, including $225 million in share repurchases and $173 million in common stock dividends.
3. Total company managed AUM reached $784 billion, increasing 4% sequentially, driven by strong market performance and positive net cash flow of $400 million.
4. The company has $1.6 billion of excess and available capital, which is $150 million higher than at the start of Q3, with an estimated risk-based capital ratio of 400%.
5. Specialty Benefits delivered record pre-tax operating earnings of $147 million, a 28% increase year-over-year, with total SBD loss ratio improving 340 basis points.
6. Investment Management gross sales reached $32 billion, up 19% year-over-year, with management fees increasing 5% year-over-year despite industry fee pressure.
7. Private markets generated net inflows of $1.7 billion in the quarter, with private AUM growing 9% year-over-year across real estate, infrastructure, and private credit strategies.
8. Workplace savings and retirement solutions transfer deposits grew 13% year-over-year, with SMB recurring deposits up 8% and transfer deposits increasing 27%.
9. The company raised its common stock dividend to $0.79 per share, marking the ninth consecutive quarterly increase and an 8% increase over both the year-ago quarter and trailing 12-month period.
10. Principal expects to deliver full year capital return of $1.4 billion to $1.7 billion, including $700 million to $1 billion of share repurchases, with Q4 buybacks expected to exceed the elevated Q3 levels.",-0.0011310795525951,0.0315115976688724,0.700378583017848,0.20119305856832972
ea_CASH_Q4_2025,CASH,2025Q4,2025-10-21 20:10:00,"1. Pathward reported fiscal year 2025 earnings per diluted share of $7.87, which was above the high end of guidance and represents year-over-year growth of 9%.
2. Net income for fiscal year 2025 was $185.9 million, with noninterest income increasing 10% compared to the prior year.
3. Full year net interest margin expanded to 7.34% and adjusted net interest margin to 5.92%, with return on average assets of 2.46% and return on average tangible equity of 38.75%.
4. The company signed new agreements with Trustly, Stripe, Greenlight, and partnered with Upstart to offer personal loans through Upstart's AI lending marketplace.
5. Total loans and leases grew 14% year-over-year to $4.7 billion, primarily driven by growth in commercial finance verticals including structured finance, asset-based lending, and warehouse finance.
6. The company repurchased approximately 2.1 million shares during fiscal year 2025, with almost 5 million shares still available under the current stock repurchase program.
7. A $14.3 million release of credit provision was recorded after moving more than half of the held-for-investment consumer portfolio to held for sale due to an agreement to sell those loans in early October.
8. Annual net charge-off rate in commercial finance was 64 basis points in fiscal 2025 compared to 52 basis points in fiscal 2024, with allowance for credit loss ratio at 118 basis points versus 129 basis points last year.
9. The company is maintaining fiscal year 2026 earnings per diluted share guidance of $8.25 to $8.75, assuming no rate cuts and an effective tax rate of 18% to 22%.
10. Secondary market revenues are expected to run at approximately $5 million to $7 million per quarter on a run rate basis going forward.",0.0043205574912891,0.0059347863146258,0.584640346133045,0.7467462039045553
ea_XMTR_Q4_2025,XMTR,2026Q1,2026-02-24 12:01:00,"1. Q4 2025 revenue grew 30% year-over-year to more than $192 million, with marketplace revenue increasing 33% year-over-year to $178 million.
2. Full year 2025 adjusted EBITDA was $18.5 million compared to a loss of $9.7 million in 2024, marking the first full year of adjusted EBITDA profitability.
3. Q4 marketplace gross margin expanded 80 basis points year-over-year to 35.3%, up from approximately 25% four years ago.
4. Revenue from marketplace accounts with last 12-month spend of at least $500,000 increased over 40% year-over-year, with over 140 such accounts at year-end 2025, up from 100 in the prior year.
5. Xometry ended 2025 with 4 accounts with at least $10 million of annual spend and expects more accounts to join that threshold in 2026.
6. Q1 2026 revenue guidance is $187 million to $189 million (24%-25% year-over-year growth) with adjusted EBITDA of $6.5 million to $7.5 million, compared to roughly breakeven in Q1 2025.
7. Full year 2026 guidance calls for at least 21% revenue growth and incremental adjusted EBITDA margins of at least 20%, with marketplace gross margin expected to be higher than 2025.
8. Q4 active buyers increased 20% year-over-year to 81,821, while marketplace revenue per active buyer increased 11% year-over-year.
9. CEO Randy Altschuler will transition to Executive Chair effective July 1, 2026, with President Sanjeev Singh Sahni becoming CEO as part of a planned succession.
10. Cash and cash equivalents and marketable securities were $219 million at quarter end, with $6.1 million in operating cash flow generated in 2025, and management expects sustainable free cash flow positivity when reaching approximately $225 million in quarterly revenue.",0.0022747156605424,-0.230570534475855,0.0288702928870293,0.6631989596879063
ea_WLFC_Q4_2025,WLFC,2026Q1,2026-03-10 10:30:00,"1. Willis Lease Finance reported record Q4 2025 revenues of $193.6 million, a 27% increase year-over-year, and record full-year revenues of $730.2 million, a 28% increase over 2024.
2. Full-year adjusted EBITDA was $459.1 million, up 16.6% from $393.7 million in 2024, and record earnings before tax reached $160.6 million.
3. The company established a $600 million fund with Liberty Mutual Insurance focused on loan-like assets and a separate $1 billion-plus fund with Blackstone Credit & Insurance focused on operating lease assets, with Willis serving as minority investor and general partner in both.
4. The maintenance-adjusted market value of the total portfolio exceeds its balance sheet book value (net of on-balance sheet maintenance reserves) by approximately $700 million, excluding any potential future end-of-lease payments or contractual return conditions.
5. Lease portfolio utilization averaged 85% in 2025, up from 83% in 2024, while retaining an average lease rental factor in excess of 1% per month.
6. Total debt obligations increased from $2.264 billion at year-end 2024 to $2.7 billion at year-end 2025, while leverage (total debt net of cash and restricted cash to equity inclusive of preferred stock) declined by over 0.5 turn to 2.97x from 3.48x.
7. The company purchased equipment including capitalized shop visit costs totaling $524.6 million in 2025, growing the total owned portfolio to $3 billion at year-end.
8. Net income attributable to common shareholders was $108.1 million ($15.39 diluted EPS), up 3.5% from $104.4 million ($15.34 diluted EPS) in 2024, with an effective tax rate of 29.2% but actual cash taxes paid of only $3.4 million due to depreciation tax shields.
9. Write-down of equipment was $32.9 million in 2025 compared to $11.2 million in 2024, while G&A increased to $194.7 million from $146.8 million driven by a $15.3 million increase in share-based compensation and $12.6 million in consultant fees primarily related to the now-discontinued sustainable aviation fuel project.
10. Fee-related revenue (reported in other revenue) grew 89% to $17.2 million from $9.1 million in 2024, driven by management fees from the Willis Mitsui joint venture, and is expected to grow further from the new fund partnerships.",-0.010455899713306,-0.0236957548180236,0.405857740585774,0.10836584308625921
ea_AIZ_Q4_2025,AIZ,2026Q1,2026-02-10 21:15:00,"1. Assurant delivered 11% adjusted EBITDA growth and 12% adjusted EPS growth excluding catastrophes in 2025, marking its ninth consecutive year of profitable growth.
2. Since 2020, adjusted EBITDA excluding cats has increased by over $700 million at an 11% CAGR, while adjusted EPS excluding cats grew to $22.81 per share at a high-teens CAGR.
3. Global Housing adjusted EBITDA surpassed $1 billion in 2025, more than doubling since 2022, with an underlying combined ratio of 80% excluding favorable prior year reserve development.
4. The company's 2025 results included $113 million of favorable prior year reserve development in Housing, and the 2026 outlook does not contemplate additional prior year reserve development.
5. For 2026, Assurant expects mid- to high single-digit growth in adjusted EBITDA and EPS excluding cats after overcoming the $113 million of 2025 prior year development and incremental Home Warranty investments totaling over $130 million combined.
6. Assurant added nearly 2 million protected devices over the past year, bringing total globally protected devices to over 66 million, with subscriber growth expected to continue into 2026.
7. The company expects $15 million to $20 million of incremental Home Warranty investment in 2026, with the corporate EBITDA loss rising to approximately $140 million from $124 million in 2025.
8. Assurant repurchased $300 million in shares in 2025 at the top end of its expected range, and increased its 2026 repurchase guidance to $250 million-$350 million, up from the prior $200 million-$300 million range.
9. Fourth quarter Connected Living written premium growth accelerated to 48%, driven partly by bringing on a back book of Best Buy Geek Squad protection policies with multiyear contracts that will earn through over the next couple of years.
10. The annual catastrophe load assumption for 2026 is estimated between $180 million and $185 million, with the reinsurance program expected to maintain a similar structure to 2025 with robust coverage at both the top and bottom end.",0.0003806140573458,-0.0855184950320723,0.201673640167364,0.42306025140875597
ea_STKS_Q3_2025,STKS,2025Q4,2025-11-06 21:05:00,"1. Total consolidated GAAP revenues were $180.2 million, decreasing 7.1% from $194 million for the same quarter last year.
2. Consolidated comparable sales declined 5.9% in Q3 2025, with the company guiding full-year comparable sales of negative 3% to negative 2%.
3. Adjusted EBITDA attributable to The ONE Group Hospitality was $10.6 million compared to $14.9 million in the prior year, a decrease of 28.9%.
4. The company's Q3 traffic declined 6.9%, an improvement from Q2's -7.5% and Q1's -7.8%, representing the best traffic quarter of the year.
5. The Friends with Benefits loyalty program now has over 6.5 million members, with over 200,000 new members added during the quarter.
6. The company identified up to 9 additional Grill locations to convert to either Benihana or STK formats through the end of 2026, with conversions requiring approximately $1 million in capital investment while the average STK generates over $1 million in annual EBITDA.
7. Future Benihana locations are expected to achieve $8 million in annual sales with restaurant-level profit margins in the mid-20% range.
8. The company is targeting a reduction in Benihana table turn times from 120 minutes to 90 minutes during Q4 to significantly expand capacity during busy dinner periods.
9. Fiscal year 2025 adjusted EBITDA guidance is $95 million to $100 million, with total GAAP revenues projected between $820 million and $825 million.
10. The company has approximately $45 million in liquidity and plans to further reduce discretionary capital expenditures in 2026, with total 2025 capital expenditures expected between $45 million and $50 million.",-0.177980449565546,-0.0430023179688123,0.321254732287723,0.00596529284164859
ea_FIP_Q3_2025,FIP,2025Q4,2025-10-30 20:15:00,"1. Q3 2025 adjusted EBITDA was $70.9 million, up 55% from $45.9 million last quarter and nearly double year-over-year.
2. The company expects to generate in excess of $450 million of adjusted EBITDA on an annual basis, excluding organic growth or new business wins.
3. West Virginia gas production now exceeds 100,000 MMBtu per day, well above the power plant's consumption of 70,000 MMBtu per day.
4. Total debt was $3.7 billion at quarter end, with $1.2 billion at parent level and $2.5 billion nonrecourse at subsidiaries.
5. Combined Transtar and Wheeling EBITDA target was increased to at least $220 million run rate by end of 2026, up from the original $200 million estimate.
6. Long Ridge expects to achieve its $160 million annual EBITDA run rate in Q4 2025.
7. Repauno Phase 2 contracts represent minimum volumes of 71,000 barrels per day and approximately $80 million of annual EBITDA once operational.
8. The company plans to explore strategic alternatives for Long Ridge, including a potential sale of the business.
9. Repauno Phase 3 cavern construction is estimated at approximately $200 million per cavern, generating about $70-80 million of annual EBITDA with roughly a 3-year payback.
10. Wheeling volumes and revenues increased approximately 10% versus Q2, with EBITDA up 20% versus Q2 in the first period of ownership.",-0.154598825831703,0.0409987694101414,0.7355327203894,0.014642082429501085
ea_DVA_Q4_2025,DVA,2026Q1,2026-02-02 21:05:00,"1. Full year 2025 adjusted operating income was $2.094 billion with adjusted EPS of $10.78 from continuing operations.
2. DaVita's 2026 guidance includes adjusted operating income of $2.085 billion to $2.235 billion, representing 3.2% growth at the midpoint.
3. Adjusted EPS guidance for 2026 is $13.60 to $15.00, reflecting 33% growth at the midpoint versus 2025.
4. IKC delivered its first profitable fiscal year in 2025, with full year adjusted operating income of $22 million and Q4 adjusted OI of $46 million.
5. The company repurchased nearly 13 million shares for approximately $1.8 billion during full year 2025.
6. DaVita announced a $200 million minority investment alongside Ares Private Equity Funds to acquire Elara Caring, a leading home care provider.
7. U.S. dialysis treatments declined by 1.1% versus 2024, with treatment volume expected to be approximately flat in 2026.
8. The expiration of enhanced premium tax credits is expected to create a $40 million revenue headwind in 2026, growing to $70 million in 2027.
9. Free cash flow guidance for 2026 is between $1 billion and $1.25 billion.
10. Year-end leverage ratio was 3.26x consolidated EBITDA, at the midpoint of the company's target range of 3x to 3.5x.",0.0017087867613994,0.219388966664782,0.961924686192469,0.6159514521022974
ea_AES_Q3_2025,AES,2025Q4,2025-11-04 22:00:00,"1. AES reaffirmed full year 2025 guidance with adjusted EBITDA of $2.65 billion to $2.85 billion and adjusted EPS of $2.10 to $2.26.
2. Renewables EBITDA increased 46% year-to-date, driven primarily by 3 gigawatts of new capacity completed over the last 12 months.
3. Q3 2025 adjusted EBITDA was $830 million versus $698 million in Q3 2024, while adjusted EPS increased to $0.75 from $0.71 in the prior year.
4. AES has signed 2.2 gigawatts of new PPAs year-to-date and expects to sign at least 4 gigawatts total for 2025, with 2.9 gigawatts of construction already completed toward a 3.2 gigawatt annual target.
5. The company has already realized the majority of $150 million in cost savings for 2025 and is on track to achieve a $300 million annual run rate in 2026.
6. AES expects an incremental $400 million of run rate EBITDA beyond 2027 from projects already in the 11.1 gigawatt backlog that will be under construction or coming online in 2027.
7. AES Ohio filed a unanimous settlement including an annual revenue increase of approximately $168 million and an ROE of nearly 10%, with rates expected to be effective as early as November 2025.
8. The company has 8.2 gigawatts of data center agreements with 4.2 gigawatts in operation and 4 gigawatts in backlog, with data center PPA returns trending toward the upper end of the 12% to 15% guidance range.
9. AES plans to return more than $500 million in dividends to shareholders in 2025 while investing approximately $1.8 billion toward new growth primarily in renewables and utilities.
10. Management reaffirmed the 5% to 7% long-term EBITDA growth rate through 2027, with the growth rate expected to increase to the low teens next year as drag from asset sales and coal retirements diminishes.",-0.0014880952380952,0.0537552536840384,0.777717685235262,0.19197396963123645
ea_IEX_Q4_2025,IEX,2026Q1,2026-02-04 12:00:00,"1. HST segment organic orders grew 34% in Q4 2025, reaching a record $493 million, driven by data center, semiconductor, and space and defense applications.
2. Full year 2025 free cash flow was $617 million, up 2% year-over-year, with free cash flow conversion of 103% of adjusted net income.
3. IDEX repurchased nearly $250 million worth of shares (1.4 million shares) in 2025, with management indicating approximately $75 million per quarter as the base assumption for 2026.
4. Platform optimization and cost containment efforts yielded approximately $60 million in full year 2025 savings, with $40 million structural and $20 million temporary.
5. Full year 2026 guidance includes organic growth of 1% to 2%, adjusted EBITDA margin of 26.5% to 27%, and adjusted EPS of $8.15 to $8.35.
6. HST backlog grew over $100 million year-over-year, with almost half directly attributable to data center applications.
7. Gross leverage was reduced from 2.2x to 2.0x during 2025, while IDEX ended the year with approximately $1.1 billion in liquidity.
8. Q4 2025 adjusted EBITDA margin expanded 40 basis points year-over-year, while HST segment margin expanded 60 basis points.
9. FMT segment faces continued subdued spending in oil and gas, chemical, and agricultural markets, which together make up over one-third of FMT revenue.
10. Q1 2026 guidance projects organic growth of approximately 1%, adjusted EBITDA margin of approximately 24.5%, and adjusted EPS of $1.73 to $1.78, relatively flat year-over-year.",0.0002976042855017,0.0574831193561537,0.759414225941423,0.4035543996532293
ea_HGTY_Q3_2025,HGTY,2025Q4,2025-11-04 12:00:00,"1. Total revenue increased 18% to $380 million in the third quarter, with written premium growth of 16% driven by State Farm policy conversions and industry-leading retention of 89%.
2. Net income for the first nine months of 2025 increased 73% to $121 million, while adjusted EBITDA grew 46% to $153 million.
3. Operating margins expanded 350 basis points in the first nine months of 2025 and 590 basis points in Q3 to 9%.
4. October delivered the highest Policy in Force (PIF) growth in the company's history as State Farm conversions ramped up.
5. The company announced a new partnership with Liberty Mutual and Safeco, with Liberty Mutual being the seventh largest auto insurer in the U.S., representing tens of thousands of potential customers.
6. Full year 2025 guidance was raised to net income of $124-$129 million (58%-65% growth) and adjusted EBITDA of $170-$176 million (37%-41% growth).
7. The loss ratio came in at 42% for Q3 and year-to-date, resulting in a combined ratio of 89%.
8. Under the new Markel fronting arrangement beginning in 2026, Hagerty will control 100% of premium and risk, up from 80% under the prior quota share agreement.
9. A $38 million valuation allowance was released as an income tax benefit due to sustained profitability improvements, partially offset by a $29 million TRA liability expense.
10. The company ended Q3 with $160 million in unrestricted cash and $178 million of total debt, including $75 million in back leverage for collateralized loans.",0.0044286979627989,-0.0011955638109696,0.548404542996214,0.7505422993492408
ea_XPEL_Q4_2025,XPEL,2026Q1,2026-02-25 13:30:00,"1. Q4 2025 revenue grew 13.7% year-over-year and Q4 EBITDA grew 37.6% to $19.6 million, reflecting a 16% EBITDA margin.
2. The U.S. region saw revenue growth of 11% in Q4, with the EV credit expiration pull-forward estimated to have cost $1 million to $2 million of end product demand from the referral program channel alone.
3. Q4 was the first full quarter of post-acquisition China revenue, which came in at $14 million, slightly higher than expected.
4. Europe was a bright spot in Q4 with revenue growing 26.8%, while Canada revenue declined slightly and Latin America was flat.
5. Q1 2026 revenue guidance is in the $112 million to $114 million range, with Q1 typically being the lowest revenue quarter of the year.
6. Full-year 2025 EBITDA was $77.4 million (up 11.4% YoY) with a 16.3% EBITDA margin, and full-year EPS was $1.85 per share on net income of $51.2 million (up 12.6% YoY).
7. Total window film product line grew 21.7% for the full year, driven primarily by market share gains in auto and a lift from the new windshield protection film product.
8. Gross margin in Q4 was 41.9%, relatively flat to Q3, with management expecting gross margins to improve to at or above historical best levels by Q2 2026 as pricing headwinds and higher-cost acquired China inventory sell through.
9. Cash flow from operations was $66.9 million for the year, representing over 86% of total EBITDA and approximately 40% higher than the prior year.
10. The company's effective tax rate in Q4 was under 14% due to onetime items, with management guiding to a 21% effective tax rate going forward.",0.0007925500297206,-0.076279406467388,0.222594142259414,0.5023840485478978
ea_OPCH_Q3_2025,OPCH,2025Q4,2025-10-30 11:00:00,"1. Q3 2025 revenue grew 12% year-over-year, with acute therapies growing in the mid-teens and chronic therapies growing in the low double digits.
2. Stelara biosimilar adoption negatively impacted chronic portfolio growth by 380 basis points in Q3 2025.
3. Adjusted EBITDA was $119.5 million in Q3 2025, up 3.4% year-over-year, with an adjusted EBITDA margin of 8.3%.
4. Adjusted earnings per share of $0.45 grew 9.8% over last year, benefiting from share repurchases and a lower tax rate.
5. The company generated $223 million in cash flow from operations year-to-date through Q3 2025.
6. Net debt to adjusted EBITDA leverage stood at 1.9x at the end of Q3 2025.
7. The company repurchased over $62 million in shares during Q3 2025.
8. Full year 2025 guidance was raised to revenue of $5.6 billion to $5.65 billion, adjusted EBITDA of $468 million to $473 million, and adjusted EPS of $1.68 to $1.72.
9. The full year Stelara gross profit impact is now expected at the upper end of the $65 million to $70 million range.
10. The company operates 175 infusion suite facilities, with 24 of those being advanced practitioner or infusion center capable.",0.0013951866062085,-0.0752295072361906,0.20551649540292,0.5292841648590022
ea_SFIX_Q2_2026,SFIX,2026Q1,2026-03-11 20:05:00,"1. Q2 revenue grew 9.4% year-over-year to $341.3 million, exceeding the company's outlook and marking the fourth consecutive quarter of year-over-year revenue growth.
2. Revenue per active client reached $577 in Q2, up 7.4% year-over-year, the highest level reported as a public company and the eighth consecutive quarter of year-over-year RPAC growth.
3. Q2 adjusted EBITDA was $15.9 million or 4.7% of revenue, outperforming expectations, and contribution margin exceeded 30% for the eighth consecutive quarter.
4. Full year FY 2026 revenue guidance was raised to between $1.33 billion and $1.35 billion, with full year adjusted EBITDA expected between $42 million and $50 million.
5. Fix average order value rose 9.8% year-over-year, the 10th consecutive quarter of growth, with average unit retail up 7.7% driven by improved assortment rather than tariff-related pricing.
6. The company ended Q2 with 2.3 million active clients and expects positive sequential net active client adds in Q3, with a goal to return to year-over-year active client growth in FY 2027.
7. Activewear and athleisure grew 37% year-over-year combined, footwear grew 33%, accessories grew 51%, and special occasion styles grew 46%, with management estimating approximately $1 billion in incremental revenue opportunity from these categories within the existing client base.
8. Clients who engaged with Stitch Fix Vision, the AI-powered styling platform, showed over 100% lift in Freestyle spend over a 90-day period, with 75% returning to use the feature in subsequent months.
9. New client 3-month LTVs grew year-over-year for 10 consecutive quarters, client retention reached the highest rate in nearly 4 years, and client mentions of weight loss in fix request notes surged 75% year-over-year.
10. The company ended Q2 with $240.5 million in cash and investments with no debt, and expects to be free cash flow positive for the full year.",0.0059171597633136,-0.00770416900164,0.481171548117155,0.8214130905938448
ea_DVLT_Q4_2025,DVLT,2026Q1,2026-03-19 11:00:00,"1. Datavault AI achieved its first ever profitable quarter on a GAAP basis with adjusted EBITDA exceeding $8 million in Q4 2025.
2. The company ended the year with over $115 million in working capital after substantially eliminating its debt through strategic financing initiatives.
3. Datavault AI is reiterating full year 2026 revenue guidance of $200 million, with sequential quarterly growth and the majority weighted to the second half.
4. The company completed acquisitions of CompuSystems Inc. (CSI) and API Media in early 2026 and is integrating them under a project known as Event Citadel.
5. Datavault AI acquired control of NYIAX, which provides access to the NASDAQ Financial Framework for trading tokenized assets.
6. The NYIAX acquisition transaction recognized a stock price of $1.90 per share for Datavault AI equity.
7. The company has established international offices in Seoul (Korea), Tokyo (Japan), operations in Taiwan, Beaverton (Oregon) for the Asian market, and a new office in London's Mayfair for European expansion.
8. Management stated that international revenue could potentially rival or exceed U.S. domestic revenue.
9. The company has partnerships with IBM (platinum developer partnership), Fiserv (fiat-to-token conversion), and Houlihan Lokey (smart contract auditing) as part of its technology and compliance infrastructure.
10. Datavault AI has developed multiple genre-specific tokenization exchanges including the Sports Illustrated Exchange (NIL), International Elements Exchange (real-world assets), a biotech exchange licensed to Scilex, and an American Political Exchange approved under FEC compliance.",0.098946009894601,-0.141154932332167,0.100418410041841,0.9848287819679237
ea_WKC_Q3_2025,WKC,2025Q4,2025-10-23 20:15:00,"1. Ira Birns has been unanimously elected by the Board to become World Kinect's next CEO and join the Board effective January 1, 2026.
2. Third quarter consolidated volume was 4.3 billion gallons, down 4% year-over-year, with consolidated gross profit declining 7% to $250 million.
3. Aviation gross profit of $143 million increased $14 million or 11% year-over-year, driven by strong results at European airport locations, government sales, and business aviation activities.
4. The Universal Trip Support acquisition is expected to be approximately 7% accretive to adjusted earnings per share in the first 12 months, with additional accretion from approximately $15 million of annual cost synergies within 2 years following closing.
5. Land gross profit was $81 million, down 20% year-over-year, principally due to unfavorable market conditions in North American liquid fuel business and the impact of recent business exits.
6. Marine gross profit decreased 32% year-over-year due to lower profit contributions from physical locations and lower margins driven by low market volatility and lower fuel prices.
7. The company generated $116 million of operating cash flow and $102 million of free cash flow in Q3, bringing year-to-date operating and free cash flow to $259 million and $215 million respectively.
8. Net debt to adjusted EBITDA ratio decreased to under 1x, enabling the company to maintain a strong liquidity profile.
9. Since the beginning of 2024, the company has returned $214 million to shareholders through buybacks and dividends, representing more than 50% of free cash flow and exceeding their Investor Day target of 40%.
10. Fourth quarter consolidated gross profit is expected to be in the range of $237 million to $245 million, with operating expenses expected to be $181 million to $187 million.",-0.0027173913043478,0.0267810349314847,0.678745267712277,0.16540130151843818
ea_GWH_Q3_2025,GWH,2025Q4,2025-11-13 21:05:00,"1. Q3 2025 revenue was $200,000, down from $2.4 million in Q2 2025, reflecting the transition from Energy Warehouse and Energy Center deliveries to the Energy Base platform.
2. Net loss for Q3 2025 was $10.4 million, or $0.73 per share.
3. The company ended Q3 with cash, cash equivalents and short-term investments of $3.5 million, excluding the $30 million Yorkville financing that closed after quarter end.
4. ESS completed a $40 million financing with Yorkville Advisors and has already repaid $15 million of the $30 million drawn to date.
5. The company is launching a $75 million at-the-market equity program with a syndicate including Yorkville, BMO, Canaccord, Needham and Stifel.
6. ESS announced a 50-megawatt-hour Energy Base pilot project with Salt River Project, representing the first commercial-scale deployment of the next-generation Energy Base platform.
7. 100% of the company's active commercial opportunities are now centered on the Energy Base platform since its launch earlier this year.
8. As of the call date, ESS has approximately $30 million in cash on hand with the ability to draw an additional $10 million from Yorkville's promissory note at its discretion.
9. The current Energy Base offering provides 10-hour duration, with the company targeting a 16-hour battery by 2029.
10. GAAP cost of revenues totaled $4.9 million and operating expenses were $5.1 million in Q3, reflecting the company's focus on disciplined cost control.",0.0423529411764706,-0.316580002822146,0.0054083288263926,0.972885032537961
ea_LIQT_Q4_2025,LIQT,2026Q1,2026-02-27 13:00:00,"1. Full year 2025 revenue was slightly above $16.5 million, up from $14.6 million in 2024, representing approximately 13% year-over-year growth.
2. Systems and aftermarket sales grew 49% to $8.2 million in 2025 from $5.5 million in 2024.
3. The company sold a record 34 pool systems in 2025, with pool system revenue totaling $2.6 million, and expects pool revenue of approximately $5 million to $6 million in 2026.
4. Gross margins improved to 7.6% in 2025 from 1.7% in 2024, with average contribution margins typically around 40%.
5. Adjusted EBITDA was negative $5 million in 2025 compared to negative $6.1 million in 2024, and the company targets positive full year 2026 adjusted EBITDA in the mid- to high range of its revenue guidance assuming constant currencies.
6. The company ended Q4 2025 with $5.1 million in cash and indicated it is evaluating different financial options to support its growth plan.
7. 2026 revenue guidance is set at $23 million to $27 million, representing approximately 39% to 64% growth over 2025, driven by pool systems, industrial applications, and marine.
8. Marine revenue was approximately $1.5 million in 2025 and is targeted at approximately $4 million in 2026, with 3 marine orders for 8 commercial vessels in backlog for delivery throughout 2026.
9. The company expects water for energy and water for industry revenue of $5 million to $8 million in 2026, up from $4.3 million in 2025, with the wide range reflecting unpredictability of oil and gas project timing.
10. A large oil and gas order that caused the company to miss its original 2025 revenue guidance remains in the pipeline without a purchase order, with management ideally expecting Q2 2026 finalization.",-0.0555555555555556,0.110607098919531,0.880334728033473,0.03857824013870828
ea_RMAX_Q3_2025,RMAX,2025Q4,2025-10-30 20:15:00,"1. Worldwide agent count reached over 147,500 agents, another record high, with U.S. agent count having its best third quarter in 3 years.
2. Q3 2025 total revenue was $73.3 million, with adjusted EBITDA of $25.8 million and adjusted EBITDA margin of 35.2%, representing a 40 basis point increase over Q3 2024.
3. Revenue excluding marketing funds was $55.1 million, a decrease of 5.6% compared to the same period last year, driven by a 5.4% decline in organic revenue.
4. Selling, operating and administrative expenses decreased $3.5 million or 9.7% to $32.5 million in Q3.
5. The company converted approximately 60% of adjusted EBITDA to adjusted free cash flow, and total leverage ratio decreased to 3.41x as of September 30, below the 3.5x threshold affording greater capital allocation flexibility.
6. Full year 2025 revenue guidance was tightened to $290 million to $294 million (from $290 million to $296 million), and adjusted EBITDA guidance was tightened to $90 million to $94 million (from $90 million to $95 million).
7. The Aspire program has approximately 1,500 agents enrolled and is showing higher retention rates and increased recruitment of newer agents.
8. The Marketing as a Service platform's current weekly order value is indicative of a low 7-figure annual run rate, with management planning international expansion.
9. The RE/MAX Media Network is anticipated to have a 7-digit revenue contribution by the end of 2025.
10. Housing inventory increased 20% over September 2024, marking the 21st consecutive month of year-over-year growth, and new listings grew 4.5% over August.",0.0072551390568319,-0.0451234699810513,0.313142239048134,0.8324295010845987
ea_BL_Q4_2025,BL,2026Q1,2026-02-10 21:05:00,"1. Full year 2025 bookings growth was 22%, representing BlackLine's strongest booking quarter and year in its history.
2. Remaining Performance Obligations (RPO) grew 23% to $1.1 billion, driven by platform adoption and multiyear renewals.
3. BlackLine now serves approximately 70% of the Fortune 100, up from 50% in 2022.
4. Platform pricing ARR reached 11% of eligible ARR at end of Q4, up from 4% at end of Q3, with management expecting 25% to 35% of customers on platform pricing by end of 2026.
5. Full year 2026 revenue guidance is $764 million to $768 million, representing approximately 9.1% to 9.6% growth, with non-GAAP operating margin expected in the range of 23.7% to 24.3%.
6. Enterprise customer cohort maintained a revenue renewal rate of 95% and delivered a net revenue retention rate of 107% in Q4, while overall revenue renewal rate was 92% with a 2-point headwind from external M&A-related churn.
7. New customer deal sizes increased 35% and average new enterprise deal sizes were up 41%, with customers paying over $1 million in ARR growing 20% to 85.
8. Revenue grew by approximately 34% over the last 3 years while total headcount grew only 2% (40 net new roles), and customer acquisition costs decreased 30% in Q4.
9. BlackLine repurchased over $235 million or 4.5 million shares in full year 2025, and plans to retire its 2026 notes in March with cash on hand, reducing fully diluted share count by approximately 1 million shares.
10. Nearly 20% of all customers are now using at least some form of BlackLine's AI features, with customer usage of AI capabilities more than doubling quarter-over-quarter.",0.0038348748026167,-0.0538506747032768,0.28326359832636,0.7615951452102298
ea_EXPI_Q3_2025,EXPI,2025Q4,2025-11-06 21:15:00,"1. Q3 2025 revenue was $1.3 billion, up 7% year-over-year, driven by a 7% increase in real estate sales volume and a 3% increase in sales transactions.
2. Agent count was 83,446, down 2% year-over-year but up 1% quarter-over-quarter, marking the second consecutive quarter of sequential agent growth.
3. Sales transactions per agent increased 5.4% year-over-year, indicating improved agent productivity and success in attracting and retaining highly productive agents.
4. Adjusted EBITDA was $17.7 million for Q3, down year-over-year due to compressed gross margin partially offset by operational streamlining improvements.
5. The company ended the quarter with $112.8 million in cash on the balance sheet.
6. International revenue grew 68% year-over-year in Q3, and the international segment surpassed $100 million in revenue for the first time in a calendar year after just 9 months.
7. GAAP gross margin was 6.5%, down 57 basis points from Q3 last year, as more productive agents are hitting their commission cap.
8. Worldwide agent attrition improved 13% year-over-year, and U.S. agent attrition improved 18% year-over-year.
9. G&A expenses decreased to $82 million in Q3 from $89 million in Q2, with transaction processing unit costs falling from approximately $621 in Q2 to $523 in Q3.
10. 39% of new agents joining eXp in Q3 were on teams, and agents on teams are 79% more productive than individual agents.",-0.0061855670103092,0.11121607041747,0.885884261763115,0.1279826464208243
ea_HXL_Q4_2025,HXL,2026Q1,2026-01-28 21:15:00,"1. Hexcel achieved full year 2025 sales of $1.894 billion, adjusted EPS of $1.76, and free cash flow of $157 million.
2. For 2026, Hexcel expects sales in the range of $2.0 billion to $2.1 billion, adjusted EPS between $2.10 and $2.30, and free cash flow greater than $195 million.
3. The company expects to generate in excess of $1 billion in free cash flow cumulatively over the next 4 years from 2026 to 2029.
4. When Airbus and Boeing achieve publicly disclosed peak build rates, Hexcel expects to generate $500 million in incremental annual sales from existing sole-source contracts.
5. Hexcel's leverage ratio was approximately 2.7x net debt-to-EBITDA at year-end 2025 following the $350 million accelerated share repurchase program, with a target to return to 1.5-2.0x during 2026.
6. Fourth quarter 2025 commercial aerospace sales increased 7.6% year-over-year to $299.5 million.
7. The company finished 2025 with approximately 330 fewer positions compared to year-end 2024 headcount.
8. Since the beginning of 2024, Hexcel has returned over $800 million to stockholders through dividends and share repurchases.
9. The Composite Materials segment generated an adjusted operating margin of 20.5% in Q4 2025 compared to 15.3% in the prior year period.
10. Hexcel's underlying A350 production assumption for 2026 is approximately 80 units, up from 57 aircraft delivered by Airbus in 2025.",0.0002492833104823,0.056272506650643,0.756066945606695,0.39315127871694844
ea_PLTK_Q3_2025,PLTK,2025Q4,2025-11-06 11:35:00,"1. Disney Solitaire is tracking at an annualized run rate above $200 million, scaling faster than any title in Playtika's 15-year history.
2. Direct-to-consumer revenue reached a record $209.3 million in Q3 2025, up 19% sequentially and 20% year-over-year.
3. Q3 2025 revenue was $674.6 million, down 3.1% sequentially but up 8.7% year-over-year.
4. Adjusted EBITDA was $217.5 million in Q3 2025, up 30.2% sequentially and 10.3% year-over-year.
5. D2C represented 31% of total revenue in Q3, with a target to achieve 40% on a run rate basis within the next 2 years.
6. Slotomania revenue declined significantly to $68.5 million, down 20.8% sequentially and 46.7% year-over-year due to deliberate game economy rebalancing.
7. Bingo Blitz delivered record quarterly revenue of $162.6 million, up 1.5% sequentially and 1.7% year-over-year.
8. SuperPlay is currently tracking towards the 60% year-over-year portfolio revenue growth threshold over a $342 million baseline, which would trigger a 2x earn-out multiple on incremental gross revenue.
9. The company had approximately $640.8 million in cash, cash equivalents and short-term investments as of September 30, 2025.
10. Playtika announced an expanded collaboration with Disney and Pixel Games to develop a fourth title in the SuperPlay pipeline.",-0.0032,0.126042582142714,0.905895078420768,0.16052060737527116
ea_CTKB_Q3_2025,CTKB,2025Q4,2025-11-05 21:05:00,"1. Q3 2025 total revenue reached $52.3 million, representing a 2% year-over-year increase compared to the same period in 2024.
2. The company reaffirmed its full year 2025 revenue guidance range of $196 million to $205 million.
3. Instrument revenue to pharma and biotech customers grew 12% worldwide and 10% in the U.S., driven in part by the launch of Aurora Evo instruments.
4. EMEA revenue declined 28% year-over-year due to lower instrument revenue, particularly in the academic and government sector.
5. Reagent revenue grew 21% globally year-over-year, achieving its highest ever quarterly revenue in Q3.
6. Service revenue grew 19% year-over-year, driven by an expanding installed base and strong utilization of products.
7. The company expanded its global installed base by 161 instruments in Q3, bringing the total to 3,456 units.
8. Aurora cell sorter was the strongest contributor in Q3, growing 35% year-over-year.
9. Cash and marketable securities totaled $261.7 million, with free cash flow slightly negative at minus $0.3 million for the quarter.
10. Adjusted EBITDA declined to $2.5 million from $7.6 million in the year-ago quarter, driven by $1.5 million lower gross profits and $3.5 million higher operating expenses.",-0.0074812967581047,0.143545491535898,0.922120064899946,0.11550976138828634
ea_ENSG_Q3_2025,ENSG,2025Q4,2025-11-03 21:08:00,"1. The company raised its 2025 earnings guidance to $6.48-$6.54 per diluted share, up from $6.34-$6.46, with the new midpoint representing an 18.4% increase over 2024 results.
2. Q3 adjusted diluted earnings per share was $1.64, an increase of 18% year-over-year.
3. Same-store and transitioning occupancy reached all-time highs of 83% and 84.4%, respectively, during the quarter.
4. Annual revenue guidance was increased to $5.05-$5.07 billion, up from $4.99-$5.02 billion.
5. The company added 22 new operations including 1,857 skilled nursing beds and 109 senior living units across 6 states during and since the quarter, bringing 2025 acquisitions to 45 operations.
6. Same-store skilled days increased 5.1% and transitioning skilled days increased 10.9% over the prior year quarter.
7. Managed care revenue increased 7.1% for same-store operations and 24.3% for transitioning operations year-over-year.
8. The company has over $1 billion in dry powder for future investments, including $443.7 million in cash and $593 million available under its credit line.
9. Lease adjusted net debt-to-EBITDA ratio stood at 1.86x after spending more than $240 million on strategic growth during the first nine months of 2025.
10. River Park Post Acute in Arizona increased occupancy from 76.3% to 97.1% year-over-year with EBIT up 376%, demonstrating the company's transitioning portfolio potential.",0.0005438329345225,0.0126343630119494,0.616549486208761,0.3958785249457701
ea_PBF_Q4_2025,PBF,2026Q1,2026-02-12 11:30:00,"1. PBF Energy reported Q4 2025 adjusted net income of $0.49 per share and adjusted EBITDA of $258 million, excluding special items.
2. The Martinez refinery is expected to be fully operational in early March 2026, with all construction work completing by mid-February and operations commencing the following week.
3. PBF achieved $230 million in annualized run rate RBI savings by end of 2025 and has identified an additional $120 million in run rate savings for a total target of $350 million by end of 2026.
4. Total insurance recoveries related to the Martinez fire reached $894 million in 2025 (net of deductibles and retention), including a $394 million unallocated payment received in Q4.
5. PBF ended Q4 with $528 million in cash, approximately $1.6 billion in net debt, a net debt-to-cap ratio of 28%, and total liquidity of approximately $2.3 billion.
6. Every $1 improvement in crude differentials equates to approximately $200 million in annual earnings improvement for PBF, given its capacity to process roughly 200 million barrels per year of medium and heavy sour crudes (55-60% of total throughput).
7. A $1 increase in natural gas prices results in approximately $100 million in additional costs for PBF.
8. The 2026 turnaround year involves approximately 28-30% more man hours than 2025, but costs increased only about 10%, reflecting RBI efficiency gains, with turnaround activity weighted to the beginning and end of the year leaving Q2 and Q3 relatively light.
9. The centralized procurement initiative alone is expected to realize over $35 million in annual savings, and over 500 of more than 1,300 identified RBI initiatives have been implemented to date.
10. PBF's renewable diesel joint venture SBR produced an average of 16,700 barrels per day in Q4, with improved credit pricing offset by higher feedstock costs and ongoing tariff and regulatory uncertainty.",0.0173329605814929,-0.0427187232454226,0.322175732217573,0.9302123970524491
ea_INUV_Q3_2025,INUV,2025Q4,2025-11-06 21:05:00,"1. Q3 2025 revenue was $22.6 million, representing a 1% increase year-over-year, while first nine months revenue of $71.9 million reflects 25% year-over-year growth.
2. The company's top 5 Agency and Brand clients are projected to grow over 65% year-over-year by the end of calendar 2025.
3. Self-service clients now total 44 brands including Kia, Apple, and Crate & Barrel, and this product generates margins of nearly 90%.
4. Gross margin declined to 73.4% from 88.4% in Q3 last year due to accounting treatment for a new Platform client campaign.
5. Operating expenses totaled $18.2 million, down 16% year-over-year, primarily driven by $3.6 million lower marketing costs.
6. Adjusted EBITDA was a loss of $670,000 compared to a loss of $357,000 in Q3 last year.
7. Net loss narrowed to $1.7 million or $0.12 per share versus a loss of $2 million or $0.15 per share a year ago.
8. The company ended Q3 with $3.4 million in cash and $3.4 million drawn from a $10 million line of credit.
9. The company expects a substantial class action lawsuit payout in the millions of dollars in Q1 2026.
10. Trailing 12-month revenue stands at $98 million, and management indicated Q4 is expected to be the company's best quarter.",0.014760147601476,-0.090746877047056,0.164413196322336,0.9088937093275488
ea_CSBR_Q3_2026,CSBR,2026Q1,2026-03-12 20:00:00,"1. Total revenue for Q3 fiscal 2026 was $16.6 million compared to $17 million in the prior year period, a decrease of approximately 3%.
2. Core study revenue reached a record $16.6 million, up approximately 32% from $12.6 million in the year-ago period.
3. The company achieved its third consecutive quarter of positive adjusted EBITDA, coming in at $575,000, while GAAP loss from operations was approximately $275,000.
4. No data revenue was recognized in Q3 fiscal 2026, compared to $4.5 million in the prior year period, which fully accounts for the year-over-year revenue decline.
5. Gross margin was 47% compared to 61% last year, with more than $2 million of cost of sales attributable to outsourced laboratory work primarily related to radiolabeling workflows.
6. Had outsourced radiolabeling work been performed internally at current revenue levels, gross margin would have been in excess of 50%.
7. Operating expenses for the quarter were $7.2 million compared to $5.3 million in the prior year period, reflecting investments in R&D, sales and marketing, and G&A.
8. The company ended the quarter with $7.1 million in cash and no debt.
9. A 6-figure data deal was closed during the quarter and is expected to be recognized in Q4, along with incremental revenue from the large data deal originally announced in Q3 fiscal 2025.
10. Management expects the payoff from current growth investments to begin showing up in fiscal 2027 with more meaningful acceleration in fiscal 2028, while maintaining full year positive adjusted EBITDA and annual revenue growth for fiscal 2026.",-0.0087108013937282,0.0681764184856849,0.793723849372385,0.11400086692674469
ea_VST_Q4_2025,VST,2026Q1,2026-02-26 12:00:00,"1. Vistra achieved approximately $5.912 billion in adjusted EBITDA and approximately $3.6 billion in adjusted free cash flow before growth for full year 2025, both meaningfully above the midpoint of original guidance ranges.
2. Vistra has contracted approximately 3.8 gigawatts of nuclear capacity through long-term PPAs, including a 20-year agreement with Amazon for 1,200 MW at Comanche Peak and 20-year agreements with Meta covering 2,176 MW of operating capacity plus 433 MW of uprates at PJM nuclear plants.
3. The company projects generating more than $10 billion of cash through year-end 2027 and expects to have more than $3 billion of additional capital available to allocate after approximately $3 billion in shareholder returns and $4 billion in growth investments, while achieving a net debt to adjusted EBITDA ratio of approximately 2.3x by year-end 2027.
4. Management projects adjusted free cash flow before growth per share to exceed $12.50 for 2026 and increase to approximately $16 in 2027, with a potential range of $22 to $25 if all cash available for allocation through 2030 were used for share repurchases.
5. Since initiating the share repurchase program in November 2021, Vistra has retired approximately 167 million shares at an average cost below $36 per share, delivering over $20 billion of value, with approximately $1.8 billion of authorization remaining.
6. The Cogentrix acquisition adds 10 natural gas facilities totaling approximately 5,500 MW at approximately $730 per kilowatt net of tax benefits, expected to deliver mid-single-digit adjusted free cash flow per share accretion in 2027 and high single-digit accretion on average over 2027-2029.
7. Upon achieving full ramp of all nuclear PPAs, Vistra sees a pathway to nearly 25% adjusted free cash flow before growth accretion on an annual basis.
8. U.S. electricity consumption reached an all-time peak of approximately 4,200 terawatt hours in 2025, up about 2.5% versus 2024, with Vistra expecting 2026 and 2027 to continue showing growth.
9. Following the Cogentrix closing, Vistra's combined cycle gas generation fleet will total approximately 26 GW of capacity currently operating at approximately 60% utilization, with higher demand expected to drive materially higher utilization over time.
10. Capital spending by hyperscalers is expected to eclipse $700 billion in 2026, representing approximately 50% year-over-year growth, reinforcing the sustained load growth outlook that underpins Vistra's strategy.",-0.010492700729927,0.0122458071583794,0.577824267782427,0.10793237971391417
ea_SKYE_Q3_2025,SKYE,2025Q4,2025-11-10 21:01:00,"1. Skye Bioscience ended Q3 2025 with cash, cash equivalents, and short-term investments totaling $35.3 million, which is expected to fund operations and key clinical milestones into 2027.
2. R&D expenses for Q3 2025 were $9.4 million compared to $4.9 million for Q3 2024, primarily due to contract manufacturing and clinical trial costs for the nimasimab obesity study.
3. Net loss for Q3 2025 totaled $12.8 million compared to $3.9 million for the same period in 2024.
4. The Phase IIa study showed nimasimab plus semaglutide achieved approximately 3% additional weight loss at 26 weeks versus semaglutide alone (p=0.0372), representing nearly a 30% improvement with no observed plateau.
5. The combination of nimasimab and semaglutide improved lean to fat mass ratio to 0.26 versus 0.13 for semaglutide alone (p=0.0126) and reduced waist circumference by an additional 3.17 centimeters (p=0.0492).
6. In the 12-week post-treatment follow-up, nimasimab plus semaglutide showed only 18% weight regain (2.3 kg) versus 50% regain (4.7 kg) on semaglutide alone (p=0.006).
7. The 26-week extension study enrolled 43 patients (19 combination, 24 monotherapy), with data expected in late Q1 to early Q2 2026.
8. The monotherapy extension study is evaluating a higher dose of 300 mg weekly (up from 200 mg), with plans to potentially go even higher based on PK/PD modeling.
9. The company completed its fifth Data Monitoring Committee meeting with no safety concerns and reported no neuropsychiatric adverse events or additive GI burden across cohorts receiving nimasimab.
10. General and administrative expenses decreased to $3.9 million in Q3 2025 from $4.6 million in Q3 2024, primarily due to reductions in consulting, advisory, professional fees, and recruitment costs.",0.0,0.0257206682108654,0.674959437533802,0.2871475054229935
ea_DIN_Q4_2025,DIN,2026Q1,2026-02-25 12:00:00,"1. Dine Brands generated full year 2025 adjusted EBITDA of $219.8 million, down from $239.8 million in 2024, while Q4 2025 adjusted EBITDA increased to $59.8 million from $50.1 million in Q4 2024.
2. Applebee's full year 2025 comp sales were positive 1.3%, a significant improvement from negative 4.2% in 2024, while IHOP full year comp sales were negative 1.5% versus negative 2% in 2024.
3. The company repurchased approximately 2.4 million shares (15% of shares outstanding) in 2025, returning $92 million to shareholders through buybacks and dividends, and committed to at least $50 million in repurchases during Q4 2025 and Q1 2026.
4. 2026 guidance calls for adjusted EBITDA of $220 million to $230 million, domestic comp sales of 0% to 2% for both Applebee's and IHOP, and CapEx of $25 million to $35 million.
5. Dual brand restaurants deliver approximately 1.5x to 2.5x higher revenue than single brand locations with payback periods of less than 3 years, and the company expects at least 50 incremental dual brand openings in 2026.
6. Adjusted free cash flow declined to $61.5 million in 2025 from $106.4 million in 2024, driven by company restaurant operations and higher CapEx of $35.6 million versus $14.1 million in 2024.
7. CSCS expects 2026 commodity cost inflation at mid-single digits for Applebee's and low single digits for IHOP, primarily driven by higher beef prices and the impact of tariffs.
8. The company-owned restaurant portfolio generated a negative $10 million EBITDA impact in 2025, but management expects it to reach breakeven in 2026, representing a meaningful swing in performance.
9. IHOP's technology enhancements delivered a roughly 7-minute (12%) improvement in table turn times versus 2024, while guest complaints declined for the second consecutive year.
10. Applebee's off-premise comp sales increased 6.5% for the full year with delivery up 10.5%, and the off-premise channel now represents approximately 23% of total Applebee's sales.",0.0127284595300261,-0.0060919751106529,0.487866108786611,0.905938448201127
ea_CRIS_Q3_2025,CRIS,2025Q4,2025-11-06 21:00:00,"1. Curis reported a net loss of $7.7 million or $0.49 per share for Q3 2025, compared to a net loss of $10.1 million or $1.70 per share for Q3 2024.
2. Research and development expenses decreased to $6.4 million for Q3 2025 from $9.7 million for Q3 2024.
3. Cash and cash equivalents were $9.1 million as of September 30, 2025, with approximately 12.7 million shares of common stock outstanding.
4. The company believes existing cash and cash equivalents should enable funding of operations into 2026 and will be looking to bring in additional capital prior to the end of the year.
5. In the AML triplet study, MRD conversion to undetectable levels occurred in 4 of 8 evaluable patients within 5 to 8 weeks of adding emavusertib.
6. As of July 2, 2025, 10 patients with a median age of 71 were enrolled in the AML triplet study across two cohorts.
7. Two dose-limiting toxicities (CPK increase and neutropenia) occurred in the 14-day cohort of the AML triplet study, but both resolved.
8. The company expects to enroll its first CLL patient in late Q4 2025 or early Q1 2026, with initial data expected at the ASH Annual Meeting in December 2026.
9. The CLL study is designed to anticipate enrollment of 40 patients, with CR rates north of 20% considered very exciting.
10. Approximately 25 patients have been treated with emavusertib combined with ibrutinib with no observed additive toxicities.",0.0821917808219178,-0.104925717465597,0.134667387777177,0.9845444685466378
ea_IT_Q4_2025,IT,2026Q1,2026-02-03 11:00:00,"1. Gartner repurchased approximately $2 billion of stock in 2025, reducing shares outstanding by approximately 8% year-over-year.
2. Full year 2025 revenue was $6.5 billion, up 4% as reported and 3% FX neutral, with EBITDA of $1.6 billion and margins of 24.8%.
3. Q4 2025 contract value grew 1% year-over-year overall, but excluding U.S. federal government, CV growth was approximately 4%.
4. U.S. federal government contract value declined to $126 million at December 31, 2025, with virtually all contracts coming up for renewal during 2025.
5. Full year 2025 free cash flow was $1.2 billion, representing 136% of GAAP net income when adjusted for one-time items.
6. 2026 guidance includes consolidated revenue of $6.455 billion or more (2% FX-neutral growth) and EBITDA of $1.515 billion or more with margins of 23.5% or more.
7. 2026 adjusted EPS guidance is $12.30 or more, compared to $13.17 in 2025, with share count guidance of approximately 71 million shares assuming only dilution-offsetting repurchases.
8. The company signed a definitive agreement to sell its Digital Markets business and has excluded it from 2026 guidance.
9. Gartner's active insights library grew by approximately 50% in 2025, and average insight creation time for highly valued content like Magic Quadrants was reduced by 75% compared to 2024.
10. The Board refreshed share repurchase authorization to approximately $1.2 billion, and the company completed a successful inaugural investment-grade bond offering increasing debt balance to $3 billion.",0.0021245059288537,-0.201016371631984,0.0443514644351464,0.6510619852622453
ea_SERA_Q4_2025,SERA,2026Q1,2026-03-18 20:05:00,"1. The PRIME study showed 56% and 32% fewer babies born before 32 and 35 weeks of gestation, respectively, along with a 20% reduction in NICU admissions.
2. Q4 2025 revenue was $10,000, down from $24,000 in Q4 2024, with full-year 2025 revenue of $81,000 versus $77,000 in 2024.
3. The company ended December 31, 2025, with $95.8 million in cash, cash equivalents and available-for-sale securities, which management believes will fund operations through 2028.
4. Net loss for full-year 2025 was $31.9 million compared to $32.9 million in 2024, while total operating expenses were $36.6 million versus $36.7 million in the prior year.
5. The company exceeded its state engagement goals in 2025, expanding discussions from an initial target of 6 states to 13 states, and expects to reach 15 to 17 states by year-end 2026, representing 58% to 60% of U.S. births.
6. The company currently has 2 live Partner Programs and expects to be running 5 to 7 active Partner Programs by the end of 2026.
7. In 2025, the company was in active discussions with 10 payers across 13 states and expects to double the number of payers engaged in 2026.
8. Cash operating expenses for 2025 were in the low $30 millions, and the company has budgeted roughly the same cash operating expenses for 2026 with a reallocation from R&D to commercial activities.
9. The company reestablished its at-the-market (ATM) equity facility concurrent with its 10-K filing, though management stated there are no immediate plans to issue shares.
10. The company remains on track to submit its European CE marking dossier in the coming months, pursuing international expansion of the PreTRM Global Test.",0.0104712041884817,-0.0610481931696607,0.265690376569038,0.8916341569137408
ea_FBIZ_Q3_2025,FBIZ,2025Q4,2025-10-30 20:00:00,"1. Year-to-date ROA grew 15 basis points to 1.23% compared to the same period of 2024.
2. Tangible book value per share grew 16% from a year ago.
3. Earnings per share grew 26% from the second quarter and 25% year-to-date.
4. Loan balances grew approximately $85 million or 10% annualized during the quarter and $286 million or 9% over the same period last year.
5. Core deposits grew 9% from both the linked and prior year quarters.
6. Nonperforming assets decreased by $5.2 million to 0.58% of total assets compared to 0.72% last quarter.
7. Third quarter net interest margin was 3.68%, with management targeting a range of 3.60% to 3.65% going forward.
8. Third quarter included approximately $770,000 in nonrecurring items, consisting of a $537,000 accounts receivable finance exit fee and $234,000 in BOLI insurance proceeds.
9. Management expects 2026 compensation levels to grow more than the 7% year-to-date growth in 2025 due to open positions and benefit cost increases.
10. Fee income comprised 19% of operating revenue for year-to-date 2025, compared to approximately 15% for peers.",0.0063110749185667,0.0263228608958279,0.677122769064359,0.8123644251626898
ea_WBTN_Q4_2025,WBTN,2026Q1,2026-03-03 21:05:00,"1. Full year 2025 revenue was $1.4 billion, growing 3.9% on a constant currency basis and 2.5% on a reported basis.
2. Full year adjusted EBITDA was $19.4 million compared to $68 million in the prior year, while Q4 adjusted EBITDA of $0.6 million exceeded the high end of guidance.
3. Net loss for full year 2025 was $373.4 million compared to $152.9 million in the prior year, driven primarily by goodwill impairments largely attributable to Wattpad.
4. The Walt Disney Company completed an approximately 2% equity investment in WEBTOON Entertainment, purchasing 2.7 million shares for approximately $32.8 million, with a new joint digital comics platform targeting a 2026 launch.
5. MPU growth turned positive at 0.7% year-over-year in Q4, with Korea MPU growing 3.3% and Rest of World MPU growing 5.7%, while total app MAU declined 6.5% year-over-year.
6. English platform webcomic app MAU grew 12.8% for the full year 2025, signaling strong momentum in the Rest of World market.
7. IP adaptation revenue grew 35.5% on a constant currency basis for the full year 2025, driven by the theatrical success of My Daughter Is a Zombie and The Trauma Code on Netflix.
8. Management expects Q1 2026 revenue in the range of $317 million to $327 million (negative 1.5% to positive 1.5% constant currency growth) with adjusted EBITDA of $0 million to $5 million.
9. Management stated confidence in returning to double-digit year-over-year revenue growth by the end of 2026, driven by paid content recovery, advertising improvement, and IP adaptations.
10. The company ended 2025 with a cash balance of $582 million plus $11 million in short-term deposits and generated $11.2 million in cash flow from operations during the year.",0.0060763888888888,-0.100643288815914,0.161924686192469,0.8274815778066753
ea_IONS_Q3_2025,IONS,2025Q4,2025-10-29 11:00:00,"1. Ionis raised 2025 total revenue guidance to $875-900 million, an increase of $50 million versus prior guidance, marking the third consecutive guidance increase this year.
2. TRYNGOLZA generated $32 million in net product sales in Q3, representing a nearly 70% increase quarter-over-quarter.
3. Full year TRYNGOLZA product sales guidance was raised to $85-95 million, up from prior guidance.
4. Olezarsen Phase III studies showed highly statistically significant mean reductions of up to 72% in placebo-adjusted fasting triglycerides and an 85% reduction in adjudicated acute pancreatitis events.
5. The company expects to end 2025 with a cash balance of more than $2.1 billion.
6. Q3 2025 revenue totaled $157 million, representing a 17% increase year-over-year, while year-to-date revenue reached $740 million, up 55% compared with the prior year.
7. Ionis expects operating loss between $275 million and $300 million for the full year 2025.
8. Management stated olezarsen peak sales are expected to be greater than $1 billion, while DAWNZERA peak sales are expected to exceed $500 million.
9. In the U.S., more than 1 million people have high-risk severe hypertriglyceridemia, defined as triglyceride levels above 880 mg/dL or above 500 mg/dL with a history of acute pancreatitis or other comorbidities.
10. The company plans to scale the TRYNGOLZA field force to approximately 200 representatives ahead of the olezarsen sHTG launch and will target approximately 20,000 HCPs covering approximately 360,000 sHTG patients.",0.0071632458882696,-0.0222611556059758,0.417522985397512,0.8313449023861171
ea_TKNO_Q4_2025,TKNO,2026Q1,2026-02-26 21:01:00,"1. Full year 2025 revenue was $40.5 million, a 7% increase from $37.7 million in 2024, marking six consecutive quarters of revenue growth.
2. Clinical Solutions revenue grew 47% year-over-year in Q4 2025 to $2.7 million, and the number of active clinical customers increased 25% from 48 to 60.
3. Full year 2025 free cash outflow improved to $9.8 million from $13.5 million in 2024, beating the company's guidance of less than $12 million.
4. Full year 2025 gross margin improved to 33.2% from 19.2% in 2024 (or 26.5% excluding nonrecurring inventory charges), and the company expects mid-30s gross margin in 2026.
5. The company is guiding 2026 total revenue of $42 million to $44 million, implying approximately 6% growth at the midpoint, and expects free cash outflow of less than $10 million.
6. The company expects to become adjusted EBITDA positive at $52 million to $57 million in annualized revenue, targeting a positive adjusted EBITDA quarter by the end of 2027.
7. Management estimates a roughly 30-fold increase in customer spend from Phase I therapy to commercialization, and believes it will be supporting at least one commercial therapy by the end of 2027.
8. The company supports at least 70 therapies from 50 biopharma clinical customers, with 5 therapies in Phase II or later and 12 in Phase I, up from 3 and 10, respectively, at end of 2024.
9. The company plans to invest approximately $2 million per year in additional sales and marketing, targeting double-digit revenue growth rates in 2027 and long-term sustainable revenue growth of 20% to 25%.
10. As of December 31, 2025, the company had $21.3 million in cash, cash equivalents and short-term investments against $13.2 million in gross debt, with headcount reduced to 158 from 173 a year prior.",0.0,0.136630490732397,0.907531380753138,0.3261811876896402
ea_ANIP_Q4_2025,ANIP,2026Q1,2026-02-27 11:50:00,"1. ANI Pharmaceuticals delivered full year 2025 record revenues of $883.4 million, up 44% year-over-year, and adjusted non-GAAP EBITDA of $229.8 million, up 47% year-over-year.
2. Cortrophin Gel generated record Q4 net revenue of $111.4 million (up 88% YoY) and full year 2025 net revenue of $347.8 million (up 76% YoY).
3. The company issued 2026 guidance of $1.055 billion to $1.115 billion in net revenue (19%-26% growth) and $275 million to $290 million in adjusted non-GAAP EBITDA (20%-26% growth).
4. Cortrophin Gel 2026 net revenue is guided at $540 million to $575 million, representing 55% to 65% year-over-year growth, with Q1 expected to be down sequentially and represent approximately 13%-14% of total 2026 revenues.
5. ANI is building and deploying a 90-person dedicated organization for acute gouty arthritis flares targeting 7,000 HCPs in primary care and podiatry, with deployment expected by midyear and greater revenue impact anticipated in 2027.
6. Acute gouty arthritis flares represented approximately 15% of total Cortrophin Gel utilization in 2025, with an addressable patient population of approximately 285,000 patients, and Cortrophin Gel is the only approved ACTH therapy for this indication.
7. The company ended Q4 2025 with $285.6 million in unrestricted cash (up $140.7 million YoY), $629.1 million in principal value of outstanding debt, gross leverage of 2.7x, and net leverage of 1.5x adjusted non-GAAP EBITDA.
8. Full year 2025 generics revenue was $384.1 million, up 28% year-over-year, and the company plans to maintain a cadence of 10 to 15 new product launches annually.
9. The blended Merck royalty rate on Cortrophin Gel is currently anticipated to be in the high 20s percent in 2026, with the company having reached the highest royalty tier for incremental net sales in 2025.
10. ILUVIEN net revenues were $74.9 million for full year 2025, with 2026 guidance of $78 million to $83 million (4%-11% growth), and the company's 2026 ILUVIEN guidance does not assume any meaningful return of patient foundation funding for Medicare co-pay support.",0.0064808813998703,-0.037074185735182,0.3418410041841,0.835717381881231
ea_LOB_Q4_2025,LOB,2026Q1,2026-01-21 21:30:00,"1. Q4 2025 produced $44 million of net income and $0.95 of earnings per share, both approximately 3x Q4 2024 results.
2. Full-year 2025 loan production reached a record $6.2 billion, with Q4 production of $1.6 billion, driving 17% annual loan balance growth.
3. Adjusted PPNR grew 27% year-over-year while adjusted EPS increased 49% year-over-year for 2025.
4. Business checking balances doubled year-over-year to $377 million, with low-cost deposits now representing approximately 4% of the total deposit base, a 2x increase from the prior year.
5. Live Oak Express contributed $12 million (20%) of total gain on sale in 2025, double its contribution in 2024, with management targeting an aspirational $1 billion per year of production at cruise altitude.
6. The ventures portfolio generated $28 million in net gains in Q4, primarily driven by a $24 million gain from the Apiture sale.
7. Net interest income increased 26% compared to Q4 2024, with net interest margin expanding 5 basis points quarter-over-quarter.
8. The percentage of customers with both a loan and deposit relationship increased to 22% from approximately 6% at the beginning of 2024, with 37% of new loan customers opening a checking account in Q4.
9. Nonaccrual loans increased to $110 million (91 basis points of unguaranteed held-for-investment portfolio), while past dues over 30 days remained low at $10 million (9 basis points) for the fifth consecutive quarter.
10. Management expects expense growth to moderate to single digits year-over-year in 2026 and has a base outlook of three 25-basis-point Fed cuts in March, June, and September 2026.",0.0099999999999999,0.0398492149194047,0.692887029288703,0.8859991330732553
ea_RMR_Q4_2025,RMR,2025Q4,2025-11-12 21:15:00,"1. Q4 distributable earnings were $0.44 per share, adjusted net income was $0.22 per share, and adjusted EBITDA was $20.5 million.
2. RMR completed nearly $2 billion of accretive debt financings and over $300 million in asset sales at managed equity REITs during the quarter.
3. Potential incentive fees from DHC and ILPT could total approximately $22 million in 2025 if September 30 measurement period values hold.
4. DHC's consolidated SHOP NOI increased 8% year-over-year to $29.6 million, driven by a 210-basis point occupancy increase to 81.5% and a 5.3% increase in average monthly rates.
5. SVC completed the sale of 40 hotels for over $292 million in Q4 and is on pace to sell 121 hotels in 2025 for $959 million total.
6. Seven Hills announced a rights offering to raise approximately $65 million in new equity, which should enable over $200 million in gross new loan investments.
7. OPI entered Chapter 11 bankruptcy and RMR agreed to a 5-year management term post-emergence with a flat $14 million annual business management fee for the first 2 years.
8. Q1 FY2026 guidance includes adjusted EBITDA of $18-20 million, distributable earnings of $0.42-0.44 per share, and adjusted net income of $0.16-0.18 per share.
9. Recurring service revenues are expected to decrease from $45.5 million to approximately $42.5 million next quarter due to the AlerisLife business sale.
10. RMR ended the quarter with $162 million of total liquidity, including $62 million in cash and $100 million of undrawn revolving credit facility capacity.",0.0,0.0228439200094056,0.66197944835046,0.2871475054229935
ea_LCID_Q4_2025,LCID,2026Q1,2026-02-24 21:05:00,"1. Lucid produced 7,874 vehicles in Q4 2025 (up 133% year-over-year) and 7,840 vehicles for the full year (up 98% year-over-year), though 538 vehicles previously reported as factory-gated were reclassified to 2026 due to incomplete procedures.
2. Q4 2025 revenue was $522.7 million, up 55% sequentially and 123% year-over-year, with full year revenue reaching $1.35 billion (up 68% year-over-year), exceeding consensus expectations.
3. Lucid's 2026 production guidance is 25,000 to 27,000 vehicles, with projected CapEx of $1.2 billion to $1.4 billion.
4. The company executed a 12% reduction of its U.S. workforce (excluding hourly production employees) expected to deliver approximately $500 million in cumulative cost savings over the next 3 years, or roughly $167 million per year.
5. Lucid ended Q4 with approximately $4.6 billion in liquidity ($2.1 billion cash and $2.5 billion in undrawn committed facilities), with runway extending into the first half of 2027.
6. Manufacturing cost per vehicle produced declined approximately 27% during 2025, with a target of roughly an additional 20% reduction by Q4 2026.
7. Gross margin improved approximately 18 percentage points sequentially in Q4, and adjusted EBITDA margin improved by 46 percentage points from the prior quarter.
8. The company exited Q4 with an underlying production run rate supporting up to 7,500 vehicles per quarter, and experienced incremental tariff costs of approximately $10,000 per unit in 2025 that are not expected to recur in 2026.
9. Lucid's robotaxi partnership with Uber includes a minimum commitment of 20,000 autonomous vehicles on Uber's platform, with commercial deployment on track for the San Francisco Bay area later in 2026, and Uber's shares are locked up until March 2027.
10. Start of production of the first midsized platform vehicle (priced beginning below $50,000) remains on track for the end of 2026, with production validation builds already underway and sourced component costs coming in below initial estimates.",-0.0483870967741935,0.0285664936840913,0.642677824267782,0.043779800606848725
ea_GT_Q3_2025,GT,2025Q4,2025-11-03 21:15:00,"1. Q3 2025 revenue was $4.6 billion, down 3.7% year-over-year, with unit volume declining 6%.
2. Q3 segment operating income was $287 million, reflecting a sequential increase of $128 million compared to Q2.
3. Goodyear reported a net loss of $2.2 billion driven by noncash items including a deferred tax valuation allowance and goodwill impairment in the Americas.
4. Goodyear Forward initiatives contributed $185 million of benefit during Q3 and are expected to deliver approximately $180 million in Q4.
5. Pro forma for the chemicals transaction, Q3 debt declined approximately $1.5 billion, reflecting asset sale proceeds net of fees.
6. Americas consumer OE volume grew 4%, marking the seventh consecutive quarter of OE share gains in that region.
7. EMEA consumer OE volumes grew 20%, representing more than 3 points of market share gain.
8. Americas commercial OE volume declined 33% as OEMs decreased production amid weakness in freight market conditions and EPA mandate uncertainties.
9. Annualized tariff costs are expected to be approximately $300 million, which is $50 million lower than previously cited after Canada eliminated tariffs on U.S. imports effective September 1.
10. For 2026, management expects Goodyear Forward carryover cost benefits of at least $250 million, raw materials benefit of $200 million at current spot rates, and tariff carryover headwind of $150 million to $160 million.",0.0174165457184325,0.0904649858103732,0.858301784748513,0.9224511930585684
ea_FLWS_Q1_2026,FLWS,2025Q4,2025-10-30 10:45:00,"1. Consolidated revenue for Q1 fiscal 2026 decreased by 11.1%, with the Consumer Floral and Gift segment declining 14.6% and Gourmet Foods and Gift Baskets declining 8.6%.
2. First quarter gross margin decreased 240 basis points to 35.7% from 38.1% in the prior year period, primarily due to sales deleveraging and higher tariffs.
3. Adjusted EBITDA loss for Q1 was $32.9 million compared to a loss of $27.9 million in the prior year period.
4. After adjusting for timing-related items, Q1 represented the first year-over-year improvement in adjusted EBITDA trends over the past 7 quarters.
5. The company has already implemented $17 million in annualized cost reductions and anticipates achieving an incremental $50 million in cost savings over the next 2 years on a run rate basis.
6. Of the anticipated $50 million in cost savings, management expects half to be realized in fiscal 2026 and the remaining half in fiscal 2027.
7. Net debt increased to $259.3 million from $224.1 million a year ago, with $157 million in term debt and $110 million in revolving credit facility borrowings.
8. Wholesale order timing shifted approximately $3-4 million in revenue from Q1 to Q2 compared to the prior year.
9. The company is now selling products through third-party marketplaces including Amazon and walmart.com, with early traction described as positive.
10. Colombia represents approximately 60-70% of fresh flowers imported into the U.S., making potential tariffs on Colombian imports a significant risk to the floral industry.",-0.0601719197707736,0.047998151039035,0.760411032990806,0.02928416485900217
ea_CWD_Q4_2025,CWD,2026Q1,2026-03-25 20:15:00,"1. Caliber issued its first forward-looking guidance as a public company, projecting 2026 revenues in the range of $18 million to $22 million.
2. Estimated performance allocations (carried interest) totaled $104 million at year-end, up from $90.5 million in the prior quarter.
3. If Caliber had utilized investment company accounting rules in 2025, management estimates it would have recorded an unrealized gain in the range of $10 million to $15 million.
4. Total platform expenses for Q4 2025 decreased 52% year-over-year, driven by a 42.2% reduction in average employee headcount from 83 to 48.
5. As of Q4-end, Caliber had approximately $29.6 million in aggregate principal balance of unsecured notes, of which $24.5 million is scheduled to mature within the next 12 months.
6. Managed capital reached $517 million at year-end 2025, up 5% from $492.5 million a year ago.
7. Platform revenue for Q4 2025 was $4 million compared to $4.6 million in the prior year quarter, with asset management fees increasing 6% year-over-year.
8. Caliber's financing pipeline is approximately $200 million, with about $20 million that was oscillating between end of Q4 and beginning of Q1 expected to materialize toward end of Q1 2026.
9. Approximately 60% of expected 2026 revenue growth is expected to be driven by project-level financings, with the remaining 40% from capital formation and asset management activities.
10. The Board approved a noteholder conversion program allowing unsecured note holders to convert into Series AAA convertible perpetual preferred stock, convertible to common stock in three tranches at $2.50, $3.50, and $4.50 per share.",-0.177980449565546,-0.0750848720708788,0.227196652719665,0.006718682271348071
ea_EXPI_Q4_2025,EXPI,2026Q1,2026-02-24 21:00:00,"1. eXp expanded into 7 new countries in 2025, increasing international revenue 67% year-over-year to $147 million.
2. The company ended 2025 with 83,060 agents worldwide and Q4 agent attrition improved 17% year-over-year globally and 23% year-over-year in the United States.
3. Full year 2025 revenue was $4.8 billion, up 4% year-over-year, with Q4 revenue accelerating to 9% year-over-year growth at $1.2 billion.
4. Adjusted EBITDA was $33.2 million for full year 2025, and the company guided 2026 adjusted EBITDA in the range of $50 million to $75 million, representing significant expected margin expansion.
5. The company ended 2025 with $124.2 million in cash on the balance sheet, with a second tranche of the NAR settlement payment due in summer 2026.
6. For full year 2026, eXp guided revenue of $4.85 billion to $5.15 billion and operating expenses of $325 million to $345 million.
7. Agents who joined with a co-sponsor are 64% more productive than those without, and have a 19% lower attrition rate; 14% of new U.S. and Canadian agents joined with a co-sponsor since the program launched.
8. 40% of new agents joining eXp in Q4 were on teams, and team members are 78% more productive than solo agents.
9. New international market launches were completed at 37% lower cost compared to the company's original international expansion efforts.
10. Q4 operational efficiency improved year-over-year with a 6% decrease in related costs, a 7% increase in agents per staff, and a 12% increase in transactions per staff.",-0.0120481927710843,-0.0304815263530464,0.371966527196653,0.10013003901170352
ea_VC_Q4_2025,VC,2026Q1,2026-02-19 11:55:00,"1. Visteon delivered full year 2025 net sales of $3.768 billion and record adjusted EBITDA of $492 million (13.1% of sales), the highest profitability level in the company's history.
2. New business wins reached a record $7.4 billion in 2025, 20% higher than 2024, with approximately 75% from displays and SmartCore products.
3. Battery management systems (BMS) volume in the Americas is expected to decline by nearly 50% year-over-year in 2026, with the company conservatively assuming roughly 3% EV penetration with its customers versus over 7% in full year 2025.
4. The 2026 sales guidance is $3.625 billion to $3.825 billion with adjusted EBITDA of $455 million to $495 million (12.8% margin at midpoint), and adjusted free cash flow of $170 million to $210 million.
5. Memory chip cost increases are expected to represent approximately 2% of sales as a year-over-year headwind in 2026, with the company intending to recover the majority through customer recoveries but acknowledging potential timing mismatches.
6. Visteon is increasing its quarterly dividend by 36% to $0.375 per share (approximately $40 million annually), and M&A deployment in 2026 could reach up to twice the annual CapEx level of $150 million (i.e., up to ~$300 million).
7. Display sales grew approximately 20% year-over-year in 2025, and nearly 50% of new business wins were for displays, including significant OLED display wins with luxury OEMs.
8. Nearly 15% of 2025 new business wins came from 2-wheeler and commercial vehicle manufacturers compared to about 4% of current sales, including a ~$400 million lifetime revenue digital cluster program with Honda launching in 2027.
9. China and BMS headwinds negatively impacted 2025 growth over market by approximately 7 percentage points; excluding these, underlying growth over market was approximately 7 percentage points.
10. The company generated $292 million of adjusted free cash flow in 2025 with a conversion ratio from EBITDA of nearly 60%, and over the multi-year period generated $1 billion of cumulative adjusted free cash flow with an average conversion rate of approximately 42%.",0.0081967213114754,-0.113383429074794,0.139748953974895,0.8625921109666234
ea_OPTU_Q4_2025,OPTU,2026Q1,2026-02-12 12:00:00,"1. Adjusted EBITDA grew nearly 8% year-over-year to just over $900 million in Q4, representing the first quarter of year-over-year adjusted EBITDA growth in 16 quarters.
2. The company lost 62,000 net broadband subscribers in Q4 and ended the year with 4.2 million broadband subscribers.
3. Lightpath's awarded AI-driven contract value totaled $362 million at end of 2025, a 240% increase over the $110 million awarded in 2024, with Lightpath revenue reaching $468 million (13% YoY growth) and EBITDA growth of 17%.
4. Consolidated leverage ratio stands at 7.3x the last two quarters' annualized adjusted EBITDA, with a weighted average cost of debt of 6.8%, weighted average life of 3.3 years, and consolidated liquidity of approximately $1.4 billion.
5. Broadband ARPU grew 2.8% year-over-year to $76.71, the highest quarterly broadband ARPU in 14 quarters, with 43% of the broadband base now on 1 gig or higher speeds.
6. Q4 adjusted EBITDA margin expanded 380 basis points year-over-year to 41.3%, surpassing 40% for the first time and representing the highest EBITDA margin in 16 quarters.
7. Operating expenses declined by nearly $60 million year-over-year in Q4, supported by a strategic workforce optimization representing over 6% reduction in head count.
8. Programming costs declined 16% in Q4 and 15% for the full year, with video gross margins more than 750 basis points higher in full year 2025 compared to 2022.
9. Fiber overbuilds now reach 70% of the East footprint with fixed wireless at over 85%, while the West is now 50% fiber overlapped (up from 45-46%) with nearly 80% fixed wireless overlap.
10. In February, Lightpath priced an inaugural ABS transaction of approximately $1.7 billion expected to close in early March, with proceeds primarily to repay existing Lightpath debt.",-0.0864197530864197,0.0530267286644128,0.745188284518828,0.02860858257477243
ea_UBER_Q3_2025,UBER,2025Q4,2025-11-04 11:55:00,"1. Trips grew 22% in Q3, marking the fastest growth since 2023, with Mobility trips growing 21% and exceeding expectations.
2. Gross bookings grew 21% while average pricing remained relatively flat, with Q4 guidance of high teens gross bookings growth and low to mid-30s EBITDA growth.
3. Halloween weekend generated more than 130 million trips across Mobility and Delivery and over $2 billion in gross bookings.
4. Cross-platform consumers spend 3x more and retain 35% better than single product users, yet only 20% of consumers in markets with both Mobility and Delivery use both services.
5. Adjusted EBITDA grew 33% year-over-year, reaching an all-time high margin of 4.5% of gross bookings, up approximately 40 basis points year-over-year.
6. Free cash flow reached almost $9 billion on a trailing 12-month basis, which is being used to reduce share count.
7. Grocery and retail is now at approximately a $12 billion gross bookings run rate and growing meaningfully faster than online food delivery, while being variable contribution positive.
8. Growth in Phoenix, Austin, and Atlanta—markets with Waymo AVs—was more than twice the growth rate of the rest of the U.S.
9. Sparse geographies are growing at approximately 1.5x the rate of denser markets, with only about 20% penetration of the addressable opportunity.
10. In the top 10 markets, only 10% of the adult population uses Uber on a monthly basis, with Mobility audience reaching nearly 150 million users—an all-time high.",0.0013036502206177,-0.0385512669542617,0.341806381828015,0.5189804772234273
ea_KRUS_Q1_2026,KRUS,2026Q1,2026-01-07 21:05:00,"1. Total sales for fiscal Q1 2026 were $73.5 million compared to $64.5 million in the prior year period, with comparable restaurant sales of negative 2.5%.
2. The company opened 4 restaurants in Q1 and currently has 10 under construction, targeting 16 new unit openings for fiscal 2026 to maintain annual unit growth above 20%.
3. Food and beverage costs as a percentage of sales increased to 29.9% from 29% in the prior year quarter due to tariffs, with approximately 200 basis points of tariff impact expected for the full year.
4. Labor costs as a percentage of sales improved to 32.5% from 32.9% in the prior year quarter, with management now confident in achieving at least 100 basis points of labor leverage for fiscal 2026.
5. Net loss was $3.1 million or negative $0.25 per share compared to a net loss of $1 million or negative $0.08 per share in the prior year quarter.
6. Restaurant-level operating profit margin was 15.1% compared to 18.2% in the prior year quarter, with full year guidance maintained at approximately 18%.
7. The company ended Q1 with $78.5 million of cash, cash equivalents and investments and no debt.
8. Rewards program membership reached 1 million members, who spend approximately $6 more per person and visit more than twice as often as non-members.
9. A 3.5% menu price increase was implemented on November 1, with effective pricing for Q2 expected to be 4.5% after lapping prior increases.
10. Management expects positive comparable sales in Q2 and maintains guidance of flat to slightly positive comps for the full fiscal year, citing improving traffic and price/mix trends in November and December.",-0.0012580877066858,0.166701544397994,0.933891213389121,0.23016905071521457
ea_RPID_Q3_2025,RPID,2025Q4,2025-11-07 11:30:00,"1. Q3 2025 total revenue was $7.8 million, representing the company's 12th consecutive quarter of meeting or beating revenue guidance.
2. Consumables revenue increased 40% year-over-year to a quarterly record in Q3 2025.
3. Recurring revenue (consumables and service contracts) increased more than 30% year-over-year to $4.8 million in Q3.
4. The company secured a record multi-system order from a top 20 global biopharma customer in October, described as a double-digit system order spanning North America, Europe, and Asia Pacific.
5. Q3 gross margin was 9%, a 70 basis point improvement from the prior year quarter and a sequential improvement of over 500 basis points from Q2.
6. Service margins improved to 40% in Q3 2025 compared to 29% in Q3 2024, driven by higher revenue and productivity as well as lower service headcount.
7. The company raised full year 2025 revenue guidance to at least $33 million with at least 27 Growth Direct System placements, up from the prior guidance of 21-25 placements.
8. Operating expenses decreased 5% year-over-year to $12.1 million in Q3, with full year OpEx now expected to be around $48 million.
9. The company ended Q3 with approximately $42 million in cash and investments and expects to end the year with roughly $40 million.
10. Financial benefits from the MilliporeSigma supply collaboration are expected to begin in the second half of 2026, following completion of material validation studies.",-0.0036363636363636,0.125086735834527,0.903731746890211,0.153470715835141
ea_BRBR_Q1_2026,BRBR,2026Q1,2026-02-03 12:00:00,"1. BellRing narrowed fiscal 2026 net sales guidance to $2.41 billion to $2.46 billion, representing 4% to 6% growth, down from the prior range.
2. Adjusted EBITDA guidance was updated to $425 million to $440 million, with margins expected to decline 300 basis points year-over-year at the midpoint.
3. First quarter net sales were $537 million, up 1% year-over-year, with adjusted EBITDA of $90 million at a margin of 16.8%.
4. Premier Protein holds 22% market share in the RTD shake category, with Q1 consumption down 2% while lapping 23% consumption growth in the prior year.
5. Dymatize net sales increased 16% in Q1, driven by strong international volume performance.
6. The company repurchased $97 million in shares during the first quarter and ended the quarter at net leverage of 2.5x.
7. CEO Darcy Davenport announced her retirement, effective on or before September 30, 2026, with the Board initiating an external search for her successor.
8. Adjusted gross margin declined 730 basis points in Q1 due to mid-single-digit input cost inflation, unfavorable mix, and lapping $5 million of nonrecurring cost favorability.
9. Tariffs had an unfavorable impact of 75 basis points on Q1 gross margins and are expected to have an 80 basis point unfavorable impact on full year gross margins.
10. Q2 adjusted EBITDA margin is expected to be approximately 13%, with first half adjusted EBITDA margin expected to be approximately 15%.",0.002460024600246,-0.136232158572462,0.106694560669456,0.6762028608582574
ea_CMG_Q4_2025,CMG,2026Q1,2026-02-03 21:10:00,"1. Full year 2025 revenue grew 5.4% year-over-year with comparable sales declining 1.7%, while adjusted diluted EPS grew 4.5% to $1.17.
2. Q4 2025 sales grew 4.9% to $3 billion with a comparable sales decline of 2.5% and restaurant-level margin of 23.4%, down 140 basis points year-over-year.
3. The company opened a record 334 new company-owned restaurants and 11 international partner-operated restaurants in 2025, surpassing 4,000 total locations in December.
4. Full year 2026 comparable restaurant sales guidance is approximately flat, with Q1 comps expected in the minus 1% to minus 2% range including approximately 100 basis points of impact from winter storm closures.
5. The high-efficiency equipment package is currently in 350 restaurants and is expected to reach approximately 2,000 restaurants by year-end 2026, with these locations showing hundreds of basis points of improvement in comp sales.
6. Extra protein incidence increased 35% following the high-protein menu launch, and the recent double protein promotion achieved a record digital sales day.
7. Active rewards members grew to over 21 million in 2025, with approximately 30% of sales realized through the rewards platform and only about 20% of in-restaurant transactions using rewards compared to nearly 90% of app transactions.
8. The company purchased $742 million of stock in Q4 at an average price of $34.14, bringing full year 2025 repurchases to a record $2.4 billion, with $1.7 billion remaining under authorization after a new $1.8 billion Board approval.
9. Full year 2026 pricing is expected to be in the 1% to 2% range while cost of sales inflation is expected in the mid-single-digit range, creating an approximately 150 basis point margin headwind.
10. Group occasions including Build Your Own Chipotle and catering currently represent less than 3% of combined sales but management believes could reach double-digit percentage of sales longer term.",0.000255297421496,0.0241105634275495,0.62510460251046,0.3948851322063286
ea_PARR_Q3_2025,PARR,2025Q4,2025-11-04 21:15:00,"1. Par Pacific achieved near-record combined throughput of 198,000 barrels per day in Q3 2025, driving core adjusted EBITDA of $170 million and adjusted EPS of $2.10.
2. Small refinery exemptions granted for 2019-2024 compliance periods resulted in an earnings boost of approximately $200 million, bringing total Q3 adjusted EBITDA to $372 million and adjusted EPS to $5.95.
3. The company achieved a new record low in Refining production costs at $6.13 per barrel in Q3.
4. Fourth quarter combined refining index averaged $15.55 per barrel in October, up nearly $1 per barrel compared to Q3, driven primarily by strength in the Singapore market where the 3-1-2 index rose over $4 per barrel.
5. Montana refinery achieved record high throughput of 58,000 barrels per day and record low production costs of $8.76 per barrel in Q3.
6. Year-to-date, Par Pacific repurchased 5.7 million shares, reducing the basic share count by over 9%.
7. The Hawaii Renewables joint venture with Mitsubishi and ENEOS closed in late October, generating $100 million in proceeds.
8. Quarter-end liquidity increased 14% to $735 million, with gross term debt of $642 million representing 3x LTM Retail and Logistics EBITDA.
9. The company utilized over $375 million of its approximately $1 billion NOL balance year-to-date, reducing cash tax payments by $80 million.
10. Q4 system-wide throughput is expected between 184,000 and 193,000 barrels per day, reflecting planned maintenance and seasonal demand conditions.",0.0981988650382432,-0.0758323974385868,0.203353163872363,0.987527114967462
ea_UNH_Q3_2025,UNH,2025Q4,2025-10-28 09:55:00,"1. UnitedHealth Group reported Q3 2025 adjusted earnings per share of $2.92, which was slightly ahead of expectations.
2. Q3 2025 revenues exceeded $113 billion, reflecting 12% year-over-year growth driven by domestic membership expansion of over 780,000 lives year-to-date.
3. The medical care ratio was 89.9% in Q3 2025 compared to 85.2% in the same quarter last year.
4. The company expects total Medicare Advantage membership to contract by approximately 1 million members in 2026, including both individual and group markets.
5. The final year of V28 Medicare funding cuts represents a more than $6 billion headwind to the overall enterprise in 2026.
6. ACA rate filings include average rate increases of over 25%, with enrollment expected to reduce by approximately two-thirds due to targeted service area reductions.
7. Optum Health expects to end 2025 with margins of just under 3%, including value-based care margins under 1%.
8. The debt-to-capital ratio remained at 44.1% in Q3 and is expected to trend closer to 40% in the second half of 2026, at which point share buybacks may resume.
9. The company generated Q3 operating cash flow of $5.9 billion and expects full-year 2025 operating cash flow of $16 billion, or 1.1x net income.
10. Management expects a non-GAAP, substantially noncash, low single-digit billion-dollar charge related to international market reductions, Change Health cyberattack loan recovery, and Optum Health geographic consolidation.",0.0003278867697688,0.0035411845633406,0.57328285559762,0.3546637744034707
ea_FWRG_Q3_2025,FWRG,2025Q4,2025-11-04 12:00:00,"1. Total revenue increased 25.6% compared to the third quarter of last year, reaching $316 million.
2. Same-restaurant sales growth was 7.1%, including positive traffic of 2.6%, representing the company's best quarterly result for both metrics in over 2 years.
3. Restaurant-level operating profit margin was 19.7%, an 80 basis point improvement from the third quarter of 2024.
4. Adjusted EBITDA was $34.1 million, $8.5 million higher than last year, with adjusted EBITDA margin increasing to 10.8% from 10.2%.
5. The company opened 21 system-wide restaurants during Q3 and ended the quarter with 620 system-wide restaurants, targeting 63-64 new openings for 2025 representing nearly 11% system-wide growth.
6. Management raised full-year 2025 guidance for same-restaurant sales growth to approximately 4% (from prior low single digits) and same-restaurant traffic to approximately 1% (from flat to slightly positive).
7. Annual adjusted EBITDA projection was raised to approximately $123 million, the high end of prior guidance range of $119 million to $123 million.
8. Nine of the company's ten highest opening week sales in company history were achieved in restaurants opened within the last 12 months, with some new restaurants opening at volumes exceeding 190% of average unit volume.
9. Labor and other related expenses decreased 100 basis points to 32.6% of sales, while food and beverage expense decreased 20 basis points to 22.2% despite 3% commodity inflation in the quarter.
10. The company's 3-year new restaurant opening AUV targets have risen from $1.6 million to $2.7 million, with average cash-on-cash returns of approximately 35%.",-0.0012618296529968,0.122500624714651,0.901568415359654,0.19522776572668113
ea_VERU_Q1_2026,VERU,2026Q1,2026-02-11 11:30:00,"1. Veru completed an underwritten public offering on October 31, 2025, generating net proceeds of approximately $23.4 million from the sale of 1.4 million shares of common stock, prefunded warrants for up to 7 million shares, and accompanying Series A and Series B warrants at a public offering price of $3 per share.
2. Cash, cash equivalents, and restricted cash as of December 31, 2025, was $33 million compared to $15.8 million as of September 30, 2025.
3. The company's current cash is expected to be sufficient to fund operations only through the interim analysis of the Phase IIb PLATEAU clinical study, indicating potential need for additional capital.
4. Research and development costs decreased to $1.3 million in Q1 FY2026 from $5.7 million in Q1 FY2025, primarily due to the wind down of the completed Phase IIb QUALITY clinical study.
5. Net loss improved to $5.3 million or $0.26 per diluted share in Q1 FY2026 compared to a net loss of $8.9 million or $0.61 per diluted share in the prior year quarter.
6. Cash used for operating activities decreased to $6.2 million in Q1 FY2026 from $11.3 million in the prior year period.
7. The Phase IIb PLATEAU study is expected to begin in the current quarter and will enroll approximately 200 older patients aged 65+ with obesity (BMI ≥35), with an interim analysis for lean body mass and fat mass anticipated in Q1 calendar year 2027.
8. FDA feedback confirmed at least two possible regulatory approval pathways for enobosarm: one based on achieving ≥5% placebo-corrected incremental weight loss at 52 weeks, and another based on clinically meaningful preservation of physical function even if incremental weight loss is less than 5%.
9. Based on Eli Lilly's SURMOUNT-1 study, 88% of patients with obesity hit a weight loss plateau after 1 year on a GLP-1 receptor agonist, with 62.6% of those patients still clinically obese at the time of that plateau.
10. The FDA's updated Wegovy label now includes increased risk of hip and pelvic fractures based on the SELECT cardiovascular trial, with 4-5x more hip and pelvic fractures reported in female patients and patients aged 75+, which Veru views as a potential opportunity for enobosarm's bone mineral density benefits.",0.106042950884868,-0.003363527441936,0.500836820083682,0.9932813177286519
ea_CINF_Q3_2025,CINF,2025Q4,2025-10-27 20:05:00,"1. Net income for Q3 2025 was $1.1 billion, including $675 million on an after-tax basis from the increase in fair value of equity securities still held.
2. Non-GAAP operating income of $449 million for Q3 2025 more than doubled compared to Q3 2024.
3. The 88.2% Q3 2025 property casualty combined ratio improved by 9.2 percentage points compared to Q3 last year, including a decrease of 9.3 points for catastrophe losses.
4. Consolidated property casualty net written premiums grew 9% for Q3 2025.
5. Investment income grew 14% in Q3 2025, with bond interest income growing 21% and the fixed maturity portfolio pretax average yield of 5.10% up 30 basis points compared to last year.
6. Personal lines grew net written premiums 14% with an 88.2% combined ratio, 22.1 percentage points better than Q3 2024.
7. Quarter-end book value reached a record high of $98.76 per share, with $15.4 billion of GAAP consolidated shareholders' equity.
8. Parent company cash and marketable securities at quarter end was $5.5 billion, with debt to total capital remaining under 10%.
9. The company repurchased approximately 404,000 shares at an average price of $149.75 per share during Q3 2025.
10. Fitch Ratings upgraded insurer financial strength ratings for all standard market property casualty and life insurance subsidiaries to AA- from A+ with a stable outlook.",0.0051382897741689,-0.038904673664194,0.340183883180097,0.7792841648590022
ea_LYTS_Q1_2026,LYTS,2025Q4,2025-11-06 12:00:00,"1. Q1 fiscal 2026 sales reached $157 million, representing a 14% increase versus Q1 last year, with organic sales increasing 7%.
2. Adjusted earnings per share improved to $0.31 compared to $0.26 in the prior year quarter, an increase of 19%.
3. Adjusted EBITDA was $15.7 million with an EBITDA margin rate of 10%.
4. Lighting segment first-quarter sales increased 18% versus prior year, with a 170 basis point improvement in gross margin and 43% increase in adjusted operating income.
5. Display Solutions segment total sales increased 11% in the first quarter.
6. The company amended and extended its credit facility, increasing availability to $125 million and extending the term for 5 additional years to September 2030.
7. The company has more than $80 million of available liquidity while net leverage remains below 1x.
8. Q2 of fiscal 2025 saw over 100% growth in Display Solutions with approximately 50% organic growth, including over 60% organic growth in the Grocery segment alone.
9. A large national C-store refueling program is projected to continue through the end of calendar year 2026.
10. The company currently has at least 20% capacity available to take on additional projects, with potential for another 20% through staffing up the second shift.",0.0021748586341887,-0.0904074686039871,0.165494862087615,0.6231019522776573
ea_CECO_Q4_2025,CECO,2026Q1,2026-02-24 12:00:00,"1. CECO's Q4 2025 backlog reached a record $793 million, up 47% year-over-year and 10% sequentially, with backlog increasing for 8 straight quarters.
2. Full year 2025 bookings surpassed $1 billion for the first time at $1.064 billion, a 60% increase over full year 2024 with a book-to-bill of nearly 1.4x.
3. CECO raised its full year 2026 revenue guidance to $925 million–$975 million (up from $850 million–$950 million) and adjusted EBITDA guidance to $115 million–$135 million, representing 23% revenue growth and 38% EBITDA growth at the midpoints.
4. CECO announced a stock-and-cash merger with Thermon valued at approximately $2.2 billion, with Thermon shareholders receiving $10 in cash and 0.684 CECO shares per share, at an implied valuation of ~17x adjusted EBITDA (13x including synergies).
5. The combined CECO-Thermon entity is expected to generate approximately $1.5 billion in revenue and ~$295 million in adjusted EBITDA (including ~$40 million of identified run-rate synergies by year 3), with EBITDA margins approaching the low 20s.
6. In Q4 2025, CECO booked its largest-ever project valued at approximately $135 million for a large-scale natural gas power generation facility in Texas, and has already secured two additional natural gas power orders exceeding $175 million in aggregate in Q1 2026.
7. Full year 2025 revenue was $774 million (up 39% year-over-year, with 25% organic growth), and full year adjusted EBITDA exceeded $90 million for the first time, growing 44% with 40 basis points of margin expansion.
8. Quarter-to-date through February 24, 2026, CECO has booked over $270 million in orders, and management described a power generation pipeline of $1 billion to $2 billion in opportunities expected to convert within the next 12 to 24 months.
9. Pro forma net leverage for the combined company is expected to be 2.5x, and CECO's standalone leverage ratio ended 2025 at 2.2x with $124 million in liquidity; the transaction is expected to be accretive in year 1 even before synergies.
10. Thermon generates over $520 million in annual revenue with approximately 85% from shorter-cycle/OpEx sales, a 45% gross profit margin, and approximately 23% adjusted EBITDA margin, complementing CECO's 70%–80% mid-to-longer cycle project revenue mix.",-0.0015447991761071,-0.235773746072346,0.0271966527196653,0.21889900303424362
ea_CTMX_Q4_2025,CTMX,2026Q1,2026-03-16 10:00:00,"1. Varseta-M achieved a 32% confirmed overall response rate at 10 mg/kg and a 20% confirmed overall response rate at 8.6 mg/kg in late-line colorectal cancer patients.
2. Preliminary median progression-free survival improved from 5.8 months in May 2025 to 7.1 months at 10 mg/kg and 6.8 months at 8.6 mg/kg as of the January 16, 2026 data cutoff.
3. Grade 3 diarrhea was reduced from 29% in dose escalation/expansion cohorts to 10% (2 of 20 patients) in the dose optimization cohorts using mandatory dual prophylaxis with loperamide and budesonide plus adjusted ideal body weight dosing.
4. Total enrollment across the Phase I study reached 93 patients as of the January 16, 2026 data cutoff, up from 73 patients reported in August 2025.
5. The company plans to initiate the first registrational study for Varseta-M in the first half of 2027, with additional Phase I data and registrational study design to be shared in the second half of 2026.
6. The third-line CRC setting alone is projected to have 45,000 addressable patients in the U.S. by 2040, representing a potential multibillion-dollar market opportunity.
7. Treatment discontinuations due to treatment-related adverse events were low at 11% across all cohorts.
8. No dose-limiting toxicities, no classic EpCAM toxicities (such as pancreatitis or severe liver toxicities), and no interstitial lung disease were observed with Varseta-M.
9. The company has initiated Phase I assessment of Varseta-M in combination with bevacizumab, with initial data anticipated late 2026 or early 2027, and plans to start combination work with bevacizumab plus chemotherapy by year-end.
10. Approximately three-quarters of patients had liver metastases and the majority had KRAS-mutated tumors, yet antitumor activity was observed regardless of KRAS status or liver metastasis presence in this unselected, all-comer population.",-0.0277777777777778,0.354533059587007,0.995397489539749,0.06328565236237538
ea_FLYX_Q4_2025,FLYX,2026Q1,2026-03-04 21:05:00,"1. flyExclusive delivered $105 million in Q4 2025 revenue, up 15% year-over-year, and generated $6.8 million of positive adjusted EBITDA, its first positive quarter since becoming a public company.
2. The company removed 28 nonperforming aircraft and added 7 highly profitable aircraft in 2025, flying 13% more flight hours while operating 14% fewer aircraft.
3. Full year 2025 revenue grew 15% to $376 million, gross profit increased 53%, and adjusted EBITDA improved over $49 million year-over-year, narrowing the full-year loss to just $7 million.
4. Contractually committed demand hours from fractional, club, and partner programs increased approximately 33% year-over-year, and fractional sales revenue increased nearly 56% compared to the prior year.
5. Long-term debt was reduced by approximately $84 million (36% reduction) in 2025 while maintaining the year-end cash position, and an additional $10 million in debt was eliminated in early Q1 2026.
6. The company expects to reduce its Q1 2026 adjusted EBITDA loss by approximately 50% compared to Q1 2025 (which was negative $12.5 million), and expects every quarter of 2026 to meaningfully outperform the corresponding quarter of 2025.
7. SG&A as a percentage of revenue declined to 22% for full year 2025, a nearly 600 basis point reduction generating roughly $9 million in annual savings, with revenue per SG&A employee increasing approximately 28% to $1.9 million per person.
8. The company plans to add approximately 20 CJ3, XLS, and Challenger aircraft in 2026 and expects flight hours to grow more than 15%, targeting an annualized run rate of over 100,000 hours by year-end.
9. The Volato aircraft sales division acquisition for $2.1 million contributed approximately $5.7 million in Q4 bottom line improvement, and the second tranche—including the Mission Control scheduling/optimization platform and Vaunt empty leg program—is expected to close before end of Q2 2026.
10. Each 1% improvement in dispatch availability translates to $2.5 million per year on the bottom line, and the company expects a 10% improvement in dispatch reliability in 2026, equating to approximately $25 million in annualized bottom line performance improvement.",-0.0897959183673469,0.0228021803949114,0.620083682008368,0.027741655830082357
ea_RRC_Q3_2025,RRC,2025Q4,2025-10-28 20:15:00,"1. Q3 2025 all-in capital was $190 million with year-to-date investment of $491 million, on track with full year guidance of $650-680 million.
2. Q3 production was 2.2 Bcf equivalent per day, with Q4 expected at approximately 2.3 Bcf equivalent per day, growing toward 2.6 Bcf per day by 2027—an increase of approximately 20% from current levels.
3. Year-to-date, Range repurchased $177 million in shares, paid nearly $65 million in dividends, and reduced net debt by $175 million since year-end.
4. Year-to-date NYMEX natural gas prices averaged $3.39 while Range achieved an average realized price of $3.59 per unit of production, a $0.20 premium from diversified commodity mix and sales strategy.
5. Range plans to exit 2025 with more than 400,000 lateral feet of growth-focused drilled uncompleted inventory (approximately 30 wells) supporting development plans through 2027.
6. Based on projects under construction, LNG feed gas demand is expected to exceed 30 Bcf per day by 2031, more than doubling current export capacity.
7. Management expects approximately 2.5 Bcf per day of Northeastern demand potential from data centers by the end of the decade.
8. Approximately 90% of Range's revenue comes from outside Appalachia, with half of gas going to the Gulf Coast and 30% to the Midwest.
9. Q3 cash operating expenses were $0.11 per Mcfe, within previously improved guidance for the year.
10. Management expects 700,000 barrels per day of LPG demand growth by year-end 2026 and 1.4 million barrels per day of incremental demand by end of decade.",0.0010819583446037,-0.0528467738324074,0.280692266089778,0.48698481561822127
ea_ACIW_Q3_2025,ACIW,2025Q4,2025-11-06 11:00:00,"1. Q3 2025 total revenue was $482 million, up 7% year-over-year and 6% adjusted for foreign exchange.
2. Recurring revenue reached $298 million in Q3, up 10% year-over-year, representing 62% of total revenue.
3. Year-to-date total revenue and adjusted EBITDA are both up 12% compared to the first nine months of last year.
4. Net new ARR bookings year-to-date grew 50% to $46 million, and new license and services bookings grew 8% to $189 million.
5. The company raised 2025 revenue guidance to $1.73 billion to $1.754 billion, up from prior guidance of $1.71 billion to $1.74 billion.
6. The company raised 2025 adjusted EBITDA guidance to $495 million to $510 million, up from prior guidance of $490 million to $505 million.
7. ACI signed its first ACI Connetic customer in Q3, Solaris, a German fintech and bank.
8. Year-to-date, ACI repurchased 3.1 million shares for $150 million, representing approximately 3% of shares outstanding.
9. The company increased its share repurchase authorization to a total of $500 million.
10. The 60-month backlog reached $7.1 billion with double-digit year-over-year growth across both Payment Software and Biller segments.",0.0031094527363184,0.0609198624080543,0.799891833423472,0.688177874186551
ea_FLNT_Q4_2025,FLNT,2026Q1,2026-03-09 20:15:00,"1. Commerce Media Solutions contributed 56% of total Q4 2025 revenue, more than doubling from 26% in Q4 2024 and up from 10% in Q4 2023.
2. Q4 2025 consolidated revenue was $61.8 million with media margin of $19.1 million (up 49% sequentially) and adjusted EBITDA of $0.2 million, a $3.6 million improvement from Q3 2025.
3. Full year 2025 Commerce Media Solutions revenue totaled $82.3 million, representing 99% growth over 2024, with an annual run rate exceeding $105 million at year-end, up from $85 million at end of Q3.
4. The company revised its adjusted EBITDA target and no longer expects to be adjusted EBITDA positive in 2026, though it does expect improved adjusted EBITDA compared to 2025's loss of $9 million.
5. Q4 Commerce Media Solutions media margin included a $4.3 million one-time benefit from an early termination settlement with a media partner, and gross margins are expected to normalize to the mid-20s over the course of 2026.
6. Management expects Commerce Media Solutions revenue growth of greater than 50% but lower than 100% in 2026, reduced from a prior doubling target due to the early partner termination.
7. Full year 2025 operating expenses totaled $61 million, a 16% decrease from $72.3 million in 2024, reflecting cost reduction efforts.
8. The company ended 2025 with $12.9 million in cash (up from $9.4 million at year-end 2024), total net debt of $30.8 million, and raised over $19 million in equity capital during 2025.
9. Management expects relatively flat year-over-year total company revenue in Q1 2026 (adjusting for the Call Solutions divestiture), accelerating to double-digit year-over-year growth in the second half with full year double-digit revenue growth from continuing businesses.
10. Adjacent Commerce Media opportunities in loyalty and pre-checkout are individually estimated to be at least as large as the current post-transaction total addressable market, with more details expected after Q2 2026.",-0.0084745762711864,-0.0344197056630356,0.352301255230126,0.11703511053315994
ea_NEM_Q4_2025,NEM,2026Q1,2026-02-19 21:05:00,"1. Newmont produced 5.7 million ounces of gold, 28 million ounces of silver, and 135,000 tonnes of copper from its core portfolio in 2025.
2. Newmont generated $2.8 billion in free cash flow in Q4 2025 and $7.3 billion for the full year 2025, both record levels.
3. The company returned $3.4 billion to shareholders through dividends and share repurchases in 2025 and has $2.4 billion remaining on its $6 billion approved buyback program.
4. The quarterly common dividend was increased by 4% to $0.26 per share, with a sustainable annual cash dividend set at $1.1 billion per year under the enhanced capital allocation framework.
5. 2026 gold production guidance is 5.3 million ounces (3.9 million managed, 1.4 million non-managed), representing a trough year before expected growth back toward approximately 6 million ounces of gold and 150,000 tonnes of copper annually.
6. 2026 all-in sustaining costs on a byproduct basis are expected to be approximately $1,680 per ounce, with every $100 increase in gold price adding approximately $6 per ounce in AISC from taxes, royalties, and profit-sharing.
7. Ahafo North achieved commercial production at end of 2025, expected to deliver approximately 300,000 ounces per year, with total project capital of approximately $950 million at the lower end of the estimated range.
8. G&A guidance for 2026 was reduced by $100 million (21% improvement), and AISC is expected to be more than $100 per ounce lower than without the cost savings initiatives launched last year.
9. The gold reserve base stands at 118 million ounces with an additional 149 million ounces of gold resource, representing approximately 40 years of production life, with the reserve price assumption increased from $1,700 to $2,000 per ounce.
10. Reclamation spend is expected to be approximately $850 million in 2026 (primarily Yanacocha water treatment plants), declining to $300-$400 million in 2028 once construction is complete.",0.0046251993620414,-0.0322269438586023,0.361924686192469,0.7858690940615518
ea_SEG_Q4_2025,SEG,2026Q1,2026-03-04 21:15:00,"1. Full year 2025 net loss improved 24% year-over-year, and non-GAAP adjusted net loss improved 49% year-over-year.
2. The sale of 250 Water Street closed in early February 2026 and is expected to generate net proceeds of approximately $75 million, eliminating $7 million of annual cash burn related to interest expense and carry costs.
3. The Balloon Museum lease replacing the Tin Building's culinary operations has the opportunity to improve the company's pro forma annual EBITDA by more than $22 million.
4. Since becoming a stand-alone public company in August 2024, the company has leased or programmed more than 220,000 square feet, which is anticipated to result in additional stabilized EBITDA of more than $30 million.
5. Pro forma for the 250 Water Street sale proceeds, the company's cash, restricted cash and cash equivalents balance would be $163 million, with an estimated $70 million to $90 million of additional capital spending expected to reach stabilization.
6. The company received Board approval to file a $150 million shelf registration statement and a $50 million stock repurchase program.
7. The Pier 17 event space expansion will grow from 17,500 square feet to more than 40,000 square feet across 3 floors, with expected long-term unlevered cash-on-cash returns above 20% and a payback period under 5 years.
8. Full year 2025 G&A expenses were $42.8 million, a 32% improvement compared to 2024, with Q4 2025 G&A of $6.8 million representing a 31% year-over-year improvement and serving as the new benchmark run rate.
9. Full year 2025 Entertainment segment adjusted EBITDA increased 124% year-over-year, driven by improved collections, reduced bad debt, internalization of food and beverage operations, and strategic reductions in per show operating expenses.
10. Excluding nonrecurring items, full year 2025 consolidated operating EBITDA increased 33%, or more than $13 million, year-over-year on a pro forma basis despite total revenue being essentially flat.",-0.0235344458707745,-0.0080729167556303,0.480753138075314,0.06978760294755093
ea_VEL_Q4_2025,VEL,2026Q1,2026-03-11 20:15:00,"1. Core net income increased by 52% to $111 million for full year 2025, driving a record pretax ROE of 26%.
2. Loan originations increased by 49% to a record $2.7 billion in 2025, with over 6,600 loans originated during the year.
3. The total loan portfolio grew 28.4% year-over-year to $6.5 billion in UPB as of December 31, 2025.
4. The company completed 9 new securitizations in 2025 with $2.6 billion in new issuance, and deals were oversubscribed with tight spreads.
5. In January 2026, Velocity issued its first rated unsecured debt offering of $500 million at a fixed rate of 9.375% due in 2031, using proceeds to pay off $215 million in corporate securitized debt maturing in 2027 and to pay down warehouse lines.
6. The nonperforming loan rate decreased to 8.5% at year-end 2025 from 10.7% at year-end 2024, driven by a $129 million NPL sale and continued strong resolutions.
7. The Q4 2025 NPL sale generated $13.4 million of net income, freed up approximately $50 million in working capital, and retained servicing rights for future fee income.
8. Portfolio net interest margin remained stable at 3.59% in Q4 2025, with portfolio yield increasing 39 basis points year-over-year while cost of funds increased only 18 basis points.
9. Weighted average coupon on new Q4 2025 held-for-investment originations was just over 10%, with a weighted average loan-to-value of just under 63%.
10. Commercial loan spreads are approximately 125 basis points wider than single-family spreads, which management considers the appropriate risk adjustment to remain product-agnostic.",0.0093099671412924,-0.0097748508684295,0.47071129707113,0.8790637191157347
ea_PAR_Q4_2025,PAR,2026Q1,2026-02-26 21:05:00,"1. Q4 2025 revenue was $120.1 million, up 14% year-over-year, while full year revenue reached $455.5 million, up $105 million year-over-year including 21% organic growth.
2. ARR exited Q4 at $315.4 million, representing 15% organic growth, with a record $17 million incremental ARR added in Q4 and second-half growth more than double first-half growth.
3. The company achieved its third consecutive quarter of non-GAAP profitability with $2.6 million of non-GAAP net income in Q4, and full year non-GAAP net income improved by over $30 million year-over-year.
4. PAR signed Papa Johns for a decade-long partnership across 3,200 sites deploying PAR POS and PAR OPS, and PAR POS alone booked over $25 million in Q4, exceeding internal expectations.
5. Nearly 90% of Q4 operator deals were multiproduct in nature, and over 80% of new engagement deals were multiproduct, while the average customer currently uses just 1.8 PAR products from 6 to 8 core software SKUs.
6. The company expects to eliminate roughly $15 million in annualized OpEx through AI-driven automation and scale synergies by the end of Q1 2026, with 100% adoption of AI across R&D teams and most development now happening via agents without human involvement in code.
7. Non-GAAP subscription service margin was 71% for Q4 (excluding a fixed product contract from a 2024 acquisition), an improvement of 190 basis points versus the prior year.
8. Hardware margins declined from 26% to 23% year-over-year due to tariff impacts and AI-driven supply chain constraints on memory, SSDs, and processors, with management expecting these pressures to persist through 2026 and potentially into 2027.
9. Management guided to mid-teens organic ARR growth for 2026 with stronger second-half performance, noting the majority of the plan is already booked with upside from new AI product launches and large Tier 1 opportunity conversions.
10. PAR authorized a $100 million share buyback program, with management stating M&A is lower priority given the current stock price and expressing disappointment with the stock's valuation relative to the company's opportunity set.",0.0035618878005342,-0.265206693501563,0.0184100418410042,0.7472908539228436
ea_LGVN_Q3_2025,LGVN,2025Q4,2025-11-04 21:05:00,"1. Cash and cash equivalents as of September 30, 2025 were $9.2 million, with operational decisions extending the runway into late Q1 2026.
2. The BLA filing timeline for HLHS has been pushed from late 2026 into 2027 due to restructured spending on CMC and manufacturing milestones.
3. ELPIS II, the pivotal Phase IIb study in HLHS, completed enrollment of 40 patients at 12 institutions in June 2025, with top-line results expected in Q3 2026.
4. Total revenues for the 9 months ended September 30, 2025 decreased 53% to $0.8 million from $1.8 million in the same period of 2024.
5. Net loss increased 45% to approximately $17.3 million for the 9 months ended September 30, 2025, compared to $11.9 million for the same period in 2024.
6. Research and development expenses increased 52% to approximately $9.3 million for the 9 months ended September 30, 2025, from $6.1 million in the prior year period.
7. The company has access to an at-the-market (ATM) equity financing facility for up to $10.7 million in aggregate market value of Class A stock.
8. In ELPIS I, the Phase I clinical study in HLHS, 100% transplant-free survival was observed for 5 years in all treated patients, compared to approximately 20% death and heart transplant in historical controls over the same period.
9. Contract manufacturing revenue decreased 76% to $0.2 million for the 9 months ended September 30, 2025, from $0.8 million in the prior year period.
10. General and administrative expenses increased 22% to approximately $9.1 million for the 9 months ended September 30, 2025, compared to $7.4 million for the same period in 2024.",-0.175,-0.0517804606016759,0.286100594916171,0.01193058568329718
ea_PFE_Q3_2025,PFE,2025Q4,2025-11-04 11:45:00,"1. Q3 2025 revenues were $16.7 billion, a decrease of 7% operationally versus the prior year, largely driven by declines in COVID products Paxlovid and Comirnaty.
2. Pfizer raised and narrowed its full year 2025 adjusted diluted EPS guidance by approximately $0.08 at the midpoint to a range of $3.00 to $3.15 per share.
3. Non-COVID products grew 4% operationally versus the prior year period, with recently launched and acquired products delivering $7.3 billion in revenue through the first nine months of 2025, growing approximately 9% operationally.
4. The proposed Metsera acquisition for approximately $4.9 billion is expected to be approximately $0.16 dilutive to 2026 adjusted EPS, with an additional $0.05 dilution from the 3SBio deal.
5. Pfizer expects approximately $7.7 billion in total cost savings by the end of 2027, including at least $4.5 billion in cumulative net cost savings from the ongoing cost realignment program by the end of 2025.
6. Adjusted gross margin for Q3 2025 was approximately 76%, reflecting favorable product mix and continued strong cost management within the manufacturing footprint.
7. Business development capacity after the 3SBio deal is approximately $13 billion, with gross leverage at approximately 2.7x at the end of Q3.
8. Key product performance included Vyndaqel family growing 7%, Nurtec growing 22%, Padcev growing 13%, Prevnar family growing 17% internationally, and Abrysvo growing 75% internationally on a year-over-year operational basis.
9. The Phase III start of Pfizer's adult 25-valent pneumococcal vaccine program has been delayed from 2025 to 2026, pending FDA alignment on the company's approach.
10. Q3 2025 adjusted diluted EPS was $0.87, ahead of expectations, despite an approximately $0.20 headwind from acquired in-process R&D expense related to the 3SBio transaction.",0.0089213300892133,-0.0025080100685583,0.540832882639264,0.8562906724511931
ea_MSCI_Q3_2025,MSCI,2025Q4,2025-10-28 10:45:00,"1. MSCI delivered organic revenue growth of 9%, adjusted EBITDA growth of 10%, and adjusted EPS growth of over 15% in Q3 2025.
2. MSCI repurchased $1.25 billion in shares since the beginning of Q3, bringing year-to-date repurchases to over $1.5 billion, with the Board authorizing an additional $3 billion in share repurchases.
3. Total AUM in investment products linked to MSCI indexes reached $6.4 trillion globally, including $2.2 trillion in ETFs and $4.2 trillion in non-ETF products, with 4 ETF products now exceeding $100 billion in AUM.
4. Asset-based fee run rate hit a record high of nearly $800 million, with ABF run rate growth of 17%.
5. Index recurring net new subscription sales grew 27%, including 43% growth in the Americas, marking MSCI's best third quarter ever for Index recurring net new subscription sales.
6. Equity ETFs linked to MSCI indexes captured $46 billion of inflows during Q3 2025.
7. Analytics recurring net new sales grew 16%, with Equity Solutions up 29%, driven by strength among hedge funds in the Americas and APAC.
8. Hedge funds delivered 21% recurring net new subscription sales growth, representing MSCI's highest Q3 ever for new recurring sales to hedge funds.
9. Active ETFs linked to MSCI indexes have nearly $30 billion in assets, with AUM up 10% quarter-on-quarter.
10. AI-powered products generated approximately $15-20 million in sales this year from 25 new products launched.",0.0001828621585049,0.0842212919707305,0.850189291508924,0.32537960954446854
ea_GNW_Q3_2025,GNW,2025Q4,2025-11-05 21:10:00,"1. Genworth reported Q3 2025 net income of $116 million with adjusted operating income of $17 million or $0.04 per share.
2. Enact contributed $134 million to Genworth's adjusted operating income in Q3 2025, down 9% versus the prior year.
3. Genworth received $110 million in capital returns from Enact in Q3, bringing total capital received from Enact to $1.2 billion since its IPO in 2021.
4. Enact now expects to return approximately $500 million of capital to shareholders in 2025, with Genworth expecting to receive around $405 million based on its 81% ownership.
5. Genworth announced a new $350 million share repurchase authorization on September 18, 2025, and expects to allocate between $200 million to $225 million to share repurchases for full year 2025.
6. The long-term care insurance segment reported an adjusted operating loss of $100 million, driven by unfavorable actual-to-expected variances of $107 million pretax from lower terminations and higher benefit utilization.
7. The multiyear rate action plan has achieved $31.8 billion in net present value since it began in 2012, with Q3 2025 securing $44 million of gross incremental premium approvals at an average increase of 63%.
8. Genworth ended Q3 with $254 million of cash and liquid assets at the holding company, with holding company debt at $790 million.
9. If the AXA litigation ruling is upheld on appeal (expected in 12-18 months), Genworth expects to recover approximately $750 million, subject to exchange rates.
10. The CareScout Quality Network now includes over 700 providers with more than 950 locations covering over 95% of the U.S. population aged 65 and older, with CareScout's inaugural LTC insurance product now approved in 37 states.",-0.0011668611435239,0.0137096377630955,0.622498647917793,0.19739696312364424
ea_FUL_Q1_2026,FUL,2026Q1,2026-03-25 20:05:00,"1. Q1 2026 organic revenue decreased 6.6% year-on-year, with pricing up 0.6% and volume down 7.2%.
2. Q1 adjusted EBITDA was $119 million, up 4% year-on-year, at the higher end of guidance, with EBITDA margin expanding 90 basis points to 15.4%.
3. H.B. Fuller announced a minimum 10% price increase across all product lines globally effective April 1, with certain technologies and regions seeing increases of 40% to 50% on finished goods.
4. The company has received over 40 force majeure letters from suppliers in recent weeks, primarily from the Asia Pacific region, due to Middle East conflict-related supply chain disruptions.
5. Full-year adjusted EBITDA guidance was raised to $645 million to $675 million, with adjusted EPS expected at $4.55 to $4.90, and organic revenue now expected up low single digits.
6. Volume assumptions for fiscal 2026 were reduced from approximately flat to down 1% to now down 5%, while pricing is expected to average roughly 10% or more for the rest of the year.
7. The company is pausing M&A deal closings in the near term, shifting cash deployment toward share repurchases while targeting 2.5x to 3x net debt-to-EBITDA (currently at 3.1x).
8. Quantum Leap restructuring savings expectations were increased from $10 million to $15 million for fiscal 2026, and the company reaffirmed its target of reaching 20% EBITDA margin by 2028.
9. HHC organic revenue declined 10% year-over-year as consumers shifted to lower-cost alternatives and smaller package sizes, while EA organic revenue grew approximately 3% excluding solar (with EBITDA margin reaching 19.9%).
10. Chinese New Year timing caused a $15 million to $20 million revenue impact in Q1, and excluding this effect, China delivered double-digit growth; the European medical adhesives business grew almost 20% organically.",0.0001763357432551,0.0221602210479581,0.617154811715481,0.376679670567837
ea_EPC_Q1_2026,EPC,2026Q1,2026-02-09 11:00:00,"1. Q1 fiscal 2026 organic net sales decreased 50 basis points on a continuing operations basis, while consolidated organic net sales declined 30 basis points, both modestly ahead of expectations.
2. The Feminine Care divestiture closed on February 2, 2026, with an annualized impact of approximately $0.20 in adjusted EPS or $36 million in adjusted EBITDA, better than the previous outlook of $0.40 to $0.50 in EPS and $35 million to $45 million in EBITDA.
3. Adjusted gross margin rate decreased 210 basis points in Q1, with 240 basis points of productivity savings more than offset by 450 basis points of core inflation, tariffs and volume absorption.
4. Sun Care organic net sales grew nearly 20% in Q1, led by nearly 60% growth in North America due to earlier-than-anticipated retailer seasonal orders.
5. Full year fiscal 2026 adjusted EPS is expected to be $1.70 to $2.10, adjusted EBITDA $245 million to $265 million, and adjusted free cash flow $80 million to $110 million on a continuing operations basis.
6. The company expects a net tariff impact of approximately $25 million after mitigation efforts for fiscal 2026, with pricing actions and tariff mitigation expected to accelerate in the second half.
7. Management targets $150 million-plus in free cash flow for fiscal 2027, driven by reduced one-time spend from Wet Shave consolidation and improved cash conversion.
8. The Billie brand grew U.S. market share by 40 basis points in Q1, and Cremo delivered approximately 27% organic net sales growth in the quarter.
9. Stranded costs from the Fem Care divestiture are estimated at $30 million to $35 million, with TSA income expected to mitigate approximately 75% to 80% of that through mid-fiscal 2027, with full cost elimination expected within 18 to 24 months.
10. Net proceeds from the Fem Care divestiture are being directed toward debt reduction, targeting a decrease in leverage from approximately 4x to approximately 3x by fiscal year-end.",0.0096385542168674,-0.0511923244361775,0.290376569037657,0.882531426094495
ea_OSG_Q4_2025,OSG,2026Q1,2026-02-23 21:05:00,"1. Octave's insurance distribution business revenue grew 65% over 2024, fueled by 14% organic growth, excluding 8 months of Octave Ventures and the ArmadaCare acquisition.
2. Nine of Octave's total 22 MGAs were launched in 2024 and 2025, with over 40% of the total MGA portfolio still in early growth stages expected to scale over the next 2 to 4 years.
3. For full year 2026, the company expects Insurance Distribution organic revenue growth of at least 20%, Insurance Distribution adjusted EBITDA of approximately $40 million, Everspan gross written premiums of around $410 million, and consolidated adjusted net income of around $0.50 per share.
4. ArmadaCare generates recurring revenue streams with adjusted EBITDA margins of over 40%, and its integration is progressing ahead of schedule with early performance exceeding expectations.
5. Investment in start-up MGAs created a drag on total adjusted EBITDA of just under $3 million in Q4 2025, with all but 2 of the 6 negative-EBITDA entities anticipated to be breakeven or profitable by Q4 2026.
6. Insurance Distribution adjusted EBITDA margin improved to 15% in Q4 2025 from 12% in Q4 2024, trending toward a longer-term goal of mid-20s-plus margins.
7. Everspan's combined ratio fell to 99.4% in Q4 2025, dropping below 100% for the first time in 2025, with the company expecting it to remain below 100% in 2026.
8. Aligned underwriting capacity from Lloyd's syndicates and curated capital partners, together with Everspan, stands at over $2 billion entering 2026.
9. Select corporate expense reduction initiatives are estimated to generate approximately $17 million of reported expense savings and over $10 million of impact on adjusted corporate EBITDA when fully complete.
10. Octave reported a Q4 2025 net loss to shareholders of $30 million or $0.84 per share, driven by ArmadaCare acquisition costs, financial guarantee business exit expenses, and a $3.1 million impairment of a legacy minority investment.",0.0319148936170213,-0.105691064622353,0.153138075313808,0.9588209796272215
ea_ALGT_Q4_2025,ALGT,2026Q1,2026-02-04 21:00:00,"1. Allegiant delivered a 12.9% adjusted operating margin in Q4 2025, described as among the best in the industry, with TRASM declining just 2.6% on 10.5% capacity growth.
2. Full year 2025 total airline revenue exceeded $2.5 billion, up approximately 4.3% versus 2024, representing a record high for Allegiant.
3. The company is guiding to adjusted EPS of at least $8 per share for full year 2026, an increase of approximately 60% year-over-year.
4. Q4 2025 airline-only earnings were $2.72 per share, beating the guided midpoint of $2.00 per share.
5. MAX aircraft are delivering approximately 20% fuel burn advantage compared to the A320 and producing roughly 20% better economics measured as revenue per hour less fuel expense per hour on peak days.
6. Net leverage improved to 2.3x at year-end, down nearly a full turn from Q4 2024, with total debt reduced to just under $1.8 billion from $2.1 billion at end of Q3.
7. Full year 2025 nonfuel unit costs decreased 6.1% year-over-year, described as industry-leading cost performance.
8. The company expects Q1 2026 EPS of approximately $3 at the midpoint with an implied operating margin of 13.5%.
9. Management described January demand as ""exceptional"" with visitation to the website better than in several prior years, though full year guidance remains conservative given macro uncertainty.
10. The company expects to take delivery of 11 737 MAX aircraft in 2026 while retiring 9 A320 family aircraft, resulting in flat year-over-year fleet count with full year 2026 CapEx estimated at approximately $750 million.",0.0085119166833567,0.0084541417851955,0.560251046025105,0.8664932813177286
ea_CEVA_Q4_2025,CEVA,2026Q1,2026-02-17 12:00:00,"1. CEVA delivered record quarterly revenue of $31.3 million in Q4 2025, up 7% year-over-year excluding the divested Intrinsix Design Services business.
2. Q4 2025 licensing revenue increased 11% year-over-year to $17.5 million, while royalty revenue increased 2% year-over-year and 12% sequentially to $13.8 million.
3. CEVA signed an NPU licensing agreement with one of the world's leading PC OEMs for its next-generation AI personal compute architecture, representing a breakthrough into the PC AI category.
4. Licensing agreements signed during 2025 represent an estimated aggregated lifetime royalty potential of $125 million over their expected product lives.
5. For full year 2025, total unit shipments reached a record 2.1 billion devices (up 6% YoY), with Wi-Fi shipments up 48% YoY and cellular IoT shipments up 42% YoY; Wi-Fi royalties grew 70% YoY.
6. CEVA expects total 2026 revenue to grow 8% to 12% over 2025, with non-GAAP operating income and non-GAAP net income anticipated to increase approximately 35% to 40% year-over-year.
7. Q1 2026 revenue is guided at $24 million to $28 million, sequentially lower than the record Q4 but significantly higher than Q1 2025 at the midpoint.
8. AI processor licensing represented just over 20% of licensing revenue in 2025 for the first time ever, and CEVA signed 10 NeuPro NPU agreements during the year.
9. Six NPU customers that signed over the last one to two years are expected to be in production by end of 2026, with potential royalty contributions beginning in early 2027.
10. CEVA completed a 3.5 million share follow-on offering for approximately $63 million net, bringing cash, equivalents, marketable securities and bank deposits to approximately $222 million, positioning for potential M&A within the next 12 months.",0.0,-0.0991743619883789,0.166108786610879,0.3261811876896402
ea_PRSO_Q3_2025,PRSO,2025Q4,2025-11-10 21:05:00,"1. Total net revenue for Q3 2025 was $3.2 million, an increase of more than 45% sequentially from $2.2 million in Q2 2025.
2. mmWave product revenues reached a record $3 million in Q3 2025, compared to $2.2 million in the prior quarter and $0.1 million in Q3 2024.
3. GAAP gross margin increased to 56.2% in Q3 2025 from 48.3% in the prior quarter and 47% in Q3 2024.
4. GAAP net loss improved to $1.2 million ($0.17 per share) in Q3 2025 compared to $1.8 million ($0.31 per share) in Q2 2025.
5. The company expects Q4 2025 total net revenue to be in the range of $2.8 million to $3.1 million based on current backlog.
6. Adjusted EBITDA was negative $1 million in Q3 2025, an improvement from negative $1.6 million in Q2 2025.
7. The company had approximately $1.9 million of cash as of September 30, 2025, compared to $1.8 million as of June 30, 2025.
8. For the first time, Peraso has a double-digit number of new customer devices in preproduction, with preproduction typically being about 3 months away from production.
9. The lead tactical defense customer is expected to begin real production in the second half of 2026, representing approximately a 5-6 quarter lag from initial engagement.
10. The company has approximately 8.98 million shares of common stock and exchangeable shares outstanding and continues an ongoing strategic review process including potential merger, sale of assets, or other transactions.",0.0673076923076923,-0.0312944997197953,0.374256354786371,0.9799349240780911
ea_SATS_Q3_2025,SATS,2025Q4,2025-11-06 11:30:00,"1. EchoStar announced transactions with AT&T valued at approximately $23 billion and with SpaceX valued at approximately $19 billion to resolve the FCC's review of spectrum utilization.
2. EchoStar entered an amended agreement with SpaceX to sell unpaired AWS-3 spectrum licenses for approximately $2.6 billion in SpaceX stock.
3. The company estimates combined unoptimized taxes and liabilities (including tower decommissioning costs) in the range of $7 billion to $10 billion.
4. DBS will receive approximately $2.8 billion from the AT&T transaction for Tranche B C-band spectrum that served as collateral.
5. EchoStar invested in SpaceX at a price of $212 per share.
6. EchoStar's paired AWS-3 spectrum is a 70 by 90 megahertz wide band used by all three major U.S. carriers.
7. All proceeds from the spectrum sales are intended to be held within the newly created EchoStar Capital division.
8. Hughes expects enterprise revenue to exceed 50% of total revenue as early as next year as part of its multi-year transition from consumer to enterprise focus.
9. Charles Ergen has assumed the role of EchoStar CEO effective immediately, while Hamid Akhavan will lead the new EchoStar Capital division focused on capital management and M&A.
10. The company indicated it may discontinue regular quarterly earnings calls after the Q4 2025 year-end call to focus on business operations.",-0.0056692477876106,-0.0117158986832441,0.487831260140617,0.1339479392624729
ea_ALKT_Q3_2025,ALKT,2025Q4,2025-10-30 20:05:00,"1. Q3 2025 revenue was $113 million, representing year-over-year growth of 31.5% and organic growth exceeding 20%.
2. Adjusted EBITDA reached $16 million in Q3 2025, up from $8.3 million in the year-ago quarter, with full-year guidance raised by nearly $4 million to $56-57 million.
3. ARR increased over 31% year-over-year to $449 million, with approximately $67 million of ARR in backlog for implementation.
4. The company implemented 13 new clients onto its digital banking platform in Q3 2025, the most in a single quarter in company history.
5. Registered users on the Alkami platform reached 21.6 million, up 2.1 million or 11% compared to last year.
6. MANTL added 29 new clients in Q3, bringing shared clients under contract for both Alkami digital banking and MANTL to 44, up from 15 at acquisition.
7. Revenue per user (RPU) increased 19% year-over-year to $20.83, driven by the MANTL acquisition and add-on sales success.
8. Remaining performance obligation was approximately $1.6 billion, representing 3.6x ARR and up 25% compared to a year ago.
9. Non-GAAP gross margin expanded nearly 100 basis points year-over-year to 63.7% in Q3 2025.
10. Q4 2025 guidance projects organic revenue growth of 22%, a 200 basis point acceleration from Q3's organic growth rate.",0.003638017280582,-0.0813188825380397,0.188750676041103,0.7131236442516269
ea_NMTC_Q1_2026,NMTC,2026Q1,2026-02-17 13:00:00,"1. NeuroOne is projecting fiscal year 2026 sales of at least $10.5 million, representing a minimum 17% increase from fiscal year 2025.
2. Product revenue was $2.9 million in Q1 fiscal 2026, down from $3.3 million in Q1 fiscal 2025 (which included Zimmer's initial stocking order), but up 5.5% sequentially from $2.7 million in Q4 fiscal 2025.
3. The number of OneRF brain ablations performed in Q1 fiscal 2026 was nearly half of all ablations performed since the technology's launch, indicating accelerating adoption.
4. All 9 trigeminal nerve ablation patients treated across 3 centers have reported being pain-free, and the company expects to complete the limited commercial launch by the end of Q2 fiscal 2026.
5. The company is in diligence discussions with a strategic partner to potentially license the trigeminal nerve ablation technology, but is prepared to commercialize it independently if discussions do not conclude.
6. Product gross profit margin was 54.2% in Q1 fiscal 2026 compared to 58.9% in Q1 fiscal 2025.
7. Net loss in Q1 fiscal 2026 was $1.4 million ($0.03 per share) compared to net income of $1.8 million ($0.06 per share) in Q1 fiscal 2025, with the prior year benefiting from $3 million in one-time license revenue from Zimmer.
8. Cash and cash equivalents decreased to $3.6 million as of December 31, 2025, from $6.6 million as of September 30, 2025, though the company states it is funded through fiscal 2026 and potentially longer if key milestones are hit.
9. The drug delivery program was accelerated approximately 6 months ahead of schedule, with devices expected to be available for commercial use in investigational clinical studies or animals in Q3 fiscal 2026.
10. NeuroOne had no debt outstanding as of December 31, 2025, and all sales and marketing costs for OneRF products are borne by Zimmer Biomet under their distribution agreement.",0.073782587309395,-0.166274640129531,0.0698744769874477,0.9783268313827481
ea_FFAI_Q3_2025,FFAI,2025Q4,2025-11-13 21:45:00,"1. Loss from operations was $206.8 million in Q3 2025 compared to $25.2 million in the same period in 2024.
2. The company received approximately $132.4 million in net financing proceeds in Q3 2025, substantially exceeding $54 million from the same period last year.
3. Q3 2025 marks the sixth consecutive quarter in which financing inflows outpaced operating outflows.
4. Financing activities generated $135.8 million in net cash inflows during the nine months ended September 30, 2025, a 144% increase from $55.7 million in the same period of the prior year.
5. Operating cash outflow totaled $79.2 million for the nine months ended September 30, 2025, compared to $51.8 million for the same period in 2024.
6. The company has secured nonbinding B2B preorders for more than 11,000 FX Super One units and approximately 250 refundable nonbinding B2C preorders.
7. Total liabilities grew by approximately $47.2 million over the nine-month period ending September 30, 2025.
8. The company announced approximately $136 million in financing commitments, of which approximately $82 million has been received as of the end of the third quarter.
9. Faraday Future closed an approximately $41 million strategic investment in Qualigen Therapeutics, including $30 million invested directly by Faraday Future and a $4 million personal investment from founder YT Jia.
10. The FX Super One price point was announced starting at approximately $85,000 for the Middle East market.",-0.177980449565546,-0.0470182548356526,0.304488912925906,0.00596529284164859
ea_RXST_Q4_2025,RXST,2026Q1,2026-02-25 21:05:00,"1. RxSight reported Q4 2025 sales of $32.6 million, down 19% year-over-year, driven by lower LDD sales (25 units globally generating $3 million versus 83 units generating $11 million in Q4 2024).
2. The company exited 2025 with an LDD installed base of 1,134 units, up 17% from 971 units at the end of 2024.
3. Full year 2025 sales were $134.5 million, up 4% year-over-year, with LDD revenue down 48% partially offset by a 12% increase in LAL sales.
4. LAL revenue reached an all-time high of 86% of total company sales in Q4 2025, up from 71% in Q4 2024, contributing to a gross margin of 77.5% versus 71.6% in the year-ago period.
5. RxSight issued 2026 full year revenue guidance of $120 million to $135 million, implying an approximate 5% year-over-year decline at the midpoint, with 2026 gross margin guided at 70%-72% due to sell-through of higher cost inventory.
6. The company ended 2025 with no debt and approximately $228 million in cash, cash equivalents and short-term investments.
7. Management expects LAL utilization to stabilize around 8 lenses per LDD per month, with low single-digit LAL unit growth assumed for full year 2026.
8. LDD placements are expected to slightly accelerate from the Q4 2025 exit rate of approximately 25 units per quarter, increasing through 2026 with additional contribution from outside the U.S.
9. Adjustable procedures represent approximately 10% of the U.S. premium IOL market by volume and approximately 15% by revenue, with about 25% of U.S. cataract surgeons trained on the technology.
10. RxSight expects 2026 operating expenses of $150 million to $160 million, including $30 million to $32 million of noncash stock-based compensation, reflecting continued investment in international expansion and U.S. commercial efforts.",0.0283768444948922,-0.0971014891704439,0.174058577405858,0.953185955786736
ea_GAME_Q3_2025,GAME,2025Q4,2025-11-13 21:05:00,"1. GameSquare reported $5.9 million in net income from continuing operations in Q3 2025, compared to a net loss of $3.9 million in the same period a year ago.
2. Gross margin for Q3 2025 expanded to 49.4%, up from 15.3% in Q2 2025 (which included Frankly Media).
3. Pro forma adjusted EBITDA loss improved to approximately $200,000 in Q3, compared to a loss of $3.5 million in Q2 2025.
4. Q3 2025 total revenue was $11.3 million, a 22% year-over-year increase from $9.3 million in the prior year period.
5. The company held 15,618 ETH with an original cost basis of $55.5 million and an unrealized gain of $9.3 million at the end of Q3 2025.
6. The digital asset treasury strategy generated over $600,000 of yield in the last two months of Q3 2025.
7. At September 30, 2025, the company had approximately $82 million of cash and digital assets with no debt outstanding.
8. The company repurchased 833,124 shares at an average price of approximately $0.72, with $4.4 million remaining under its current buyback authorization.
9. Click Management is expected to contribute $14.5 million of annualized pro forma revenue and approximately $1.2 million of annualized pro forma EBITDA for the second half of 2025.
10. For 2026, the company expects over 20% annual organic revenue growth while targeting high single-digit to low double-digit adjusted annual EBITDA margins.",0.0196425063838145,-0.120257007647681,0.111952406706328,0.9327548806941431
ea_NTNX_Q2_2026,NTNX,2026Q1,2026-02-25 21:01:00,"1. Nutanix reported Q2 fiscal 2026 revenue of $723 million, exceeding the guided range of $705 million to $715 million.
2. ARR at the end of Q2 was $2.356 billion, representing 16% year-over-year growth, while net dollar-based retention rate was 107%.
3. AMD will make a strategic investment of $150 million in Nutanix common stock and fund up to $100 million over a multiyear period for R&D and go-to-market for jointly developed agentic AI solutions.
4. Nutanix added over 1,000 new customers in Q2, representing its strongest quarterly new logo additions in 8 years.
5. Full year fiscal 2026 revenue guidance was updated to $2.8 billion to $2.84 billion, with free cash flow guidance lowered to $745 million to $775 million, primarily due to supply chain-driven delays in server availability.
6. Q3 fiscal 2026 revenue guidance was set at $680 million to $690 million with non-GAAP operating margin of 16% to 17%, reflecting continued supply chain headwinds.
7. TCV bookings grew in the mid-teens percent year-over-year in Q2, and full year bookings expectations are now higher than prior expectations, with TCV bookings growth expected to exceed revenue growth for fiscal year 2026.
8. Nutanix repurchased $333 million worth of common stock in Q2, including a completed $300 million accelerated share repurchase transaction, and ended the quarter with $1.874 billion in cash and short-term investments.
9. RPO grew 24% year-over-year at the end of Q2, and management noted that absent the worsening supply chain dynamic, they would have raised all guided metrics for fiscal year 2026.
10. Q2 non-GAAP operating margin was 26.2%, significantly above the guided range of 20.5% to 21.5%, driven by lower operating expenses related to timing of hiring and higher-than-expected revenue.",0.0059833506763787,0.0437223665133702,0.707949790794979,0.824013870827915
ea_LENZ_Q3_2025,LENZ,2025Q4,2025-11-05 11:00:00,"1. Over 5,000 paid prescriptions for VIZZ were filled in October, the first month of commercial launch.
2. More than 2,500 doctors have already prescribed VIZZ, with 40% of those prescribers writing multiple prescriptions.
3. The company completed a direct placement raising more than $123 million, bringing total cash position to approximately $324 million.
4. Eye care professional awareness of VIZZ reached 90% in a mid-October survey.
5. Over 70,000 samples were distributed to roughly 7,000 offices in October, averaging about 10 five-pack samples per office.
6. Total SG&A expenses increased to $27.6 million in Q3 2025 compared to $6.5 million in Q3 2024, driven primarily by commercial headcount and pre-commercial marketing activities.
7. The company recorded total license revenue and received cash payments of $12.5 million in Q3, including $10 million from Corxel Pharmaceuticals milestones and $2.5 million from Laboratoires Thea.
8. Presbyopia affects approximately 128 million people in the United States, nearly 4 times larger than the dry eye population.
9. The company's 88-person field sales team is conducting over 13,000 calls every 4 weeks.
10. For 2026, management guided commercial spend of $80 million to $100 million per year inclusive of DTC, plus G&A spend of $20 million to $25 million.",0.0032085561497326,-0.238861565771016,0.0259599783666847,0.6946854663774403
ea_ATO_Q1_2026,ATO,2026Q1,2026-02-03 21:30:00,"1. Fiscal Q1 2026 net income was $403 million, or $2.44 per diluted share, representing a 9.4% increase over the prior year quarter.
2. First quarter capital expenditures totaled $1 billion, with over 85% focused on enhancing safety and reliability of distribution, transmission, and underground storage systems.
3. The company reaffirmed fiscal 2026 earnings per share guidance in the range of $8.15 to $8.35 per share and remains on track to achieve its $4.2 billion capital spending plan.
4. Texas House Bill 4384 contributed $35 million, or $0.16 per diluted share, to first quarter results, with $20 million recognized in distribution and $15 million at APT.
5. Rate increases in both operating segments totaled $68 million in the quarter, while $123 million in annualized operating income increases have been implemented since the beginning of fiscal year 2026.
6. The company plans to make an additional regulatory filing this fiscal year seeking approximately $400 million in annualized operating income increases.
7. For the 12 months ending December 31, 2025, the company added nearly 54,000 new customers, with approximately 42,000 located in Texas.
8. APT's through-system revenue spreads widened significantly to an average of $3.99 per Mcf compared to $1.56 in the prior year quarter, contributing approximately $7 million in operating income increase.
9. The company completed $600 million in long-term debt financing in October 2025 and settled $472 million in equity forward agreements, with equity capitalization at 60% and no short-term debt outstanding.
10. Available liquidity stands at $4.6 billion, including approximately $1.1 billion in net proceeds under existing forward sale agreements expected to satisfy the remainder of fiscal 2026 equity needs and a portion of fiscal 2027 needs.",0.0001184763935785,0.0225978948242159,0.619246861924686,0.3623753792804508
ea_KLXE_Q4_2025,KLXE,2026Q1,2026-03-11 20:15:00,"1. Q4 2025 revenue was approximately $157 million, in line with guidance, while adjusted EBITDA of approximately $23 million and adjusted EBITDA margin of approximately 14% were both the highest quarterly figures of 2025.
2. Northeast Mid-Con dry gas revenue increased 5.3% quarter-over-quarter and 44% comparing Q4 2025 versus Q4 2024, with broad-based gains across most product service lines in that segment.
3. The company's net leverage ratio was 4.07x at year-end versus a covenant of 4.5x, and the company proactively amended the indenture to keep the covenant at 4.5x through March 31, 2027, while also excluding capital lease balances from the leverage ratio calculation during that period.
4. Q1 2026 revenue is forecasted at $145 million to $150 million (down approximately 3% from Q1 2025 despite rig count being down 8%), with Q2 2026 expected to rebound to $160 million to $170 million, which is higher than Q2 2025.
5. For 2026, gross capital expenditures are expected to be approximately $40 million (down from $49 million in 2025) with net CapEx in the $30 million to $35 million range, predominantly maintenance-oriented.
6. Total headcount declined approximately 12% comparing average Q4 2025 headcount versus Q4 2024, and full-year corporate adjusted EBITDA loss was reduced to around $26 million, returning to 2021-2022 levels.
7. The company paid senior note interest 2/3 in cash and 1/3 in PIK in Q4 2025, shifting to 25% cash and 75% PIK in the first two months of 2026.
8. Total debt at year-end was $258.3 million (including $222.3 million in senior notes and $36 million in ABL borrowings), with available liquidity of approximately $56 million.
9. The company's 2026 internal budget contemplates revenue broadly flat to slightly up versus 2025, with the majority of improvement weighted towards the second half of the year.
10. Coil tubing leases roll off at end of 2026, which will eliminate approximately $8.2 million of annual lease payments from cash outflows beginning in 2027.",0.0135593220338983,-0.0789507841856738,0.214644351464435,0.9124403987863026
ea_AVIR_Q3_2025,AVIR,2025Q4,2025-11-12 21:00:00,"1. Atea maintained approximately $329.3 million in cash, cash equivalents and marketable securities at the end of Q3 2025, providing runway through 2027.
2. The company expects to complete patient enrollment for the North American Phase III trial C-BEYOND next month, with top line results anticipated mid-2026.
3. The Phase III trial C-FORWARD outside North America is expected to complete enrollment mid-2026 with top line results anticipated by late 2026.
4. Atea completed its $25 million share repurchase program, repurchasing 7.6 million shares at an average price of $3.26 per share, and all shares were retired.
5. The global Phase III program is expected to enroll approximately 1,760 patients across approximately 240 sites in the U.S., Canada, and 16 other countries.
6. The Phase II study achieved a 98% sustained virological response at 12 weeks post treatment (SVR12).
7. Atea announced the conclusion of its formal engagement with Evercore, its strategic advisor, stating that positive Phase III outcomes would strengthen its ability to secure attractive terms.
8. Atea's HCV regimen offers 8 weeks of treatment for non-cirrhotic patients compared to 12 weeks with the standard of care (Epclusa).
9. The company identified two hepatitis E virus candidates (AT-587 and AT-2490) with approximately 200-fold higher antiviral activity in vitro compared to ribavirin, with Phase I initiation anticipated mid-2026.
10. Atea estimates the hepatitis E market opportunity could translate into roughly $500 million to $750 million per year or more, with potential for orphan drug designation.",-0.0285714285714285,-0.107998570833085,0.129259058950784,0.04853579175704989
ea_ACCS_Q4_2025,ACCS,2026Q1,2026-03-19 12:00:00,"1. Total revenue for Q4 2025 was $5.8 million, essentially flat year-over-year, while full-year 2025 revenue was $22.6 million, a decrease of $438,000 or 2% from $23.1 million in 2024.
2. Full-year 2025 adjusted EBITDA increased to $3.2 million or 14% of revenue compared to $1.8 million or 8% of revenue in 2024.
3. Subscription revenue increased to 53% of total revenue during Q4 2025 compared to 45% during the same quarter of the prior year.
4. Average recurring revenue per subscription customer increased 16% year-over-year from $10,844 to $12,534, with 8% sequential ARR growth.
5. The company is targeting 1,500 subscriber customers by the end of 2026, up from 974 at the end of Q4 2025, and expects adjusted EBITDA margins to reach mid-to-high teens by the second half of 2026.
6. Gross margin improved to 77% in Q4 2025 from 75% in Q4 2024, driven by lower headcount and increased operational efficiency, partially offset by higher distribution costs.
7. Deferred revenue increased $522,000 or 11% to $5.3 million as of December 31, 2025, compared to $4.7 million as of December 31, 2024.
8. The company reported that approximately 70% of subscription churn is due to credit card failures and payment issues rather than application dissatisfaction.
9. ARR increases of approximately 25% are expected beginning Q2 2026, driven by new social monitoring features and premium subscription tiers that add $200 per month per customer.
10. The company ended Q4 2025 with $3 million of cash on hand and has approximately three-quarters of its $1 million share repurchase plan remaining to execute in the first half of 2026.",0.0028943560057887,-0.0220994050865275,0.413807531380753,0.705244906805375
ea_OESX_Q3_2026,OESX,2026Q1,2026-02-05 12:00:00,"1. Orion reported Q3 FY2026 revenue of $21.1 million compared to $19.6 million in Q3 FY2025, marking the fifth consecutive quarter of positive adjusted EBITDA.
2. The company raised its FY2026 revenue outlook to $84 million–$86 million at positive adjusted EBITDA, up from the prior guidance of approximately $84 million at or approaching positive adjusted EBITDA.
3. Orion set FY2027 guidance for revenue between $95 million and $97 million with positive adjusted EBITDA, representing approximately 13% year-over-year revenue growth at the midpoint.
4. EV charging solutions revenue nearly doubled to $4.7 million in Q3 FY2026 from $2.4 million in Q3 FY2025, achieving a gross margin of 36.7% versus 30% in the prior year quarter.
5. Overall gross profit margin improved to 30.9% in Q3 FY2026 from 29.4% in Q3 FY2025, reflecting pricing and cost improvements across all segments.
6. Total operating expenses declined to $6.1 million in Q3 FY2026 from $7.0 million in Q3 FY2025, with management indicating Q4 OpEx will likely start with a 6.
7. Orion secured an exterior lighting project valued at $14 million–$15 million, beginning in Q4 FY2026 with the bulk expected to be completed by the end of July 2027.
8. Q3 FY2026 net income was $160,000 ($0.04/share) compared to a net loss of $1.5 million ($0.46/share) in Q3 FY2025.
9. The company recently raised approximately $6.4 million in net proceeds through the issuance of 500,000 shares of common stock for growth capital and revolving credit facility paydown.
10. Orion Voltrek announced a $4 million installation of 105 EV charging stations for the Boston Public School System as part of the largest school bus electrification program in the Northeast.",0.0086393088552915,-0.0353758306874252,0.34979079497908,0.8695275249241439
ea_CVGI_Q3_2025,CVGI,2025Q4,2025-11-10 22:00:00,"1. Consolidated Q3 2025 revenue was $152.5 million, down from $171.8 million in the prior year period, primarily due to softening customer demand in North America.
2. The company lowered full year 2025 revenue guidance to $640 million to $650 million from prior guidance of $650 million to $670 million, and adjusted EBITDA guidance to $17 million to $19 million from $21 million to $25 million.
3. Global Electrical Systems segment revenues increased 6% year-over-year to $49.5 million, driven by the ramp-up of new business wins with an autonomous vehicle manufacturer in North America and a major automotive manufacturer in Europe.
4. Year-to-date free cash flow reached $25 million, up $14 million from the prior year, and the company expects to generate at least $30 million of free cash flow for the full year to pay down debt.
5. Net leverage ratio increased to 4.9x at quarter end, up from 4.8x at the end of Q2, with a target to return to 2x through 2026.
6. Adjusted gross margin improved to 12.1%, representing a cumulative improvement of 370 basis points versus Q4 2024, despite an 11% sequential revenue decline.
7. The Trim Systems and Components segment revenue declined 29% year-over-year to $34.3 million, underperforming relative to the 39% year-over-year decline in Class 8 builds according to ACT Research.
8. Interest expense increased to $4.1 million from $2.4 million in Q3 2024 due to higher interest rates following the June 2025 debt refinancing, adding approximately $1 million to $1.5 million per quarter.
9. The company expects Global Electrical Systems segment sales to increase in the high single-digit to low double-digit percentage range in 2026, despite weaker end markets.
10. SG&A run rate has been reduced from approximately $20 million per quarter to $17 million per quarter, representing a 15% year-over-year reduction.",-0.0133333333333333,-0.0024483458736415,0.541373715521904,0.08839479392624729
ea_COLM_Q3_2025,COLM,2025Q4,2025-10-30 20:05:00,"1. Net sales increased 1% year-over-year to $943 million in Q3 2025, driven by earlier-than-planned shipments of fall '25 wholesale orders.
2. The company estimates the 2025 direct impact of incremental tariff rates will be approximately $35 million to $40 million, with an annualized unmitigated impact of approximately $160 million.
3. Gross margin declined 20 basis points to 50% as higher tariff expenses and foreign exchange headwinds were partially offset by lower clearance and promotional activity.
4. The company incurred $29 million in noncash impairment charges related to prAna and Mountain Hardwear, impacting earnings by $0.46 per share.
5. Full year diluted earnings per share is expected to be $2.55 to $2.85, with full year net sales outlook of $3.3 billion to $3.4 billion (flat to down 1% year-over-year).
6. U.S. net sales decreased 4%, with U.S. DTC net sales declining high single-digit percent and e-commerce down low double-digit percent.
7. Europe-direct net sales increased low double-digit percent with strength across both DTC and wholesale channels.
8. For spring '26, the company increased U.S. pricing by a high single-digit percent and is maintaining similar price increases for fall '26.
9. Marketing spend increased from just under 6% of sales last year to at or just above 6.5% this year to support the ACCELERATE Growth Strategy.
10. The company's forecast for first half 2026 wholesale growth is flat to low single-digit percent, with sustained international growth partially offset by a decline in the U.S.",0.0042718446601941,-0.0403216949373209,0.333693888588426,0.7434924078091106
ea_HWC_Q4_2025,HWC,2026Q1,2026-01-20 21:00:00,"1. The company completed a bond portfolio restructuring in January 2026, selling $1.5 billion of bonds at 2.49% yield and reinvesting proceeds at 4.35%, expected to add 7 basis points to NIM, $24 million to NII, and $0.23 to EPS annually.
2. Year-over-year for 2025, EPS improved 8%, PPNR grew 6%, and tangible book value per share increased 12%.
3. Q4 2025 loans grew $362 million or 6% annualized, with loan production of nearly $1.6 billion increasing for the third consecutive quarter.
4. Q4 2025 deposits increased $620 million or 9% annualized, with DDA mix ending at 35%.
5. The company plans to hire up to 50 additional revenue-generating associates in 2026, split approximately 60% business bankers and 40% commercial bankers.
6. 2026 guidance includes NII up 5-6%, PPNR up 4.5-5.5%, expenses up 5-6%, and fee income up 4-5% from 2025 levels.
7. The company exhausted its share buyback authority in Q4 2025 with $147 million of repurchases, and the Board approved a new 5% buyback plan effective through end of 2026.
8. Capital ratios remain strong with TCE over 10% and common equity Tier 1 ratio at 13.66%.
9. Q4 2025 net charge-offs were 22 basis points with guidance for 2026 of 15-25 basis points, while criticized commercial loans decreased $14 million to $535 million.
10. Management expects NIM improvement of 12-15 basis points from Q4 2025 to Q4 2026, supported by approximately $8 billion of CD maturities repricing from 3.34% to approximately 2.80%.",0.0,0.0119697117911825,0.576569037656904,0.3261811876896402
ea_YOU_Q4_2025,YOU,2026Q1,2026-02-25 11:00:00,"1. Q4 2025 revenue grew 16.7% year-over-year to $240.8 million, while full year 2025 revenue was $900.8 million, up 16.9%.
2. Q4 total bookings increased 25.4% year-over-year to $287.1 million, the highest year-over-year bookings growth since Q4 2023.
3. Full year 2025 free cash flow was $343.1 million, significantly ahead of guidance, and the company expects 2026 free cash flow of at least $440 million, representing at least 28% year-over-year growth.
4. Q4 adjusted EBITDA margin reached 33.2%, an expansion of 870 basis points year-over-year, while full year 2025 adjusted EBITDA was $262.2 million at a 29.1% margin.
5. The company expects to exit 2026 with over $1 billion in cash on the balance sheet and no debt, prior to any capital returned to shareholders.
6. The Board approved a 20% increase in the quarterly dividend from $0.125 to $0.15 per share and authorized a $125 million increase to the share repurchase program, bringing total repurchase capacity to approximately $250 million.
7. Active CLEAR+ Members grew 6% year-over-year to 7.6 million, while Total CLEAR Members grew 31.5% to 38 million, with the latter driven by sustained momentum in CLEAR1.
8. CLEAR1 had its largest bookings quarter ever, more than doubling year-over-year, and signed its largest number of enterprise customers in a single quarter.
9. CLEAR renewed its multiyear partnership with American Express, offering CLEAR+ as an embedded benefit on Platinum cards and select other card products.
10. Q1 2026 guidance calls for revenue of $242 million to $245 million and total bookings of $248 million to $253 million, representing 15.2% and 20.9% growth at the midpoint, respectively.",-0.0020914251568568,0.354533059587007,0.994142259414226,0.2024273948851322
ea_RDDT_Q4_2025,RDDT,2026Q1,2026-02-05 21:06:00,"1. Reddit crossed $2.2 billion in full year 2025 revenue, up 69% year-over-year, and delivered $530 million in net income.
2. Q4 2025 revenue was $726 million, growing 70% year-over-year, marking the sixth consecutive quarter of over 60% revenue growth.
3. Reddit announced a $1 billion share repurchase program with no set expiration date, while targeting to keep over $1 billion of cash on the balance sheet.
4. Q4 daily active users reached over 121 million (up 19% YoY) and weekly active users exceeded 471 million (up 24% YoY), with average revenue per user growing 42% YoY to $5.98.
5. Full year 2025 free cash flow was $684 million, more than triple 2024, with Q4 alone generating $264 million in free cash flow (36% of revenue).
6. Q1 2026 revenue guidance is $595 million to $605 million, representing 52% to 54% year-over-year growth, with adjusted EBITDA expected at $210 million to $220 million (36% margin at midpoint).
7. Total active advertiser count grew over 75% year-over-year in Q4, with SMB revenue doubling year-over-year and 11 of the top 15 verticals growing revenue by 50% or more.
8. Lower funnel conversion volume doubled year-over-year in Q4, and CAPI-covered conversion revenue tripled year-over-year in each quarter of 2025.
9. Over 80 million people searched directly on Reddit every week in Q4 (up from 60 million a year ago), and Reddit Answers queries grew from 1 million to 15 million over the past year.
10. Stock-based compensation was 13% of revenue in Q4 and 18% for full year 2025, with total shares outstanding falling slightly to 206.1 million, achieving negative dilution for the year.",0.0019860973187686,-0.0954240948282658,0.177405857740586,0.6387082791504118
ea_GH_Q3_2025,GH,2025Q4,2025-10-29 20:05:00,"1. Q3 2025 revenue grew 39% year-over-year to $265.2 million, and the company crossed over $1 billion in annualized revenue for the first time.
2. Oncology test volumes increased 40% year-over-year to approximately 74,000 tests in Q3, with Guardant360 Liquid delivering its fifth consecutive quarter of accelerating growth at more than 30%.
3. Excluding the screening business, Guardant generated positive free cash flow during Q3, achieving this milestone one quarter ahead of the stated target.
4. Shield screening revenue totaled $24.1 million from approximately 24,000 tests, with ASP of approximately $880 and non-GAAP gross margin improving from negative at launch to 55% in Q3.
5. Reveal COGS declined from over $1,000 per test in Q3 2024 to less than $500 per test, contributing to non-GAAP gross margin improvement to 66% from 63% in the prior year period.
6. Full-year 2025 revenue guidance was raised for the third time to $965 million to $970 million, representing approximately 31% growth compared to 2024.
7. Shield revenue guidance was increased to $71 million to $73 million from $55 million to $60 million, with volume expectations raised to 80,000-82,000 tests from 68,000-73,000 tests.
8. The company ended Q3 with approximately $690 million in cash, cash equivalents, and restricted cash, with free cash flow burn improving by $9.5 million year-over-year to $45.8 million.
9. The Quest Diagnostics partnership provides immediate connectivity to 650,000 clinician and hospital accounts, access to 2,000 patient service centers, and 6,000 in-office phlebotomists in the United States.
10. Guardant now has 23 total CDx approvals across biomarker and tumor types, including two new companion diagnostic approvals in Q3 for breast cancer and non-small cell lung cancer indications.",0.0030441400304414,0.289426050158185,0.987020010816658,0.6827548806941431
ea_CERS_Q4_2025,CERS,2026Q1,2026-03-02 21:00:00,"1. Total revenues for 2025 were $233.8 million, up 16% from 2024, representing a record level for Cerus.
2. Full year 2025 product revenue increased 14%, exceeding the top end of the prior $202 million to $204 million guidance range.
3. The company reaffirmed 2026 product revenue guidance of $224 million to $228 million, representing 9% to 11% year-over-year growth.
4. IFC product revenue for full year 2025 totaled $16.7 million compared to $9.2 million in 2024, representing approximately 80% growth, with underlying volume demand increasing roughly 110%.
5. IFC market adoption was estimated at around 7% exiting 2025, with the company believing penetration could increase more than 50% by end of 2026.
6. GAAP net loss for full year 2025 was $15.6 million, down 25% from the prior year, with Q4 loss narrowing to a modest $2.2 million.
7. Full year non-GAAP adjusted EBITDA was $9.5 million positive, marking the second consecutive year of positive adjusted EBITDA, with the company expecting a third consecutive positive year in 2026.
8. INTERCEPT's estimated U.S. platelet market share is in the mid-60s percent, with penetration within the BCA network (which accounts for approximately 50% of the nation's blood supply) at approximately 30%.
9. Germany is estimated to represent a $30 million annual platelet opportunity, with the INITIATE Phase IV study now enrolling and expected to contribute more meaningfully to revenues as early as 2027.
10. The company expects European red blood cell CE Mark approval is possible in the first half of 2027, while the U.S. Phase III RedeS study top-line results are expected in Q4 2025 and the INT200 PMA submission to the FDA is expected in mid-2026.",0.0,-0.148106305368837,0.0882845188284519,0.3261811876896402
ea_CXW_Q4_2025,CXW,2026Q1,2026-02-11 21:15:00,"1. Three reactivated facilities (excluding Midwest Regional) are expected to generate approximately $260 million in annual revenue once operations normalize, with stabilized occupancy expected during the first half of 2026.
2. Once stabilized occupancy is reached on reactivated facilities, the company expects an annual revenue run rate of approximately $2.5 billion and annual EBITDA run rate of approximately $450 million, representing almost $100 million year-over-year EBITDA growth.
3. ICE populations in CoreCivic's care increased 5,903 individuals (58%) from end of 2024 through end of 2025 to just over 16,000, while average daily U.S. Marshals populations declined by 1,235 individuals from Q4 2024.
4. Q4 2025 adjusted EBITDA was $92.5 million, up 25% from $74.2 million in Q4 2024, beating average analyst estimates by $9 million, while adjusted EPS of $0.27 exceeded estimates by $0.09.
5. During Q4 2025, the company repurchased 5.3 million shares at $97.3 million, bringing full-year 2025 repurchases to 11.2 million shares ($218.4 million), representing 10.2% of shares outstanding at the beginning of the year, reducing shares to 100 million.
6. The company owns 5 idle corrections and detention facilities containing approximately 7,000 beds, and has informed ICE it could provide nearly 13,000 additional beds including surge and partial capacity at operating facilities.
7. Full year 2026 guidance projects diluted EPS of $1.49 to $1.59, FFO per share of $2.54 to $2.64, and EBITDA of $437 million to $445 million, representing midpoint EBITDA and EPS growth of 21% and 40%, respectively.
8. The revolving credit facility was expanded from $275 million to $575 million in December 2025, bringing total bank credit facility commitments to $700 million, with total liquidity of $409.3 million as of December 31.
9. Midwest Regional Reception Center, with $60 million in annual revenue potential, is excluded from 2026 guidance due to a delayed special use permit, and its activation would represent upside to guidance.
10. Net debt-to-adjusted EBITDA leverage stood at 2.8x as of December 31, 2025, and the company expects approximately $200 million of annual free cash flow available for buybacks and growth after deducting activation CapEx from AFFO guidance of $245-$259.3 million.",0.0118918918918919,-0.0186049029672187,0.429707112970711,0.9003034243606415
ea_OLED_Q4_2025,OLED,2026Q1,2026-02-19 21:08:00,"1. Universal Display reported record 2025 revenue of $651 million, with operating income of $249 million and net income of $242 million or $5.08 per diluted share.
2. The company guided 2026 revenue in the range of $650 million to $700 million, with operating margins expected between 34% and 37%, down from 38% in 2025.
3. Total gross margins for 2026 are expected to decline to 74%-76% from 76% in 2025, primarily driven by higher raw material costs including iridium.
4. The 2026 effective tax rate is expected to be approximately 19%, up significantly from the 13.5% fourth quarter 2025 tax rate.
5. The company ended 2025 with $955 million in cash, cash equivalents and investments, and returned approximately $139 million to shareholders over the last 12 months through dividends and share repurchases.
6. The Board approved a quarterly dividend increase to $0.50 per share, and the company repurchased approximately 454,000 shares for $53 million during Q4 2025 and into Q1 2026.
7. LG's contract expired at the end of 2025 and a new deal is still being negotiated, with management expressing no concerns about reaching a new agreement.
8. OLED installed capacity measured in square meters increased approximately 10% between year-end 2023 and year-end 2025, with an additional 10% increase expected between end of 2025 and end of 2027 driven by Gen 8.6 capacity.
9. Samsung Display and BOE are expected to begin mass production at the world's first Gen 8.6 OLED facilities in 2026, with Samsung's fab coming online around Q2 and BOE shortly thereafter.
10. Phosphorescent blue development revenue was $4.3 million for full year 2025, remaining developmental in nature, while the company believes blue can enable up to a 25% improvement in OLED panel energy efficiency once adopted.",0.0009392076502732,-0.117574569162548,0.133891213389121,0.5262245340268747
ea_KPLT_Q3_2025,KPLT,2025Q4,2025-11-12 11:00:00,"1. Katapult received a $65 million capital investment from Hawthorn Horizon Credit Fund, using approximately $35.1 million to repay its term loan in full and $6.9 million to reduce its revolving line of credit.
2. Total Katapult applications grew 76% during the first nine months of 2025 and 80% in Q3 alone year-over-year.
3. Unique new customers grew 35% through the first three quarters of 2025 compared to 2024, with Q3 showing nearly 47% growth, marking the fourth consecutive quarter of accelerating growth for this metric.
4. Q3 2025 gross originations grew 25.3% to $64.2 million, while revenue grew 22.8% to $74 million, marking 12 consecutive quarters of gross origination growth and 10 consecutive quarters of revenue growth.
5. Q3 2025 adjusted EBITDA was $4.4 million, exceeding the company's outlook range of $3 million to $3.5 million.
6. KPay originations grew 66% year-over-year to $26.4 million in Q3, representing 41% of total gross originations, with KPay quarterly originations growing more than 50% each quarter since the feature launched in late 2022.
7. Write-offs as a percent of revenue were 9.9% in Q3 2025, up 60 basis points from Q3 2024, remaining within the company's 8% to 10% target range.
8. Total operating expenses decreased 26.3% year-over-year, with fixed cash operating expenses declining 21.4% to $7.5 million in Q3.
9. Full year 2025 adjusted EBITDA is expected to be between $8 million and $9 million, representing 60% to 80% year-over-year growth.
10. Management projects gross origination growth of at least 20% for full year 2026, following expected full year 2025 gross origination growth of 20% to 23%.",0.0042168674698795,-0.0515622387088114,0.288263926446728,0.7402386117136659
ea_BYD_Q3_2025,BYD,2025Q4,2025-10-23 20:05:00,"1. Q3 2025 revenues exceeded $1 billion with EBITDAR of $322 million and company-wide margins of 37%, consistent with the prior year.
2. The company repurchased $160 million in stock during Q3, acquiring 1.9 million shares at an average price of $84.05 per share, with actual shares outstanding at quarter-end of 78.6 million—an 11% reduction since Q3 last year.
3. Total leverage ratio declined from 2.8x at the end of Q2 to 1.5x at the end of Q3 following the FanDuel stake sale, with lease-adjusted leverage declining from 3.2x to 2.0x.
4. Year-to-date, the company has returned $637 million to shareholders, and since beginning its capital return program in October 2021, has returned more than $2.5 billion while reducing share count by 30%.
5. The Midwest and South segment achieved its strongest Q3 performance in 3 years, with revenues rising 3% to $539 million and EBITDAR growing more than 2% to $202 million.
6. Online segment EBITDAR guidance was increased to $60 million for 2025, with approximately $30 million expected for 2026.
7. Total capital expenditures for 2025 are now expected to be approximately $600 million, including $250 million in recurring maintenance capital, $100 million in hotel renovation-related maintenance, $100 million in growth capital, and $150 million for Virginia casino development.
8. The company intends to maintain share repurchases of approximately $150 million per quarter, supplemented by the regular quarterly dividend, equating to more than $650 million per year or more than $8 per share.
9. The permanent Norfolk resort is a $750 million development scheduled to open in November 2027, featuring a 65,000 square foot casino, 200-room hotel, and 8 food and beverage outlets.
10. Average weekly wages in Southern Nevada were up more than 6% over the trailing 12 months through August, outpacing the national average, with the local population reaching 2.4 million after growing at twice the national rate over the past 10 years.",0.0016474464579901,-0.0812328711538344,0.189291508923743,0.5634490238611713
ea_INSG_Q3_2025,INSG,2025Q4,2025-11-06 21:05:00,"1. Q3 2025 revenue was $45.9 million and adjusted EBITDA was $5.8 million, both above guidance and marking the second consecutive quarter of sequential growth in both metrics.
2. FWA shipment volumes were up more than 50% year-over-year in Q3 2025.
3. Q3 2025 adjusted EBITDA margin was 12.5%, the third highest in more than a decade.
4. FWA revenue was the second highest in company history in Q3 and surpassed mobile hotspot revenue for the third consecutive quarter.
5. The company ended Q3 with $14.6 million in cash and total debt of $40.9 million, approximately 2x LTM adjusted EBITDA.
6. Software services revenue remained consistent at $12 million in Q3 2025.
7. Q4 2025 guidance is for total revenue of $45 million to $48 million and adjusted EBITDA of $4 million to $5 million.
8. Non-GAAP gross margin was 41.8% in Q3, but is expected to decline to the high 30s in Q4 due to a greater proportion of mobile hotspot revenue.
9. The company has reduced more than $130 million in debt over the past year and added a $15 million revolving credit facility in August.
10. Inseego added a third Tier 1 U.S. carrier win during Q3, with FWA shipments beginning in Q4 and mobile revenue starting in Q1 2026.",-0.0035612535612535,0.0134835242313156,0.620335316387236,0.15509761388286333
ea_PCG_Q3_2025,PCG,2025Q4,2025-10-23 10:00:00,"1. Core earnings per share are $0.50 for Q3 2025 and $1.14 for the first nine months of 2025, with full year 2025 guidance narrowed to $1.49-$1.51, representing 10% growth over 2024 at midpoint.
2. PG&E introduced 2026 EPS guidance of $1.62-$1.66, representing 9% growth from the 2025 midpoint, with at least 9% EPS growth expected each year through 2030.
3. The company's 5-year capital plan totals $73 billion through 2030, supporting average annual rate base growth of approximately 9%.
4. PG&E's financing plan does not require new common equity through 2030, with FFO to debt targeted in the mid-teens to maintain investment-grade ratings.
5. Total year-to-date CPUC reportable ignitions through October 20 are down over 35% from 2024 levels, running lower than any year since tracking began in 2015.
6. PG&E has constructed and energized 1,000 miles of underground power lines in highest fire-risk areas at 25% lower cost than when the program started.
7. The data center pipeline remains robust at over 9.5 gigawatts, with 1.6 gigawatts in final engineering stage and approximately 95% expected online by end of 2030.
8. Each gigawatt of new data center load brought online offers the opportunity to reduce customer electric bills by 1% to 2%.
9. The company achieved nonfuel O&M savings contributing $0.05 for Q3 and $0.08 year-to-date, exceeding the 2% reduction target for three years running.
10. Capital to expense ratio improved from $0.90 of capital per dollar of expense in 2024 to a forecast of $1.20 of capital per dollar of expense in 2025.",0.0036188178528347,-0.0233031404531902,0.41211465657112,0.7120390455531453
ea_AXTI_Q4_2025,AXTI,2026Q1,2026-02-19 21:05:00,"1. Q4 2025 revenue was $23.0 million, down from $28.0 million in Q3 2025 and $25.1 million in Q4 2024.
2. Indium phosphide backlog reached a new high of over $60 million, up from $49 million in the prior quarter.
3. Cash increased by $97.2 million to $128.4 million as of December 31, primarily from a public offering that generated approximately $93.9 million.
4. The company has already added approximately 25% more indium phosphide capacity since Q4 and plans to double capacity from Q4 2025 levels by the end of 2026, at a cost of approximately $30 million.
5. Management guided Q1 2026 revenue of approximately $26 million with high confidence, with potential significant upside dependent on additional export permit approvals.
6. China data center-related indium phosphide revenue is expected to grow by more than 60% in Q1 over Q4 2025.
7. The company is considering doubling capacity again in 2027 at an estimated cost of $100 million to $150 million for greenfield expansion.
8. Management estimates that at approximately $40 million in aggregate quarterly revenue, the company should achieve close to 35% gross margin, with internal targets even higher.
9. The company received its first export permit denials from China's Ministry of Commerce (MOFCOM), though with instructions to resubmit with more information, and has already resubmitted those applications.
10. Management estimates indium phosphide manufacturing capacity will reach approximately $35 million per quarter run rate by the end of 2026, with customers providing forecasts extending beyond 2030.",-0.0008399832003359,0.240384680463935,0.969456066945607,0.24794104898136107
ea_PRIM_Q3_2025,PRIM,2025Q4,2025-11-03 21:15:00,"1. Q3 2025 revenue was nearly $2.2 billion, an increase of $529 million or 32% compared to the prior year.
2. Net income increased to $94.6 million or $1.73 per fully diluted share, both up around 61% from the prior year.
3. The company raised full-year EPS guidance to $4.75 to $4.95 per fully diluted share and adjusted EPS guidance to $5.35 to $5.55 per fully diluted share.
4. Renewables revenue is now expected to be closer to $3 billion for full year 2025, up from the previous estimate of $2.6 billion.
5. The company paid down $100 million on its term loan during Q3, lowering the trailing 12-month net debt-to-EBITDA ratio to 0.1x.
6. Total backlog at the end of Q3 was around $11.1 billion, down approximately $430 million sequentially from Q2.
7. Utility segment backlog reached an all-time high of nearly $6.6 billion.
8. For Q4 Energy segment alone, the company has already booked over $600 million with another $600 million expected to book within the next 30 days.
9. Adjusted EBITDA guidance was raised to $510 million to $530 million for full year 2025, despite approximately $10 million being pulled forward from Q4 into Q3.
10. Interest expense guidance was reduced to $30 million to $32 million for the full year, down from the previous $33 million to $37 million guidance.",0.0039087038458853,-0.0943518514399877,0.159004867495944,0.7250542299349241
ea_QTWO_Q4_2025,QTWO,2026Q1,2026-02-11 21:30:00,"1. Q2 Holdings generated full year 2025 revenue of $794.8 million, up 14% year-over-year, representing the highest annual growth rate since 2021.
2. Full year 2025 adjusted EBITDA was $186.5 million, up 49% from $125.3 million in the prior year, with adjusted EBITDA margins expanding approximately 550 basis points.
3. The company is guiding full year 2026 revenue of $871 million to $878 million (approximately 10% growth) and adjusted EBITDA of $225 million to $230 million (approximately 26% of revenue).
4. Ending backlog reached $2.7 billion, up 21% year-over-year and 7% sequentially, supported by new, expansion, and renewal booking activity.
5. Subscription ARR grew to $780 million, up 14% year-over-year, and subscription revenue growth for full year 2025 was 17%, representing 82% of total revenue.
6. The company is raising its 2026 subscription revenue growth outlook from approximately 13.5% to at least 14%, and targeting 2027 subscription revenue growth of 12.5% to 13%.
7. Q2 Holdings introduced longer-term profitability targets of at least 65% non-GAAP gross margins and at least 35% adjusted EBITDA margins by the end of 2030.
8. Free cash flow for 2025 was $173 million, representing a 93% conversion rate of adjusted EBITDA, exceeding the target of at least 90%.
9. Only 10% of Tier 1 customers (financial institutions above $5 billion) have adopted all three of Q2's retail/commercial digital banking, relationship pricing, and fraud solutions, indicating significant cross-sell opportunity.
10. In 2025, Q2 processed over $4 trillion in commercial transaction volume, up 21% year-over-year, with December being the first month to exceed $400 billion in transaction volume.",0.002649240551042,-0.0576591956915926,0.275313807531381,0.6887732986562636
ea_AXON_Q3_2025,AXON,2025Q4,2025-11-04 21:01:00,"1. Q3 2025 revenue of $711 million increased 31% year-over-year, marking the seventh consecutive quarter of 30% or greater growth.
2. Software and services revenue increased 41% year-over-year to $305 million, with ARR growing 41% to $1.3 billion.
3. Net revenue retention remained strong at 124% for the quarter.
4. Connected Devices revenue grew 24% year-over-year to $405 million, with Platform Solutions growing 71%, driven by counter drone, virtual reality, and fleet.
5. Adjusted gross margin of 62.7% decreased 50 basis points year-over-year, primarily due to tariffs impacting the company for the first full quarter.
6. The company raised Q4 revenue guidance to $750-755 million, implying full year revenue of approximately $2.74 billion, representing about 31% growth at the midpoint.
7. AI Era Plan bookings are on pace to contribute over 10% of U.S. state and local bookings for 2025, making it the fastest booked Axon software product to date.
8. Bookings for newer offerings including Axon Air, Dedrone, and Fusus are up more than 3x year-to-date, while corrections year-to-date bookings are up more than 2x from last year.
9. A 9-figure cloud deal in Europe closed in October, with 7 of the top 10 Q3 international deals driven by TASER 10 adoption.
10. Year-to-date bookings are up in excess of 30% and accelerating from last year, with management expecting Q4 bookings growth in the high 30s year-over-year.",0.0003115573619588,-0.0985973710855812,0.148729042725798,0.3524945770065076
ea_BETA_Q4_2025,BETA,2026Q1,2026-03-09 10:00:00,"1. Full year 2025 revenue was $35.6 million, more than double the 2024 revenue of $15.1 million and exceeding expectations.
2. The company ended 2025 with approximately $1.7 billion in cash on the balance sheet.
3. 2025 adjusted EBITDA was negative $304 million, compared to negative $243 million in 2024, and came in ahead of expectations.
4. The company expects 2026 revenue between $39 million and $43 million, with adjusted EBITDA in the range of negative $305 million to negative $395 million.
5. 2026 total CapEx is expected to be $175 million to $225 million, a significant pull-forward from the roughly $70 million originally planned for 2026 and $130 million for 2027.
6. The current aircraft backlog stands at 891 firm and option orders backed by financial commitments, with an expectation to top $4 billion by the end of 2026.
7. Over 2025, the company added over $1 billion to its commercial aircraft backlog and an additional $1 billion to its backlog of enabling technologies.
8. The company targets ramping production to 4.5 aircraft per month by year-end 2026, with its facility designed to build up to 300 aircraft per year.
9. Excluding eIPP, total cash use for 2026 is expected to be approximately $500 million; if eIPP awards are very successful, an additional $75 million to $125 million investment could be required.
10. Software testing for the H500A electric engine certification is 85% complete with projected completion by end of April, and the durability test involving over 1,000 hours of run time has been completed.",-0.0814737934613389,0.110696544698615,0.881171548117155,0.029475509319462505
ea_CBAT_Q3_2025,CBAT,2025Q4,2025-11-10 12:00:00,"1. Consolidated revenue increased 36.5% year-over-year to $60.9 million in Q3 2025 compared to $44.6 million in Q3 2024.
2. Hitrans (battery raw material segment) generated approximately $27.2 million in revenue, representing a 143.7% increase year-over-year.
3. Hitrans net loss narrowed by 18.8% to $2.1 million from $2.6 million in the same period of 2024.
4. Battery segment net income increased 122.7% to $4.53 million compared to $2.04 million a year ago.
5. Consolidated net income attributable to CBAK Energy shareholders reached $2.65 million, representing a 150-fold increase year-over-year.
6. Nanjing Phase II facility, which will add 2 gigawatt-hours of capacity to the existing 1.3 gigawatt-hour Phase I, is expected to begin mass production in mid-November 2025.
7. A new production line at the Dalian facility for the Model 40135 was commissioned in October 2025, adding 2.3 gigawatt-hours of capacity.
8. The company expects to achieve 6 gigawatt-hours of production capacity by Q1 2026, in accordance with orders already received from customers.
9. The company has signed a term sheet with one of Asia's largest publicly listed companies to jointly develop an overseas lithium battery production base.
10. Overseas manufacturing expansion remains contingent on updates to China's export control policies covering lithium battery materials and equipment.",0.0795906765207504,0.0365330619170118,0.718226068144943,0.9831887201735358
ea_PUBM_Q3_2025,PUBM,2025Q4,2025-11-10 21:05:00,"1. CTV revenue grew over 50% year-over-year excluding political advertising, driven by increased premium supply, agency marketplaces, live sports marketplace traction, and growth of small and mid-market advertisers.
2. Emerging revenue streams grew over 80% year-over-year and scaled to 10% of total revenue in Q3 2025, with Activate revenue growing over 100% and the Curation/Connect data business growing over 40%.
3. Q3 adjusted EBITDA was $11.2 million representing a 16% margin, marking the company's 38th consecutive quarter of adjusted EBITDA profitability.
4. Over 40% of revenue now derives from CTV, mobile app, and emerging revenue streams, up from less than 30% two years ago.
5. The company processed approximately 87 trillion gross impressions in Q3, a 24% increase year-over-year, with nearly 60% from CTV and mobile app inventory.
6. Unit costs declined 19% on a trailing 12-month basis compared to the prior year period due to AI-driven optimization efforts.
7. Q3 free cash flow was $22.8 million, with the company generating over $390 million in net cash from operations and more than $215 million in free cash flow since the beginning of 2021.
8. Q4 2025 revenue guidance is $73-77 million with adjusted EBITDA projected at $19-21 million, while full year revenue is expected to be $276-280 million.
9. Ad spend from mid-tier DSP partners grew over 25% year-over-year in Q3, and the company added over 25 new DSP partners so far in 2025.
10. SPO (supply path optimization) represented over 55% of platform activity in Q3, and the number of active Activate campaigns grew more than 4x year-over-year with a 35% increase in customers.",0.0169934640522875,0.354533059587007,0.997836668469443,0.9202819956616052
ea_VOYA_Q3_2025,VOYA,2025Q4,2025-11-04 21:15:00,"1. Adjusted operating EPS in Q3 2025 increased nearly 30% year-over-year to $2.45 per share.
2. The company generated approximately $600 million in year-to-date capital and expects to exceed its $700 million full year free cash flow target.
3. Retirement segment delivered $261 million in adjusted operating earnings, a 24% increase year-over-year.
4. Year-to-date organic defined contribution net inflows reached approximately $30 billion, on track for the strongest DC net flow year since 2020.
5. Investment Management generated nearly $4 billion in net flows in Q3, bringing year-to-date net flows to over $13 billion, representing organic growth of over 4% versus the 2% long-term target.
6. The company plans to invest up to $75 million of excess capital in Wealth Management in 2026, with approximately 200 basis points of expected impact on retirement margins.
7. Wealth Management achieved 20% year-over-year sales growth with total client assets reaching approximately $35 billion through Q3.
8. The company expects to return between $100 million and $150 million in quarterly dividends and share repurchases throughout 2026.
9. For Stop Loss, a 1% change in loss ratio for the January 2025 cohort represents approximately $12 million impact.
10. The company ended Q3 with approximately $350 million of excess capital and an 18% return on equity.",0.0028513238289205,-0.0384963465487229,0.342888047593294,0.6686550976138829
ea_OSPN_Q4_2025,OSPN,2026Q1,2026-02-26 21:01:00,"1. OneSpan ended Q4 2025 with annual recurring revenue (ARR) of $187 million, up 11.5% year-over-year, growing from $155 million at the start of 2024.
2. Full year 2025 adjusted EBITDA was $77.6 million at a 31.9% margin, up from $73.4 million and 30.2% in 2024.
3. The company generated nearly $60 million in cash from operations in 2025 and returned nearly $32 million to shareholders through dividends and buybacks.
4. Full year 2025 subscription revenue grew 12% to $156.1 million, with DA subscription revenue growing 11% and Cybersecurity subscription revenue growing 13%.
5. The Board approved an 8% increase in the quarterly dividend from $0.12 to $0.13 per share, representing an annualized dividend rate of $0.52 per share.
6. For full year 2026, the company guided total revenue of $244 million to $249 million (0%-2% growth) and adjusted EBITDA of $64 million to $68 million, reflecting incremental internal investments of approximately $5.5 million and $3 million to $4 million of dilution from the pending Build38 acquisition.
7. Approximately $3 million of revenue was pulled forward into Q4 2025 from Q1 2026 on the software side, making the 2025 finish stronger and 2026 correspondingly lighter than otherwise expected.
8. Digital Agreements Q4 operating income reached a record $5.6 million or 32% of revenue, up from $2.6 million or 17% in the prior year quarter, with full year operating income rising to $16 million (24% margin) from $5.6 million (9% margin) in 2024.
9. Hardware revenue declined 16.6% in full year 2025 and is guided to decline a further 8%-12% in 2026, with software and services now accounting for 80% of total revenue, up from 76% in 2024.
10. The gross retention rate in the Digital Agreements business improved by over 4 percentage points in 2025 versus 2024 and now exceeds 90%, while the company-wide net retention rate reached 104% in Q4 2025.",0.0079155672823218,-0.0239722033378714,0.403347280334728,0.859124403987863
ea_CPNG_Q4_2025,CPNG,2026Q1,2026-02-26 21:05:00,"1. Product Commerce segment net revenue was $7.4 billion in Q4, growing 8% reported or 12% on a constant currency basis, down from 18% constant currency growth in Q3.
2. Product Commerce was growing at 16% constant currency in the three months prior to the December data incident, and the estimated lowest growth rate was 4% constant currency in January adjusted for Lunar New Year timing.
3. The data incident involved a former employee illegally accessing data from over 33 million user accounts, and Coupang announced a customer compensation program of approximately $1.2 billion in vouchers.
4. Product Commerce Active Customers were 24.6 million in Q4, growing 8% year-over-year but declining slightly from 24.7 million in Q3, with WOW members seeing a slight year-over-year decrease due to elevated churn in December.
5. Developing Offerings reported record segment net revenues of $1.4 billion, growing 32% year-over-year, led by triple-digit revenue growth in Taiwan.
6. Taiwan's own last-mile logistics network now covers nearly 70% of the geography, with roughly 75% of December volume delivered next day through its own network with no significant increase in variable unit costs.
7. Consolidated adjusted EBITDA was $267 million in Q4, a 37% decrease year-over-year, with adjusted EBITDA margin declining over 220 basis points to 3.0%.
8. For Q1 2026, management anticipates consolidated constant currency revenue growth in the 5% to 10% range, and expects Developing Offerings full year 2026 adjusted EBITDA losses between $950 million and $1 billion.
9. Full year free cash flow was $527 million, a nearly 50% year-over-year reduction driven by the data incident's impact on working capital and increased capital expenditures, while the company maintains over $6 billion in cash.
10. Under the $1 billion share repurchase authorization, 5.9 million shares were repurchased during Q4 with $243 million utilized to date, leaving significant capacity remaining.",-0.0026723677177979,0.0248270644756803,0.629707112970711,0.18768964022540097
ea_BKTI_Q4_2025,BKTI,2026Q1,2026-03-12 11:00:00,"1. Q4 2025 revenue was $21.5 million, increasing 20% year-over-year, marking the second consecutive quarter of 20%+ top line growth.
2. Q4 2025 gross margin expanded over 900 basis points to 50.4% compared to 41.2% in the year-ago quarter, driven by favorable product mix and wider adoption of the BKR 9000.
3. Full year 2025 revenue grew 12.5% to $86.1 million, exceeding the company's high single-digit guidance.
4. Full year 2025 non-GAAP adjusted EPS reached $4.32 per diluted share, significantly exceeding the $3.80 guidance and compared to $1.84 in 2024.
5. The company ended 2025 with a record cash balance of $22.8 million and no debt, up from $7.1 million at year-end 2024.
6. The company shipped 2.5x the number of BKR 9000 multiband radios in 2025 compared to 2024.
7. Full year 2026 guidance calls for revenue of at least $90 million, gross margin of 50% or greater, GAAP EPS of $3.15, and non-GAAP adjusted EPS of $3.55, with an estimated tax rate increase to 25% from 16% in 2025 impacting EPS by approximately $0.55 per share.
8. Vision 2030 targets include doubling revenue to $170 million, achieving 60% gross margin, 35% adjusted EBITDA margin, tripling EPS to $13, and generating over $55 million in free cash flow.
9. The decision to expense rather than capitalize future BKR 9500 development costs is expected to reduce reported EPS by approximately $0.50 in 2026, with the BKR 9500 mobile radio on track for shipping in the first half of 2027.
10. The company currently holds approximately 3% to 3.5% market share and targets reaching at least 10% market share, prioritizing share gains over price increases in the near term.",0.0055753262158956,-0.0542609154762622,0.282426778242678,0.811443433029909
ea_PHAT_Q3_2025,PHAT,2025Q4,2025-10-30 12:00:00,"1. Q3 2025 net revenue was $49.5 million, representing 25% growth quarter-over-quarter and exceeding expectations of approximately $47 million.
2. Cash operating expenses were $49.3 million in Q3, down 43% from Q2 and 50% from Q1, beating the target of below $60 million.
3. Q3 cash usage was less than $15 million, down 77% versus Q2's approximately $63 million.
4. Full year 2025 revenue guidance was narrowed to $170 million to $175 million, representing the top half of the previously communicated range.
5. Launch-to-date filled prescriptions reached 790,000 as of October 17, representing approximately 36% growth since the Q2 call.
6. The company currently has converted approximately 3% of the GI PPI prescribing market opportunity of 20 million prescriptions per year, with potential to reach or exceed $1 billion in annual revenue if penetration reaches 20-30%.
7. Cash and cash equivalents totaled approximately $135 million as of September 30, 2025, reflecting only a $14 million reduction in net cash during Q3.
8. The company expects to achieve operating profitability in 2026 (excluding stock-based compensation) without the need for additional equity financing.
9. Q4 gross to net guidance was tightened to 55% to 60%, with gross profit margins remaining approximately 87%.
10. FDA Orange Book exclusivity extends through May 2032, with generic entry unlikely until 2033 due to typical 10-18 month ANDA review timelines.",0.0192165558019216,-0.0055112952302125,0.523526230394808,0.9322125813449024
ea_HBIO_Q4_2025,HBIO,2026Q1,2026-03-12 11:00:00,"1. Q4 2025 revenue was $23.7 million, above the midpoint of the $22.5 million to $24.5 million guidance range but below the $24.6 million reported in Q4 2024.
2. Q4 2025 gross margin was 59.7%, up 260 basis points year-over-year from 57.1% in Q4 2024 and the highest gross margin recorded over the last 7 quarters.
3. Q4 2025 adjusted EBITDA grew 27% year-over-year to $3.8 million, driven by cost reductions in manufacturing and SG&A and favorable product mix.
4. Full year 2025 revenue was $86.6 million, down from $94.1 million in 2024, primarily due to tariff impacts and delayed NIH funding.
5. Cash flow from operations improved significantly to $6.7 million in 2025, up from $1.4 million in 2024, driven by disciplined working capital management and improved operating income.
6. The company ended the year with the highest backlog in over 2 years and has continued to maintain that level.
7. Full year 2026 guidance calls for revenue growth of 2% to 4%, gross margin of 58% to 60%, and adjusted EBITDA growth of 6% to 10%.
8. The manufacturing consolidation (phased closure of the Holliston facility) is expected to generate $3 million in savings in 2027 and $4 million annually thereafter.
9. The December debt refinancing extended debt maturity, reduced annual debt service to $5 million, generating $3 million in annual cash savings, with no amortization required in the first 2 years.
10. Key NPI products BTX and Mesh MEA are expected to grow in double digits in 2026, and approximately 55% of current revenue is recurring from consumables, service, and software.",-0.177980449565546,-0.0098686989485828,0.469456066945607,0.006718682271348071
ea_AAON_Q3_2025,AAON,2025Q4,2025-11-06 12:00:00,"1. BASX-branded backlog grew to $896.8 million, up 119.5% year-over-year and 43.9% from the prior quarter.
2. Net sales increased 17.4% year-over-year to $384.2 million, driven by a 95.8% rise in BASX-branded sales.
3. Gross margin was 27.8%, down from 34.9% in the prior year, but up 120 basis points sequentially.
4. Diluted EPS was $0.37, down 41.3% year-over-year but up 94.7% sequentially.
5. National account bookings were up 96% in Q3 and 92% year-to-date, representing 35% of total bookings for the year.
6. Alpha Class air-source heat pump equipment bookings were up 45% quarter-over-quarter and 46% year-to-date.
7. The new Memphis facility adds nearly 800,000 square feet of manufacturing capacity for BASX production.
8. Management now anticipates full year 2025 sales growth in the mid-teens with gross margin of 28% to 28.5%.
9. 2025 capital expenditure guidance was reduced to $180 million from the previous estimate of $220 million.
10. Debt at quarter end was $360.1 million with a leverage ratio of 1.73, and the company executed $30 million in open market stock buybacks in Q1.",0.0004279905842071,0.0816733689320717,0.84586262844781,0.37147505422993493
ea_TNET_Q3_2025,TNET,2025Q4,2025-10-29 12:00:00,"1. Full year 2025 total revenues are expected to be approximately $5 billion, near the midpoint of the company's guidance range.
2. Total WSEs finished Q3 at approximately 332,000, down 7% year-over-year, while coemployed WSEs were 302,000, down 9% year-over-year.
3. Q3 adjusted EBITDA was $100 million, representing an adjusted EBITDA margin of 8.2%.
4. Q3 GAAP earnings per share was $0.70 and adjusted earnings per diluted share was $1.11, with full year adjusted EPS now expected near the top end of guidance.
5. Operating expenses declined 2% year-over-year in Q3, marking the third consecutive quarter of year-over-year expense reduction.
6. The insurance cost ratio was just over 90% in Q3, roughly flat year-over-year, with management expressing confidence in returning below the top end of the 87%-90% long-term range in 2026.
7. Year-to-date free cash flow reached $191 million with a 52% free cash flow conversion rate, in line with the 2025 plan.
8. The company deployed $162 million to shareholders year-to-date, representing approximately 85% of free cash flow, ahead of the annual target of 75%.
9. Health plan fee increases per enrolled member were approximately 10.5% in Q3, reflecting cumulative increases after plan design buydowns.
10. Client-initiated employment (CIE) improved approximately 0.5 percentage point year-to-date compared to last year, driven mainly by the tech vertical and financial services.",0.0074900398406374,-0.0652659313920527,0.233098972417523,0.8351409978308026
ea_SNWV_Q4_2025,SNWV,2026Q1,2026-03-26 20:35:00,"1. Q4 2025 revenue reached an all-time record of $13.4 million, up 30% year-over-year, while full year 2025 revenue was $44.1 million, up 35% versus 2024.
2. Full year 2025 adjusted EBITDA rose 89% to $13.6 million from $7.2 million in 2024, with Q4 adjusted EBITDA of $4.8 million comprising 36% of revenues.
3. SANUWAVE sold 624 UltraMIST systems in 2025 versus 374 in 2024, with Q4's 255 units being the highest quarterly total in company history, exceeding the prior Q3 record by 100 systems.
4. The company reported 1,292 active UltraMIST systems at end of Q4, up 56 (about 5%) from Q3, after removing 168 systems classified as discontinued due to customer shutdowns and financial distress from CMS clawbacks.
5. Q1 2026 revenue guidance is $9.6 million to $10.3 million, representing 3% to 10% year-over-year growth, suppressed by the CMS reimbursement changes impacting the wound care industry.
6. Preliminary full year 2026 revenue growth guidance is 16% to 25% over 2025, implying an acceleration in growth after Q1 as new market entrants and resellers ramp up.
7. 32% of Q4 revenues came through outside resellers and distributors, up from 26% in Q3, with a shift to stocking distributor/reseller relationships that yield higher operating margins than direct W2 sales despite lower ASPs.
8. The restatement in the 10-K included approximately $1.6 million of additional G&A expense in each of 2024 and 2025 related to previously unrecognized sales tax liabilities, plus $0.1 million and $0.3 million of interest expense in 2024 and 2025 respectively.
9. Full year gross margin expanded to 77%, with Q4 gross margin of 74.7% reduced by a $486,000 PACE inventory write-off; excluding this write-off, Q4 gross margin would have been 78.3%, up 40 basis points year-over-year.
10. Management indicated that incremental revenue is expected to drop through to the adjusted EBITDA line at approximately 50%, serving as a rule of thumb for modeling forward profitability.",-0.0074270557029177,0.0074838331589474,0.555230125523013,0.12180320762895536
ea_HUBB_Q4_2025,HUBB,2026Q1,2026-02-03 12:30:00,"1. Hubbell delivered Q4 2025 results with 12% total sales growth, 140 basis points of adjusted operating margin expansion, 19% adjusted operating profit growth, and 15% adjusted EPS growth.
2. Q4 2025 organic growth was 9%, driven by double-digit organic growth in both Electrical Solutions (13%) and Grid Infrastructure (12%).
3. Full year 2025 adjusted operating margins at the Electrical Solutions segment exceeded 20% for the first time in the company's history.
4. Data center growth exceeded 60% in Q4 2025, and data centers now represent more than 10% of Electrical Solutions segment sales.
5. Full year 2025 free cash flow was $875 million, representing a 15% free cash flow margin and 90% conversion on adjusted net income, with ROIC of 19%.
6. Net debt-to-EBITDA was 1.3x exiting 2025, and the company deployed approximately $950 million on three acquisitions during the year.
7. The 2026 outlook calls for 7% to 9% total sales growth, adjusted EPS of $19.15 to $19.85, and approximately 90% free cash flow conversion.
8. DMC Power acquisition is expected to contribute $130 million in revenue at approximately 40% operating margins in 2026, net of integration costs.
9. Management expects mid-single-digit total cost inflation in 2026 and plans to invest $15 million to $20 million in restructuring initiatives.
10. Grid automation sales declined 8% in Q4 2025, with meters and AMI weakness expected to persist into 2026 before modest growth resumes.",2.01779696926909e-05,0.0243664614777839,0.628033472803347,0.3480710879930646
ea_NRG_Q3_2025,NRG,2025Q4,2025-11-06 12:00:00,"1. Q3 2025 adjusted EPS increased 32% year-over-year to $2.78, while adjusted EBITDA reached a company-record $1.205 billion, up 14% from Q3 2024.
2. Year-to-date adjusted EPS of $7.17 is 36% higher than the same period last year, with adjusted EBITDA exceeding $3.2 billion.
3. NRG raised 2025 financial guidance by $100 million, marking the third consecutive year of increased full-year outlook, with adjusted EBITDA guidance now at $3.875 billion to $4.025 billion.
4. Total contracted data center capacity reached 445 megawatts after signing 150 megawatts of new premium long-term power agreements in the quarter.
5. The data center pipeline grew to 5.4 gigawatts under joint development and letters of intent, with signed letters of intent increasing 35% since last quarter.
6. NRG raised its target for new long-term data center agreements from $70-$90 per megawatt hour to above $80 per megawatt hour.
7. The Board approved a new $3 billion share repurchase authorization to be executed through 2028, with $1.084 billion already repurchased in 2025 at a weighted average price of $125.35.
8. The Texas segment delivered Q3 adjusted EBITDA of $807 million, representing a 38% improvement from the same quarter in 2024.
9. Smart Home segment achieved 9% year-over-year customer growth, significantly exceeding the targeted 5% to 6% net customer growth embedded in the growth plan.
10. Year-to-date free cash flow before growth of $2.035 billion exceeded the same period in 2024 by $597 million, or 42%.",0.0039840637450199,-0.0064657612951285,0.515954570037858,0.7283080260303688
ea_LOPE_Q4_2025,LOPE,2026Q1,2026-02-18 21:05:00,"1. Non-GAAP diluted income per share for Q4 2025 was $3.21, beating consensus estimates by $0.02 and up from $2.95 in Q4 2024.
2. Online enrollment grew 8.7% year-over-year and hybrid enrollment (excluding closed/teach-out sites) grew 18.7% in Q4 2025.
3. The company repurchased 605,730 shares in Q4 2025 at a cost of approximately $100 million and another 352,051 shares since December 31, 2025, with $284.6 million remaining under share repurchase authorization.
4. Full-year 2025 non-GAAP EPS beat the midpoint of original guidance by $0.46, and 2026 EPS guidance midpoint is above consensus estimates primarily due to a lower projected share count.
5. New online enrollment comps are extremely challenging in the first half of 2026, as new starts were up in the teens in Q1 and Q2 2025, with the company anticipating mid- to high-single-digit new online enrollment growth for full-year 2026.
6. Registrations for fall 2026 ground campus are currently significantly ahead of last year due to a shift in marketing strategy from high school counselors (down ~10%) to social media advertising, which is producing higher conversion rates.
7. The company expects to open only one new hybrid site in 2026 (Miami area), with 14 locations already at or near capacity, meaning hybrid enrollment growth will slow while profitability continues to improve.
8. Service revenue was $308.1 million in Q4 2025, up 5.3% year-over-year, partially offset by a $2.5-$3 million negative impact from the government shutdown on military tuition assistance.
9. Contract modifications and teach-out of one partner's three locations will reduce revenue by an estimated $4.2 million in 2026 but will positively impact operating margins as those locations were incurring significant losses.
10. Operating margin expanded to 35.1% in Q4 2025 from 34.2% in Q4 2024, and the company anticipates full-year 2026 margins will be up year-over-year with expansion expected especially in the second half.",0.0001191966148161,-0.076721314654197,0.221757322175732,0.3636757693974859
ea_MSI_Q3_2025,MSI,2025Q4,2025-10-30 20:10:00,"1. Q3 revenue grew 8% year-over-year with Software and Services up 11% and Products and SI up 6%, exceeding guidance.
2. Non-GAAP EPS increased 9% to $4.06 in Q3, and full-year guidance was raised to $15.09-$15.15 from prior guidance of $14.88-$14.98.
3. Record Q3 ending backlog reached $14.6 billion, up $467 million year-over-year, including a record $11 billion in Software and Services backlog.
4. Management expects 2026 revenue of approximately $12.6 billion, representing continued strong growth from the $11.65 billion expected for 2025.
5. Silvus revenue expectations for 2025 were raised from $475 million to $500 million, with 20% growth expected in 2026 and EPS contribution of $0.30-$0.40 (up from prior $0.20 guidance).
6. Record Q3 operating cash flow reached $799 million, with full-year operating cash flow expected to be $2.75 billion, marking the third consecutive year of double-digit growth.
7. Tariff headwinds of $70-$80 million impacted the second half of 2025, with additional headwinds expected in Q1 and Q2 of 2026 before lapping.
8. APX NEXT connected devices are now expected to reach 300,000 by end of 2026, up from the prior expectation of 200,000 by end of 2025.
9. The company secured three large D-Series infrastructure upgrade orders totaling $276 million from Colorado ($110 million), Tennessee ($84 million), and another U.S. state/local customer ($82 million).
10. Command center revenue grew 16% in Q3, and the company expects full-year Software and Services growth of low double digits, up from earlier guidance of 10%.",0.0007639242557525,-0.0625090939404212,0.245538128718226,0.4376355748373102
ea_MIR_Q4_2025,MIR,2026Q1,2026-02-10 21:10:00,"1. Mirion booked record orders of nearly $1.1 billion in 2025, representing a 26% increase versus 2024, with 2025 order growth plus the addition of Paragon's backlog resulting in a 36% increase in backlog versus last year.
2. 2026 full year total revenue is expected to grow between 22% and 24%, with organic revenue growth guided at 5% to 7%, adjusted EBITDA of $285 million to $300 million (25%-26% margins, ~90 bps expansion), and adjusted free cash flow of $155 million to $175 million.
3. 2025 adjusted free cash flow totaled $131 million, approximately double 2024's $65 million, achieving a 57% conversion rate and reaching the company's 2026 conversion target a year early.
4. The company booked $39 million of SMR-related orders in 2025 compared to $17 million in 2023 and 2024 combined, with approximately $10 million of SMR orders already received in January 2026 alone.
5. Nuclear power organic revenue grew more than 11% in 2025 and is expected to post double-digit growth again in 2026, with nuclear power revenue now representing roughly 40% of total company revenue following the Paragon and Certrec acquisitions.
6. The company's large opportunity pipeline exceeds $400 million for 2026, including $200 million of new large projects on top of $200 million of carryover from 2025, with nearly half of the new opportunities coming from Paragon.
7. Capital structure improvements reduced the 2025 pro forma total cost of debt to 2.9% versus 7.4% in 2024, driven by reducing the Term Loan B from $695 million to $450 million and issuing convertible notes at 0.25% and 0% coupons.
8. Paragon Energy Solutions, acquired December 1, 2025, grew revenue approximately 20% pro forma in 2025 and is expected to grow approximately 25% or more in 2026, though it is currently dilutive to overall margins.
9. Q1 2026 is expected to be the lightest quarter for revenue and adjusted EBITDA, with total organic revenue growth at low single digits and enterprise EBITDA margins expected to contract year-over-year due to lighter sensing volume and the full impact of margin-dilutive Paragon.
10. Full year 2025 adjusted EPS was $0.46 (up 12% year-over-year), slightly below guidance of $0.48-$0.52, while 2026 adjusted EPS guidance of $0.50-$0.57 now includes stock-based compensation, which reduces the midpoint by $0.07.",-0.0004266211604095,-0.100996980450816,0.160669456066946,0.27264846120502817
ea_TNDM_Q3_2025,TNDM,2025Q4,2025-11-06 21:05:00,"1. Q3 2025 revenue of $249 million marked a record third quarter for Tandem Diabetes Care.
2. U.S. Q3 sales of approximately $176 million represented the company's highest third quarter ever and second highest quarter overall.
3. Q3 gross margin of 54% increased approximately 3 percentage points year-over-year and 2 percentage points sequentially from Q2.
4. Pharmacy benefit coverage for Tandem Mobi expanded to more than 40% of U.S. lives, a milestone the company plans to build on in 2026.
5. Pharmacy channel sales scaled to 5% of U.S. sales in Q3, with pricing contribution to year-over-year revenue growth increasing from 2% in Q1 to 4% in Q2 to 5% in Q3.
6. The company ended Q3 with $319 million in total cash and investments and returned to positive adjusted EBITDA and free cash flow.
7. Tandem reaffirmed 2025 guidance of approximately $1 billion in worldwide sales, including U.S. sales of approximately $700 million and international sales of approximately $300 million.
8. The company set a Q4 2026 gross margin goal of at least 60%, driven by lower Mobi costs and pricing contribution.
9. Renewals continue to track to a historical capture rate of more than 70% of eligible customers within 18 months after warranty expiration, with more than 70% of U.S. sales expected from recurring revenue streams.
10. In direct international markets launching in early 2026, ASPs are anticipated to be at least 30% higher than current distributor pricing over a full-year patient life.",0.0015003750937734,0.217618959799609,0.965927528393726,0.5455531453362256
ea_CDE_Q3_2025,CDE,2025Q4,2025-10-29 20:30:00,"1. Full year EBITDA is now expected to exceed $1 billion and full year free cash flow to top $550 million, both higher than prior estimates.
2. Cash balance is expected to exceed $500 million at year-end, placing the company in a net cash position heading into 2026.
3. Las Chispas free cash flow increased by 34% to $66 million in the third quarter.
4. Metal sales climbed 15% to $555 million during Q3, driven by higher ounces sold and a 15% higher silver price quarter-over-quarter.
5. The company has repaid over $228 million in debt during 2025, driving net debt below $100 million with a net debt ratio of 0.1x.
6. Q3 consolidated production delivered over 111,000 ounces of gold and 4.8 million ounces of silver.
7. Kensington achieved $31 million in free cash flow, its highest quarterly cash flow in over 6 years.
8. The company recorded $630 million of U.S. net operating losses on the balance sheet, resulting in a onetime $162 million noncash tax benefit.
9. Q3 free cash flow ran at roughly $2 million per day, with expectations for this rate to increase in Q4 due to higher realized prices.
10. Nearly 10% of the initial $75 million share repurchase program has been completed so far.",-0.0005479452054794,-0.0193881189299565,0.439156300703083,0.23101952277657267
ea_AN_Q3_2025,AN,2025Q4,2025-10-23 10:59:00,"1. Adjusted EPS of $5.01 increased 25% year-over-year, marking the third consecutive year-over-year increase in adjusted EPS.
2. Year-to-date adjusted free cash flow of $786 million is 1.7 times that of 2024 and represents 134% of adjusted net income.
3. Customer Financial Services gross profit was the highest ever reported in a quarter, increasing 12% from a year ago with approximately two-thirds of the increase from higher unit profitability.
4. AN Finance portfolio exceeded $2 billion with originations nearly doubled year-over-year, and the business improved from a $10 million operating loss in 2024 to a $4 million operating profit year-to-date.
5. BEV inventory was reduced by approximately 55% from year-end to around 1,550 units (less than 20 days of supply) ahead of the September 30 government incentive expiration.
6. After-Sales delivered record third quarter gross profit, increasing 7% year-over-year with total gross margin expanding 100 basis points to 48.7% of revenue.
7. New vehicle unit profitability averaged approximately $2,300 for the quarter, down approximately $500 from a year ago due to heavier BEV and domestic vehicle mix.
8. Total revenue was $7 billion, an increase of 7% from a year ago on both total store and same-store basis.
9. Year-to-date share repurchases totaled $435 million representing 6% of shares outstanding at end of 2024, at an average price of $183 per share.
10. Company leverage decreased to 2.35x EBITDA from 2.45x at year-end 2024, remaining well within the 2-3x long-term target range.",0.0007392348918868,-0.0423144182438857,0.327744726879394,0.4343817787418655
ea_FCNCA_Q4_2025,FCNCA,2026Q1,2026-01-23 11:31:00,"1. First Citizens reported Q4 2025 adjusted earnings per share of $51.27, up $6.65 from the linked quarter, with adjusted ROE of 11.93% and adjusted ROA of 1.1%.
2. Loans increased $3.2 billion or 2.2% sequentially, driven primarily by Global Fund Banking which saw loan production over $5 billion, the highest since acquisition.
3. The company returned $900 million to shareholders through share repurchases in Q4 2025, with total repurchases since July 2024 reaching $4.9 billion, representing 18.3% of Class A common shares.
4. CET1 ratio declined 50 basis points sequentially to 11.15% as share repurchases and loan growth outpaced earnings.
5. Net charge-offs totaled $143 million or 39 basis points annualized in Q4, down $91 million or 26 basis points sequentially, partly due to a single-name $82 million loss in Q3.
6. The company prepaid $2.5 billion of the FDIC Purchase Money Note in December, with plans to make minimum payments of $500 million to $1 billion per month in 2026 as loan collateral rolls off.
7. Full year 2026 net interest income guidance is $6.5 billion to $6.9 billion, with loan accretion expected to decline approximately $100 million year-over-year.
8. Full year 2026 adjusted noninterest expense is projected at $5.37 billion to $5.46 billion, representing low to mid-single-digit percentage growth, with less than 1% from the BMO acquisition.
9. The BMO branch acquisition, expected to close in the second half of 2026, will add approximately $1 billion in loans and $5.7 billion in deposits.
10. Management expects the adjusted efficiency ratio to be in the lower 60% range for 2026 due to Fed rate cuts pressuring NII, with a longer-term goal of operating in the mid-50s.",0.0033174043466619,-0.0839407799898746,0.205020920502092,0.7355873428695275
ea_FOA_Q4_2025,FOA,2026Q1,2026-03-10 20:05:00,"1. Finance of America reported full year 2025 GAAP net income of $110 million or $5.04 per share, a 175% improvement compared to 2024.
2. Full year 2025 adjusted net income was $74 million or $3.04 per share, up $60 million from 2024 (a 429% increase) and above the company's stated guidance range of $2.60 to $3.00.
3. The company funded $2.4 billion of originations in 2025, a 24% increase from $1.9 billion in 2024, with fourth quarter volume totaling $619 million.
4. Management issued 2026 guidance for volume growth of 15% to 25% year-over-year ($2.8 billion to $3.1 billion) and adjusted EPS of $4.25 to $4.75 per share.
5. In January 2026, inquiry volume increased more than 75% year-over-year, while cost per opportunity decreased by 12% compared to the second half of 2025.
6. The AI-powered customer ambassador Joy is delivering more than 5x the conversion performance of the prior third-party call center while materially improving responsiveness.
7. Finance of America generated over $150 million in cash flows through core origination and capital markets activities in 2025, and the company's cash and cash equivalents increased by $42 million for the full year.
8. Management plans to retire the full $150 million of senior secured notes during 2026 and expects to begin share repurchase activity in 2027 once corporate debt is extinguished.
9. Finance of America ended 2025 with a tangible equity position 117% greater than December 2024, supported by a $50 million preferred equity investment and a $40 million zero-coupon convertible note raised during the year.
10. The company paid down $117 million of corporate debt and working capital facilities in 2025 and spent $40 million to acquire the first half of Blackstone's equity position, with the second half completed in February 2026.",0.0022727272727272,-0.0122586108907734,0.458995815899582,0.6623320329432163
ea_SOUN_Q4_2025,SOUN,2026Q1,2026-02-26 21:10:00,"1. SoundHound delivered Q4 2025 revenue of $55.1 million, up 59% year-over-year, and full year 2025 revenue of $169 million, up 99% versus the prior year.
2. The company signed over 100 customer deals in Q4, making it the biggest quarter ever for new deal signings.
3. For 2026, SoundHound expects revenue in a range of $225 million to $260 million, affirming another year of very strong growth.
4. The company's balance sheet remains strong with $248 million in cash and equivalents and no debt at quarter end.
5. Adjusted EBITDA loss was $7.4 million in Q4, an improvement of 56% year-over-year, with the company entering what it calls its breakeven phase.
6. Q4 non-GAAP gross margin was 61%, with continued sequential improvements driven by pruning low-margin acquired contracts and shifting from third-party to homebuilt solutions.
7. Monthly active users in automotive grew in excess of 50% year-on-year in Q4, while audio queries grew approximately 75% from the prior year.
8. Restaurant order activity crossed 9 million calls for the first time in Q4, up strong double digits from the prior year.
9. The company has already executed most of the $20 million in annualized acquisition cost synergies identified last quarter, with effects expected to appear in future quarters.
10. SoundHound's long-term financial targets include 70%+ gross margins and 30%+ EBIT margins at scale, with over 75% of acquired Amelia customers expected to be migrated to the new Agentic platform by mid-2026.",0.0033407572383073,-0.0372647149879177,0.340585774058577,0.7373211963589077
ea_RMAX_Q4_2025,RMAX,2026Q1,2026-02-19 21:10:00,"1. Worldwide agent count reached an all-time high of over 148,500 agents as of December 31, 2025, with the international agent base (outside U.S. and Canada) surpassing 75,000 agents.
2. In January 2026, RE/MAX completed the largest brokerage conversion in company history, adding nearly 1,200 agents from a Toronto-based operation with 17 offices to RE/MAX Canada.
3. Fourth quarter 2025 total revenue was $71.1 million, with adjusted EBITDA of $22.4 million, adjusted EBITDA margin of 31.5%, and adjusted diluted EPS of $0.30.
4. Full year 2026 guidance projects revenue of $285 million to $305 million and adjusted EBITDA of $90 million to $100 million, with agent count expected to increase 1.5% to 3.5% over 2025.
5. Excluding marketing funds, Q4 revenue was $53.6 million, a decrease of 0.4% compared to the same period last year, driven mainly by a reduction in U.S. agent count and recently introduced incentives including the Aspire program.
6. The Aspire program has reached over 2,000 agents in adoption, and listings promoted through the Marketing as a Service platform are delivering 3x more views, 6x more active users, and 5x more actions compared to unpromoted listings on remax.com.
7. The total leverage ratio decreased to 3.12x as of December 31, remaining below the 3.5x level, which affords greater flexibility for capital allocation including potential share repurchases.
8. Q4 2025 represented the best fourth quarter of U.S. agent count performance since 2021, with the Q4 recruitment rate outpacing the prior year.
9. RE/MAX deliberately terminated a number of Motto Mortgage franchisees during Q4 and rolled out a new franchise royalty fee model for Motto that reduces fixed costs through a lower flat fee and introduces a transaction-based component that scales with performance.
10. Q1 2026 guidance projects revenue of $69 million to $74 million, including marketing funds revenue of $16 million to $18 million, and adjusted EBITDA of $14 million to $17 million, with agent count expected to increase 1.5% to 2.5% over Q1 2025.",0.0086083213773314,-0.0377142338848939,0.33765690376569,0.8690940615517989
ea_KURA_Q3_2025,KURA,2025Q4,2025-11-04 12:30:00,"1. The FDA review of ziftomenib remains on track with a PDUFA target action date of November 30, 2025.
2. Kura reported pro forma cash of $609.7 million as of September 30, 2025, including milestone payments received in October and November 2025.
3. The company received two $30 million milestone payments for first patients dosed in the two KOMET-017 Phase III trials, bringing total milestones received in 2025 to $105 million.
4. Kura expects approximately $315 million more in near-term milestone payments, including a substantial payment associated with commercial launch of ziftomenib.
5. Net loss for Q3 2025 was $74.1 million compared to $54.4 million for Q3 2024.
6. Research and development expenses for Q3 2025 were $67.9 million compared to $41.7 million for Q3 2024.
7. Collaboration revenue from the Kyowa Kirin partnership for Q3 2025 was $20.8 million compared to no revenue for Q3 2024.
8. Based on current operating plans, Kura believes its cash position will be sufficient to fund operating expenses into 2027.
9. Ziftomenib development is active in all three major frontline settings, collectively representing up to 50% of incident AML cases in the U.S.
10. The company's farnesyl transferase inhibitor platform has the potential to address more than 200,000 incident patients annually in the U.S. alone.",-0.022517911975435,0.0315378176925755,0.700919415900487,0.06236442516268981
ea_SMG_Q1_2026,SMG,2026Q1,2026-01-28 12:00:00,"1. The Board approved a new $500 million share repurchase program with the ultimate goal of reducing share count to around 40 million shares from the current approximately 57 million shares.
2. Management established long-term financial targets of an incremental $1 billion in top line sales and $1 billion in total EBITDA by around 2030, requiring approximately 5% annual top line growth.
3. Hawthorne was classified as a discontinued operation with a $105 million pretax asset impairment charge, and its divestiture contributed 40 basis points of gross margin improvement on a full year basis.
4. Leverage ratio improved to 4.03x net debt to adjusted EBITDA from 4.52x in the prior year first quarter, with a target to reach the high 3s by end of fiscal 2026.
5. Q1 e-commerce POS dollars increased 12% and units increased 17%, with e-commerce representing 14% of overall POS, a 150 basis point increase over prior year.
6. Non-GAAP adjusted gross margin rate improved to 25.4% from 24.5% year-over-year, with management expressing confidence in exceeding the full-year target of at least 32%.
7. Interest expense decreased 20% to $27.2 million due to lower debt balances and interest rates.
8. Fiscal 2026 guidance includes low single-digit U.S. consumer net sales growth, non-GAAP adjusted EPS of $4.15 to $4.35, mid-single-digit adjusted EBITDA growth, and free cash flow of $275 million.
9. January retailer shipments picked up at a record pace, making it one of the highest January shipment months ever recorded.
10. The company plans incremental investments of $30 million in CapEx (total $130 million) for plant upgrades, automation, and AI, plus $25 million in brand spending focused on media, digital, and R&D.",0.003795666613949,-0.0062470691897683,0.48744769874477,0.7594278283485045
ea_OUT_Q3_2025,OUT,2025Q4,2025-11-06 21:06:00,"1. Consolidated OIBDA was up 17% to $137 million, while AFFO was up 24% to $100 million in Q3 2025.
2. Transit revenues grew 24% in Q3, led by New York MTA which was up 37% during the quarter.
3. Digital transit revenues were up over 50% to $56 million in Q3 2025.
4. Programmatic and digital direct automated sales were up nearly 30% and represented 19.4% of total digital revenues, up from 16.8% in the same period last year.
5. Billboard adjusted OIBDA margin increased by 170 basis points year-over-year to 39.5%.
6. The company is raising full-year AFFO guidance to high single-digit growth versus prior mid-single-digit expectation.
7. Total net leverage dropped to 4.7x as of September 30, within the company's 4 to 5x target range.
8. The company refinanced its term loan, extending maturity from November 2026 to September 2032 and increasing the size by $100 million to $500 million.
9. Committed liquidity is over $700 million, including about $60 million of cash, around $500 million available on the revolver, and $150 million available on accounts receivable securitization.
10. Q4 2025 guidance expects consolidated revenues up low to mid-single digits, driven by mid-teens growth in transit and low single-digit growth in billboard.",-0.0022701475595913,0.141968378595852,0.920497566252028,0.17299349240780912
ea_CRIS_Q4_2025,CRIS,2026Q1,2026-03-19 20:00:00,"1. Curis reported net income of $19.4 million or $1.23 per share for Q4 2025, compared to a net loss of $9.6 million or $1.25 per share in Q4 2024, driven by a $27.2 million onetime noncash gain from the sale of Erivedge to Oberland.
2. Curis reported a full-year 2025 net loss of $7.6 million or $0.58 per share, compared to a net loss of $43.4 million or $6.88 per share in 2024.
3. Research and development expenses declined to $5.8 million in Q4 2025 from $9 million in Q4 2024, and full-year R&D expenses fell to $28.3 million from $38.6 million in 2024.
4. General and administrative expenses decreased to $2.9 million in Q4 2025 from $3.4 million in Q4 2024, and full-year G&A fell to $14 million from $16.8 million in 2024.
5. Curis received initial gross proceeds of $20.2 million from a January 2026 PIPE financing and expects up to an additional $20.2 million from Series B warrant exercises upon dosing of the fifth CLL patient in TakeAim CLL, which combined with existing cash should fund operations into the second half of 2027.
6. In the AML triplet study presented at ASH, 5 of 8 evaluable patients achieved MRD conversion from MRD-positive to undetectable disease when emavusertib was combined with azacitidine and venetoclax.
7. The registrational TakeAim Lymphoma study in primary CNS lymphoma is estimated to be approximately 12 to 18 months from full enrollment, placing potential full enrollment and subsequent filing in the 2027 timeframe.
8. Management confirmed there will be no meaningful revenue in 2026, as the Erivedge revenue stream effectively ended in November 2025 following the sale of the remaining royalty interest to Oberland.
9. Curis expects to present initial proof-of-concept data from its CLL study evaluating emavusertib added to BTKi therapy at the ASH Annual Meeting in December 2026.
10. Management stated NHL programs (PCNSL and CLL) are being prioritized over AML, with the bulk of current spending directed toward the PCNSL registrational study and AML advancement deferred until additional capital is raised.",0.0,0.0345639438697903,0.674476987447699,0.3261811876896402
ea_DUK_Q3_2025,DUK,2025Q4,2025-11-07 12:00:00,"1. Duke Energy reported Q3 2025 adjusted EPS of $1.81 compared to $1.62 in the prior year, representing over 11% year-over-year growth.
2. The company narrowed its full year 2025 EPS guidance range to $6.25 to $6.35.
3. Duke Energy expects its new 5-year capital plan to be between $95 billion and $105 billion, up from the previous $87 billion plan.
4. The company reaffirmed its long-term EPS growth rate of 5% to 7% through 2029 and expressed confidence in earning in the top half of the range beginning in 2028.
5. Duke Energy plans to add more than 13 gigawatts of generation capacity over the next 5 years, including 7.5 gigawatts of new natural gas and over 1 gigawatt of upgrades to the existing fleet.
6. The company signed approximately 3 gigawatts of electric service agreements with data centers in 2025 alone, including deals with Digital Realty and Edged.
7. Economic development activities yielded over $11 billion of capital commitments from commercial and industrial customers in 2025, expected to bring 25,000 jobs to service territories.
8. Duke Energy is targeting 15% FFO to debt over the long term and expects to achieve 14% or higher FFO to debt by year-end 2025.
9. The updated Carolinas resource plan is expected to result in annual customer bill impacts of approximately 2% over the coming decade, below the rate of inflation.
10. The company expects earnings base growth of more than 8.5% through 2030, driven by investments in new generation.",0.0004838709677419,-0.0049279269220711,0.530016224986479,0.38503253796095444
ea_OLPX_Q3_2025,OLPX,2025Q4,2025-11-06 11:45:00,"1. Q3 2025 net sales were $114.6 million, down 3.8% year-over-year but exceeding company expectations.
2. Q3 adjusted EBITDA was $30.8 million with a 26.9% margin, compared to 37.5% margin in Q3 2024.
3. Professional channel net sales grew 5.3% year-over-year in Q3 to $44.5 million, while specialty retail declined 13.5% to $36.9 million and DTC declined 2.9% to $33.3 million.
4. Year-to-date adjusted gross profit margin is 72.2%, flat year-over-year, while Q3 adjusted gross profit margin of 71.5% was up 70 basis points year-over-year.
5. Sales and marketing investment increased $6.2 million year-over-year in Q3 and approximately $20.8 million year-to-date.
6. The company ended Q3 with cash and cash equivalents of $286.4 million and debt of $352.1 million.
7. Inventory was $73.3 million at quarter end, down approximately $12.6 million from the prior year's $85.9 million.
8. Year-to-date U.S. net sales were down approximately 4%, while international sales were up approximately 2%.
9. The Blitz program drove sell-through that was on average at least mid-teens percentage higher in the 2 months following events versus the 2 months prior in targeted cities.
10. Full year 2025 guidance was maintained with net sales expected in the range of -3% to +2% versus fiscal year 2024 and adjusted EBITDA margin of 20% to 22%.",0.0,0.0302438400043495,0.695511087074094,0.2871475054229935
ea_CDLX_Q4_2025,CDLX,2026Q1,2026-03-04 21:05:00,"1. Fiscal year 2025 billings were $385 million, down 13.3% year-over-year, revenue was $233 million, down 16.2% year-over-year, and annual adjusted EBITDA was $10.1 million, up $7.5 million year-over-year.
2. Q1 2026 billings guidance of $57.5 million to $63.5 million represents a 35% to 41% year-over-year decrease, primarily driven by the departure of Bank of America and content restrictions from a large FI partner.
3. Cardlytics recently concluded its relationship with Bank of America, with the last billings campaign running on January 15, 2026, creating near-term supply pressure but eliminating the cost of maintaining a parallel tech stack.
4. Q4 2025 adjusted contribution margin as a percentage of revenue reached 56.5%, the highest ever achieved, driven primarily by growth of newest FI partners with more favorable economics.
5. U.K. revenue in Q4 was $10.8 million, up 35.1% year-over-year, marking the U.K. business's largest ever quarter, with grocery driving more than 40% of U.K. business.
6. The company expects the Bridg sale to PAR Technology to close in March 2026, with Cardlytics receiving PAR stock that it plans to quickly liquidate to pay down its credit facility, which has $40.1 million currently drawn.
7. Q4 free cash flow was positive $10.5 million, an improvement of $11.9 million from the prior year, with the company ending Q4 with $48.7 million in cash and cash equivalents.
8. Technology improvements in 2025 enabled the engineering team to deliver features 20% faster while reducing infrastructure costs by 40%, after migrating all partners to a unified ad server and data platform.
9. One of the fastest-growing discount grocers drove an 8x year-over-year spend increase, and a large U.S. retail brand doubled its quarter-over-quarter spend in Q4, while new business wins across e-commerce, retail and restaurants increased 60% quarter-over-quarter.
10. Q4 monthly qualifying users (MQUs) were 227 million, up 18% year-over-year driven by new FI partner ramps, but average contribution per user (ACPU) declined 35% to $0.12 due to content restrictions and the dilutive effect of new MQUs.",0.106042950884868,-0.087079905772889,0.198744769874477,0.9932813177286519
ea_BBSI_Q4_2025,BBSI,2026Q1,2026-02-25 21:05:00,"1. Full year 2025 gross billings increased 8.6% to $9 billion versus $8.3 billion in the prior year, while diluted EPS increased 5% to $2.08 compared to $1.98.
2. Q4 2025 gross billings increased 6.4% to $2.4 billion versus $2.25 billion in Q4 2024, with diluted EPS up 2% to $0.64 from $0.60.
3. BBSI achieved a 5.1% increase in worksite employees for Q4, driven by record sales volume and approximately 8,300 net new client WSE adds year-over-year, despite client workforce reductions accelerating in Q4.
4. The company finished the year with approximately 26% more active referral partners over the prior year and achieved record WSE additions from new clients.
5. BBSI Benefits grew from 575 clients with ~16,000 participants at the start of 2025 to approximately 800 clients with more than 24,000 participants by end of January 2026, with a 93% renewal rate and 97% adjusted client retention.
6. For 2026, management expects gross billings to increase between 3% and 5%, average WSEs to increase between 2% and 4%, and gross margin to range between 2.7% and 2.85%.
7. The California Insurance Commissioner approved an average 8.7% workers' compensation premium rate increase in late 2025, and BBSI has seen positive rate trends on renewals over the last 4 months.
8. In 2025, BBSI repurchased nearly 4% of shares outstanding through $42 million in buybacks and paid $8.2 million in dividends, returning $50 million total to shareholders, with $75 million remaining under its $100 million repurchase program.
9. The staffing business declined 13% year-over-year in Q4 and 11% for the full year, reflecting broad client reluctance to place staffing orders amid macroeconomic uncertainty.
10. The balance sheet remains strong with $157 million of unrestricted cash and investments at December 31 and no debt, while full year SG&A increased a modest 2.5% and decreased approximately 2.5% year-over-year in Q4.",0.0,-0.143521931030465,0.097489539748954,0.3261811876896402
ea_GTN_Q4_2025,GTN,2026Q1,2026-02-26 11:00:00,"1. Total revenue in Q4 2025 was $792 million, above the high end of the company's guidance for the quarter.
2. Broadcasting expenses declined by $78 million, or about 3%, on a full year basis in 2025 compared to 2024.
3. Net retransmission revenue returned to growth in Q4 2025 versus Q4 2024, with approximately $4 million of growth, and stabilized at $547 million for the full year 2025 versus $550 million in 2024.
4. Q4 2025 adjusted EBITDA was $179 million, and total operating expenses of $618 million came in $5 million below the low end of guidance.
5. The company expects net retransmission revenue to grow slightly for full year 2026 compared to 2025, with Q1 2026 guided at $148 million to $150 million.
6. Political advertising revenue for Q1 2026 is guided at $25 million to $30 million, with all 10 competitive senate races and nearly all 13 competitive gubernatorial races in markets where Gray operates.
7. The Super Bowl generated $11 million on Gray's 54 NBC and 47 Telemundo affiliates in Q1 2026, versus $9 million on FOX affiliates in 2025, and the Winter Olympics are estimated to contribute $15 million in Q1 2026 versus $8 million during the 2022 Games.
8. Year-end 2025 leverage metrics were 2.43x first-lien, 3.65x secured, and 5.8x total leverage ratio, with announced M&A transactions expected to contribute approximately 0.25 turns of deleveraging.
9. The company completed a $250 million add-on to its 9 5/8% second-lien notes at 102% and called $125 million of its 10 1/2% first-lien notes at 103%, finishing Q4 with over $1.1 billion in liquidity.
10. The net investment in Assembly Atlanta totaled approximately $630 million as of year-end 2025, with essentially zero net capital investment during 2025, and the company expects to announce joint ventures and development partnerships through 2026.",-0.0126315789473684,0.241814814073477,0.971129707112971,0.09969657563935848
ea_PACS_Q4_2025,PACS,2026Q1,2026-02-26 21:00:00,"1. Full year 2025 revenue was $5.29 billion, representing approximately 29% growth over 2024.
2. Full year 2025 adjusted EBITDA was $505 million, with adjusted EBITDAR of $883.9 million.
3. Q4 2025 revenue was $1.36 billion, up approximately 12% over the same period in the prior year, with adjusted EBITDA of $142.1 million.
4. For full year 2026, the company guided revenue of $5.65 billion to $5.75 billion (midpoint ~8% growth) and adjusted EBITDA of $555 million to $575 million (midpoint ~12% growth over 2025).
5. The company ended 2025 with net leverage of approximately 0.3x, even after substantial acquisition activity and over $145 million in capital deployment during Q4 alone.
6. As of December 31, 2025, PACS operates 321 facilities across 17 states with 35,379 total operating beds, caring for more than 31,700 patients daily.
7. Mature facilities averaged 94.9% occupancy (up from 94.4% in 2024), while total portfolio occupancy averaged 89.1%.
8. 73.4% of the skilled nursing portfolio (207 facilities) are rated 4 or 5 stars in CMS quality measures, with mature facilities averaging a 4.4 CMS QM star rating versus the industry average of approximately 3.5.
9. The 2026 guidance bakes in approximately 5 facility acquisitions per quarter with nominal revenue and effectively zero margin, while the company describes the current M&A pipeline as very robust.
10. Full year 2025 diluted earnings per share was $1.22, with net income of $191.5 million for the year and $59.8 million for Q4 2025.",0.0011999040076793,-0.118778550228537,0.132217573221757,0.5543996532293021
ea_BAND_Q4_2025,BAND,2026Q1,2026-02-19 12:00:00,"1. Bandwidth reported Q4 2025 total revenue growth of 12% year-over-year on an organic basis, excluding cyclical political campaign messaging revenue from 2024.
2. Full year 2025 total revenue was $754 million, up 10% organically year-over-year, with non-GAAP gross margin of 58%, adjusted EBITDA of $93 million, and free cash flow of $57 million.
3. The company's 2026 guidance calls for approximately 16% total revenue growth, approximately 10% cloud communications growth, nearly 30% adjusted EBITDA improvement, and non-GAAP EPS of approximately $1.66 to $1.74 (roughly 19% growth).
4. Bandwidth closed more $1 million-plus deals in all of 2025 than in 2023 and 2024 combined, including 2 significant wins in Q4 alone.
5. The Board authorized an inaugural share repurchase program of up to $80 million in common stock, alongside the company's largest R&D investment in its history for 2026.
6. Software services revenue exited Q4 2025 at an approximately $15 million annualized run rate, meaningfully ahead of the $10 million expectation expressed a few months earlier, and software is now attached to all $1 million-plus deals.
7. The enterprise cohort of customers added in 2025 already represents 15% of total enterprise revenue, and more than 40% of 2025 enterprise voice growth came from accounts added in the past 3 years.
8. Customer name retention rate remains above 99%, organic net retention is 107%, enterprise voice achieved 100% customer name retention (zero churn), and average annual revenue per customer reached a record $232,000, up from $171,000 three years ago.
9. The number of third-party conversational AI developers building on Bandwidth's platform has more than quadrupled over the past 6 months, though this cohort does not yet contribute materially to revenue.
10. Bandwidth's cumulative free cash flow already surpassed the $125 million target by end of 2025, and its incremental gross profit yield was 82% in 2025, demonstrating strong operating leverage.",0.0015396458814472,0.12121140862921,0.894560669456067,0.5908105765062852
ea_STRT_Q1_2026,STRT,2025Q4,2025-10-30 20:15:00,"1. Revenue grew nearly 10% in the quarter while gross profit margin expanded 370 basis points and EBITDA margin expanded 310 basis points to 10.2%.
2. Gross profit increased $7.4 million or approximately 40% on 10% sales growth, with gross margin expanding to 17.3%.
3. The company generated $11.3 million in operating cash flow and ended the quarter with just over $90 million of cash on the balance sheet.
4. An additional restructuring action during the quarter is expected to provide approximately $1 million in annualized savings, fully realized in Q3 fiscal 2026.
5. Adjusted EBITDA was $15.6 million, and management believes the long-term business model suggests low teen EBITDA margins.
6. Capital expenditures were $1.5 million (about 1% of sales) in the quarter, with full year CapEx budget at approximately $12.5 million (about 2% of sales).
7. The company has approximately $53 million available under revolving credit facilities and entered into an amended $40 million revolving credit facility extended to October 2028.
8. An aluminum supplier fire and semiconductor chip shortages from international trade restrictions are expected to impact production levels for major customers during Q2 and potentially into Q3.
9. Restructuring savings of $1.3 million contributed to gross profit improvement, while unfavorable impacts included $500,000 in foreign currency, $200,000 in net tariff expenses, and $1.1 million increase in statutory labor rates in Mexico.
10. Automation investments have less than a 1-year payback, with results expected to show in the second half of fiscal 2026.",0.0108935669071102,-0.100728224217177,0.143861546782044,0.8823210412147505
ea_TTEC_Q4_2025,TTEC,2026Q1,2026-02-26 21:05:00,"1. Full year 2025 revenue was $2.136 billion, exceeding the high end of guidance, while adjusted EBITDA was $214 million, reflecting year-over-year growth of 5.6%.
2. The company generated $83 million in free cash flow in 2025 compared to negative $104 million in the prior year and reduced credit facility borrowings by $70 million.
3. A $193 million noncash goodwill impairment charge was recorded in Q4 on the Digital recurring reporting unit, with a related $12 million tax impact bringing the total to $205 million.
4. 2026 guidance calls for GAAP revenue of $2.03 billion (down ~5% YoY), adjusted EBITDA of $230 million (up 7.6% YoY at 11.3% margin), and non-GAAP EPS of $1.19 (up 9% YoY).
5. Engage segment full year 2025 operating income grew 18.8% to $101 million with 120 basis points of margin expansion despite a 4.6% revenue decline to $1.67 billion.
6. The Engage segment's trailing 12-month revenue retention rate improved to 95% from 82% in the prior year, while its next-12-month backlog stands at $1.48 billion or 92% of 2026 revenue guidance midpoint.
7. Digital segment professional services related to expanded partnership networks grew 15.8% year-over-year outside of traditional CCaaS offerings.
8. Net leverage ratio improved to 3.58x at year-end 2025 from 3.99x at the end of the prior year, with net debt decreasing $68 million to $825 million.
9. Engage segment revenue is expected to decline approximately 4% in 2026 due to rationalization of underperforming client programs, while Digital segment revenue is forecast to decline 8.4% primarily from lower product resale.
10. Currently 80% of the entire Engage sales pipeline is targeted at net new offshore business, while the majority of existing onshore revenue is in regulated sectors (healthcare, federal, financial services) that legally cannot move offshore.",0.0588235294117647,0.136273262820989,0.906694560669456,0.976159514521023
ea_ADM_Q3_2025,ADM,2025Q4,2025-11-04 12:00:00,"1. ADM reported adjusted earnings per share of $0.92 and total segment operating profit of $845 million for Q3 2025.
2. The company lowered its full year 2025 adjusted EPS guidance to $3.25-$3.50, down from approximately $4 per share guidance provided last quarter.
3. Crushing subsegment operating profit was $13 million, down 93% from the prior year quarter due to significantly lower global soybean and canola crush execution margins.
4. Ag Services subsegment operating profit was $190 million, up 78% year-over-year, driven by higher export activity in North America and the absence of prior year logistics take-or-pay contract costs.
5. The company reduced inventory by $3.2 billion year-to-date compared to $1.2 billion during the prior year period.
6. ADM remains on track to achieve targeted cost savings of $200 million to $300 million in 2025 and aggregate savings of $500 million to $750 million over the next 3 to 5 years.
7. Nutrition segment operating profit was $130 million for Q3, up 24% year-over-year, with Animal Nutrition operating profit up 79% to $34 million.
8. Ethanol EBITDA margins per gallon for Q3 were approximately double compared to the prior year quarter, with the Vantage Corn Processors subsegment improving from a $3 million loss to $43 million profit.
9. The company's net leverage ratio improved to 1.8x as of the end of September, in line with the previously communicated year-end target of approximately 2x.
10. ADM recorded a $163 million charge related to a penalty imposed on Wilmar by the Indonesian Supreme Court, presented as a specified item.",0.00099850224663,0.0125897812007418,0.614926987560844,0.46746203904555317
ea_PTCT_Q4_2025,PTCT,2026Q1,2026-02-19 21:01:00,"1. Full year 2025 total net product and royalty revenue was $831 million, exceeding guidance of $750 million to $800 million.
2. Sephience generated $92 million in Q4 2025 revenue and $111 million total since launch, with 946 patients on commercial therapy worldwide and 1,134 U.S. patient start forms as of December 31, 2025.
3. The company ended 2025 with $1.95 billion in cash after monetizing the remainder of the Evrysdi royalty to Royalty Pharma for $240 million upfront and up to $60 million in sales-based milestones.
4. Product revenue guidance for 2026 is $700 million to $800 million, representing 19% to 36% year-over-year product revenue growth, with the majority expected from Sephience.
5. The company has the potential to reach cash flow breakeven in 2026 based on product revenue guidance of $700-$800 million and non-GAAP OpEx guidance of $680-$720 million.
6. Over 80% of PKU centers of excellence in the U.S. have written prescriptions for Sephience, with discontinuation rates in the single digits and primarily due to patient decisions rather than clinical reasons.
7. Two-thirds of Sephience patients are covered under commercial payer plans, with gross-to-net expected between 15% to 25%, starting at the lower end and taking multiple quarters to reach the top end.
8. By year-end 2026, the company expects Sephience commercial patients in 20 to 30 countries, with Japan launch expected in Q2 2026 and Brazil approved this week with over 5,000 diagnosed patients.
9. Novartis will initiate the Phase III INVEST-HD trial for votoplam in Huntington's disease in H1 2026, a placebo-controlled study with approximately 770 participants randomized 3:2, with an interim analysis planned for both efficacy and futility.
10. FDA indicated that an open-label single-arm study with a natural history comparator group could support vatiquinone NDA resubmission for Friedreich's ataxia, with an FDA protocol alignment meeting planned for Q2 2026.",-0.019170243204578,0.0047222864156788,0.543933054393305,0.07845687039445166
ea_AGL_Q4_2025,AGL,2026Q1,2026-02-25 21:05:00,"1. At the midpoint, 2026 guidance expects revenue of $5.5 billion, medical margin of $325 million, and adjusted EBITDA at breakeven.
2. Full year 2025 medical cost trend was approximately 6.5%, with Q3 at 7.2% and Q4 prudently reserved at 7.4%, while the company assumes a gross cost trend of 7.5% (net 7%) for 2026.
3. Full year 2025 adjusted EBITDA was negative $296 million, and full year 2025 medical margin was negative $57 million, including negative $60 million from exited markets and negative $53 million from prior year development.
4. The company executed $35 million in operating cost reductions above what was communicated at end of Q3 2025, with further cost reduction opportunities being pursued for 2027.
5. Disciplined recontracting led to exiting payer contracts that reduced overall Medicare Advantage membership by 50,000 members, with expected 2026 MA membership of approximately 430,000 including ~25,000 in care coordination fee arrangements.
6. Contracting efforts and payer bids are expected to create over $625 million in incremental value in medical margin in 2026, with the majority from percent of premium increases or relief from payer-specific Stars issues, described as locked-in value.
7. The company reduced Part D exposure to less than 15% of membership and expects to more than double quality incentive opportunity from 2025 to 2026.
8. The company ended Q4 2025 with $285 million in cash and marketable securities plus $91 million off-balance sheet cash held by ACO entities, beating expectations by approximately $66 million, and expects to end 2026 with at least $125 million of cash on hand.
9. ACO REACH full year 2025 adjusted EBITDA was $41 million, with 2026 expected contribution of $20 million to $25 million reflecting a rebasing of the risk adjustment cap from 2022 to 2019.
10. The enhanced data pipeline now covers over 85% of members with a 99%+ correlation rate, and the company expects a net 40 basis point improvement year-over-year in burden of illness at the midpoint, having more than offset V28 implementation impact over the last two years.",-0.177980449565546,0.193120077231372,0.951046025104603,0.006718682271348071
ea_LPSN_Q4_2025,LPSN,2026Q1,2026-03-12 20:05:00,"1. Q4 2025 revenue was $59.3 million, above the high end of the guidance range, driven by higher variable revenue.
2. Q4 2025 adjusted EBITDA was $10.8 million, also above the high end of the guidance range, driven by the cost restructuring executed in Q3 and disciplined operational execution.
3. Full year 2026 revenue guidance is $195 million to $207 million, implying a year-over-year decline, with approximately 92% expected to be recurring.
4. Full year 2026 adjusted EBITDA guidance ranges from a loss of $4 million to a gain of $7 million, and the company does not expect adjusted EBITDA less CapEx to be positive in 2026.
5. Q1 2026 revenue guidance is $53 million to $55 million, a sequential decline of approximately $5 million at the midpoint from Q4, and Q1 adjusted EBITDA is expected to be the high watermark for the year at $2 million to $5 million.
6. Net revenue retention was 78% in Q4, down from 80% in Q3, and management noted this metric will generally continue to decline until revenue begins to grow.
7. The company ended Q4 with $95 million of cash on the balance sheet and RPO declined to $176 million.
8. Average revenue per customer was $680,000, up 9% year-over-year, driven by expansions with largest customers and customer retention.
9. The company signed 40 deals in Q4, including 4 new logos and 36 expansions, with over 40% of renewals including expanding commitments, and expects positive net new ARR in the second half of 2026.
10. Over 20% of all conversations on the Conversational Cloud platform leveraged the generative AI suite in Q4, and the company expects a material amount of revenue to flow through the Google Cloud Marketplace by end of 2026.",0.106042950884868,-0.0056937679060354,0.490794979079498,0.9932813177286519
ea_CRI_Q3_2025,CRI,2025Q4,2025-10-27 10:00:00,"1. The company estimates the annualized gross pre-mitigation impact of higher tariffs to be in the range of $200 million to $250 million, with the net impact on 2025 operating income estimated at $25 million to $35 million.
2. The company has identified $45 million in gross savings for 2026, with approximately $35 million coming from a planned 15% reduction in office-based roles by year-end 2025.
3. Third quarter adjusted earnings per share were $0.74 compared to $1.64 in the prior year period.
4. U.S. Retail comparable sales increased 2% in the third quarter, marking the second consecutive quarter of positive comp growth, with average unit retail prices up mid-single digits.
5. Quarter-to-date U.S. Retail comparable sales in Q4 are up approximately 7%.
6. The company's effective duty rate has increased to the high 30% range versus approximately 13% historically.
7. The company is targeting 150 North America store closures, with up to 100 expected to close by the end of 2026, representing approximately $110 million in trailing twelve-month revenue.
8. Net inventories increased 8% versus last year to $656 million, with approximately $34 million of the increase attributable to higher tariffs.
9. The company has received commitments from bank group members for a new 5-year $750 million credit facility expected to be in place in the coming weeks.
10. Management stated on a preliminary basis they are planning for growth in both sales and earnings in 2026, with sales growth planned higher than a typical year given price increases in response to tariffs.",-0.0003091190108191,0.0083270942474877,0.59545700378583,0.2472885032537961
ea_LINC_Q4_2025,LINC,2026Q1,2026-02-23 13:00:00,"1. Fourth quarter 2025 revenue grew 21.4% year-over-year to $142.9 million, driven by a 17% increase in average student population and a 3.7% increase in revenue per student.
2. Full year 2025 revenue grew 19.7% to $518.2 million, with adjusted EBITDA rising 60% to $67.1 million and adjusted net income increasing 64% to $28.4 million.
3. The company has grown student starts for 13 consecutive quarters, with Q4 2025 starts up 15.7% and full year starts up 15.2% to approximately 21,000, of which organic growth accounted for more than half.
4. Bad debt expense as a percentage of revenue declined to 10.9% from 13.1% in Q4, reflecting enhancements to the financial aid process and stronger collections.
5. 2026 guidance calls for revenue of $580-$590 million, adjusted EBITDA of $72-$76 million (approximately 30% growth), net income of $20-$23 million, student start growth of 8-13%, and capital expenditures of $70-$75 million.
6. The company ended 2025 with nearly $29 million in cash and approximately $90 million in total liquidity with no debt outstanding, and expects to finish 2026 again with no debt outstanding.
7. Year-end student population increased nearly 15% to 17,000 students, representing over 2,200 more students than the prior year, positioning the company for strong 2026 revenue.
8. Depreciation expense is projected to increase significantly to $33 million in 2026 from $20.8 million in 2025, reflecting $185 million in net capital expenditures over the past three years, which will weigh on net income growth relative to EBITDA growth.
9. Each new program replication is expected to generate on average approximately $1 million in incremental EBITDA within three years, with 12 program replications completed at existing campuses over the past two years.
10. The company operates at approximately 60% capacity utilization and expects EBITDA margins to continue expanding by 150 to 250 basis points per year as it drives higher campus density and operating leverage.",-0.0006668889629876,0.11289755748071,0.886610878661088,0.25617685305591675
ea_DOV_Q3_2025,DOV,2025Q4,2025-10-23 11:00:00,"1. Dover posted a record consolidated EBITDA margin of 26.1% in Q3, up 170 basis points year-over-year, with all 5 segments posting margin improvements.
2. The company raised full year adjusted EPS guidance from $9.35-$9.55 to $9.50-$9.60.
3. Q3 adjusted EPS was up 15% in the quarter and is up 17% year-to-date.
4. Q3 consolidated bookings were up 8% in total and 4% organically year-over-year.
5. Climate & Sustainability Technologies bookings grew 25% in Q3, signaling expected return to growth in Q4.
6. Dover expects to generate over $100 million in revenue this year from thermal connectors and heat exchangers serving data center liquid cooling applications.
7. Year-to-date free cash flow was $631 million or 11% of revenue, up $96 million over the prior year.
8. Industry-wide shipments of refrigerated door cases were at a 20-year low, causing approximately 1.5% to 2% of organic growth headwind for the full year.
9. Restructuring and productivity initiatives are projected to contribute $40 million in incremental carryover benefit in 2026 with additional benefits extending into 2027.
10. Secular growth end markets now represent roughly 20% of Dover's portfolio and are contributing meaningfully to margin expansion.",0.0007159477358152,0.0747850818970885,0.83126014061655,0.4311279826464208
ea_DPZ_Q4_2025,DPZ,2026Q1,2026-02-23 11:05:00,"1. Domino's U.S. same-store sales grew 3% for fiscal 2025, with Q4 same-store sales up 3.7%, while Q4 pricing was flat.
2. Income from operations increased 8.1% for fiscal 2025 (excluding $0.6 million negative foreign currency impact and $4 million in refranchising gains), and the company guides to approximately 8% operating income growth in 2026.
3. Estimated average U.S. franchisee store profitability grew to approximately $166,000 in 2025, up $4,000 over the prior year, with the average franchisee operating 9 stores for an enterprise profit approaching $1.5 million.
4. Domino's opened 172 net new U.S. stores in 2025 (closing only 7), bringing the U.S. system store count to 7,186, and guides to 175-plus net new U.S. stores in 2026.
5. International same-store sales grew 1.9% for fiscal 2025 (the 32nd consecutive year of international same-store sales growth), and would have been in line with the long-term algorithm of 3% excluding the DPE headwind.
6. The company expects international net store growth to accelerate to approximately 800 stores in 2026 (up from 604 in 2025), driven primarily by fewer DPE closures and continued growth in China and India.
7. Domino's Rewards loyalty program finished 2025 with 37.3 million active users, up almost 20% since the 2023 relaunch.
8. The U.S. carryout business reached approximately $4.4 billion in retail sales with a full-year comp of 5.6%, while the delivery comp was up 1% for the year.
9. Management announced a 15% increase in the quarterly dividend and repurchased approximately 189,000 shares for $80 million in Q4, with approximately $460 million remaining on the share repurchase authorization.
10. Russell Weiner stated he believes Domino's can double its U.S. retail sales to approximately $10 billion over time, citing that category leaders in other QSR segments hold 40%-50% market share versus Domino's current roughly 25%.",-7.80010920152889e-05,0.052147563933118,0.742259414225941,0.30082358040745555
ea_MAX_Q3_2025,MAX,2025Q4,2025-10-29 20:05:00,"1. Q3 transaction value was $589 million, up 30% year-over-year, driven by 41% year-over-year growth in the P&C vertical.
2. Q3 adjusted EBITDA was $29.1 million, an increase of 11% year-over-year, with 64% of contribution converting to adjusted EBITDA compared to 63% in the prior year.
3. Excluding under-65 Health, core business delivered transaction value and adjusted EBITDA growth of 38% and 31% year-over-year, respectively.
4. The company expects Q4 transaction value between $620 million and $645 million, representing a 27% year-over-year increase at the midpoint.
5. P&C transaction value is expected to grow approximately 45% year-over-year in Q4, while Health vertical transaction value is expected to decline approximately 45% year-over-year.
6. Q4 adjusted EBITDA is expected to be between $27.5 million and $29.5 million, including $8 million to $9 million of negative impact from year-over-year decline in under-65 contribution.
7. The company generated $23.6 million of free cash flow in Q3 and ended the quarter with a net debt to adjusted EBITDA ratio below 1x.
8. During Q3, the company repurchased approximately 5% of outstanding shares for $32.9 million and announced a new share repurchase authorization of up to $50 million.
9. A record 13 carriers spent more than $1 million per month in Q3, the greatest number in company history.
10. Q4 take rate is expected to be approximately 7%, with private marketplace transactions representing approximately 54% of total transaction value, up from 41% in Q4 of last year.",-0.0044964028776978,0.110569011256305,0.884802595997837,0.14126898047722342
ea_BEEP_Q3_2025,BEEP,2025Q4,2025-11-10 21:05:00,"1. Revenue was $9.1 million in Q3 2025 compared to $9.8 million in Q3 2024, primarily due to lower transient volumes from reduced hotel occupancy and fewer special events.
2. Contract parking volumes increased 1.4% sequentially and grew 8% year-to-date, while transient volumes declined approximately 5% year-over-year.
3. Residential monthly contracts increased approximately 75% year-over-year and are up nearly 60% since year-end.
4. Residential and commercial monthly parking now represent approximately 35% of trailing 12-month management agreement revenue.
5. Revenue Per Available Stall (RevPAS) was $212 in Q3 2025, down 7.1% from $228 in Q3 2024.
6. Net operating income (NOI) was $5.5 million in Q3 2025, down from $6.1 million in Q3 2024.
7. The company completed a $100 million ABS refinancing of 19 facilities with an investment-grade BBB rating, extending debt maturities to 2030 and refinancing $84.4 million of near-term debt.
8. Published Net Asset Value (NAV) is $7.25 per share, and the company has repurchased over 1 million shares at an average price of $3.36 per share.
9. The company expects to have sold or be in contract to sell approximately $30 million in noncore assets by year-end, with an NOI impact under $1 million at a sub-3 cap rate.
10. A recent appraisal on the Detroit Renaissance Center asset supports the belief that its value could increase by more than 50% when the redevelopment project is completed.",-0.018348623853211,-0.0055064498491766,0.524067063277447,0.06941431670281996
ea_CMTL_Q2_2026,CMTL,2026Q1,2026-03-16 20:05:00,"1. Comtech delivered its fourth consecutive quarter of positive operating cash flow and ended Q2 FY2026 with approximately $50 million of total liquidity.
2. Net bookings of $175 million in Q2 resulted in a book-to-bill ratio of 1.64x, increasing backlog to $732 million and maintaining revenue visibility at approximately $1.1 billion.
3. Consolidated net sales decreased from $127 million in Q2 FY2025 to $107 million in Q2 FY2026 due to deliberate phase-out of low-margin business and the U.S. government shutdown impact.
4. Gross profit percentage increased from 26.7% to 33.9% year-over-year, with gross profit rising from $33.7 million to $36.2 million.
5. Adjusted EBITDA increased over 200% year-over-year, from $2.9 million in Q2 FY2025 to $9.1 million in Q2 FY2026.
6. Allerium segment net sales grew 6.2% year-over-year to $56.2 million with operating income rising from $3.4 million to $5.5 million.
7. Allerium received over $107 million of incremental funding toward a multiyear contract extension valued in excess of $130 million from a leading U.S. telecommunications company.
8. Total outstanding borrowings under the credit facility were approximately $125 million and under the subordinated credit facility were $102.8 million, with the convertible preferred stock liquidation preference at $213.4 million.
9. The company repaid $10 million against the revolver loan during Q2, reducing the revolver balance to $7.6 million, with $19.6 million remaining available on the revolver.
10. The EDIM modem program, successor to Viasat's EBEM modem which sold tens of thousands of units over a 10-year period, is expected to begin production deliveries toward the tail end of FY2026.",0.0288659793814433,-0.24872997425966,0.0242677824267782,0.9540528825314261
ea_PIII_Q4_2025,PIII,2026Q1,2026-03-26 20:05:00,"1. P3 Health Partners is guiding to 2026 adjusted EBITDA at a midpoint of $10 million (range of negative $20 million to positive $40 million), representing approximately a $170 million improvement from the 2025 adjusted EBITDA loss of $161.3 million.
2. Approximately 75% ($125 million) of the $170 million improvement bridge comes from contracting and revenue-related actions already being realized in 2026 financials, with about 75% of the total $170 million run-rated as of January 2026.
3. The company announced a new partnership expanding into Nebraska with 29,000 new members under management, representing 25% in-year growth and adding roughly $27 million of revenue in 2026.
4. The Nebraska partnership includes a multiyear glidepath to full risk in 2028, which at current membership levels equates to more than $300 million in revenue upon moving to full risk.
5. Full year 2025 total revenue was $1.46 billion compared to $1.50 billion in 2024, while 2026 total revenue guidance is $1.5 billion to $1.7 billion.
6. On a normalized basis, full year 2025 adjusted EBITDA loss improved by $44 million year-over-year to negative $149.1 million from negative $193.0 million in 2024.
7. Full year capitated revenue PMPM increased 5% to $1,026 in 2025 from $981 in 2024, reflecting improved burden of illness documentation, strengthened contractual economics, and membership mix.
8. Full year 2025 operating expense was $101.8 million, a reduction of $10 million or 9% year-over-year from $111.8 million in 2024 due to structural cost actions.
9. The company ended 2025 with $25 million of cash on hand and expects 2026 at-risk membership in the range of 107,000 to 117,000, with total lives under management of approximately 140,000 including the new partnership.
10. P3 achieved 4-star quality status across 70% of its priority Medicare Advantage plans, which supports its value proposition with payer partners and future revenue through Stars-related contractual adjustments.",-0.177980449565546,0.0739793695098787,0.807531380753138,0.006718682271348071
ea_ALG_Q3_2025,ALG,2025Q4,2025-11-06 21:15:00,"1. Net sales for Q3 2025 were $420 million, up 4.7% year-over-year including organic growth of 3.4%.
2. Industrial Equipment division achieved a record quarter with net sales up 17% (14.5% organic), marking the seventh consecutive quarter of double-digit year-over-year sales growth.
3. Vegetation Management division net sales decreased 9% year-over-year due to weakness in tree care and agriculture end markets and production challenges from facility consolidations.
4. Gross margin declined 90 basis points to 24.2% primarily due to production inefficiencies from facility consolidations and tariff costs.
5. Production inefficiencies in the Vegetation Management division are expected to continue through Q4 and into Q1 before yielding expected benefits.
6. The company had $244.8 million in cash and $397 million available on its revolver facility as of September 30, 2025, with total debt of $209.4 million.
7. Net orders in the Vegetation Management division increased double digits year-over-year in Q3 2025 with a book-to-bill of 1, while Industrial Equipment had a book-to-bill of less than 1.
8. Management set long-term financial targets of 10%+ sales growth, approximately 15% adjusted operating income margins, 18-20% adjusted EBITDA margins, and 100% free cash flow conversion of net income.
9. Tariff costs are expected to represent a little less than 1% of sales in 2026, excluding any impact from recently announced tariffs on truck chassis.
10. Management expects Q4 sales to decline approximately 4-5% sequentially from Q3 due to seasonality, with a roughly 30% drop-through to gross profit.",-0.0016749451311077,-0.038457217035982,0.344510546241211,0.18709327548806942
ea_WSFS_Q3_2025,WSFS,2025Q4,2025-10-23 20:05:00,"1. Core EPS was $1.40 with core return on assets of 1.48% and core return on tangible common equity of 18.7%, all up versus the second quarter.
2. On a year-over-year basis, core net income increased 21%, core PPNR grew 6%, and core earnings per share increased 30%.
3. Net interest margin expanded 2 basis points to 3.91% quarter-over-quarter, with 4 basis points benefiting from an interest recovery on a previously nonperforming loan.
4. WSFS returned $56.3 million of capital during Q3, including buybacks of $46.8 million representing 1.5% of outstanding shares, with year-to-date repurchases totaling 5.8% of shares.
5. CET1 ratio stands at 14.39%, well above the medium-term operating target of 12%, with management intending to maintain elevated buybacks potentially at or above 100% of net income for 2-3 years.
6. Nonperforming assets declined by over 30% to 35 basis points, while delinquencies declined by 34%, with both metrics now at or below the lowest level in the past year.
7. The commercial pipeline increased to approximately $300 million across both C&I and commercial real estate.
8. Noninterest deposits grew 12% year-over-year and continue to represent over 30% of total client deposits.
9. The Wealth and Trust business grew 13% year-over-year, with institutional services up about 30% and BMT of Delaware up about 20% year-over-year.
10. Cash Connect profit margin improved from approximately 6% last year to over 10% this quarter, with each 25 basis point rate cut providing approximately $300,000 in pretax profitability benefit.",0.0026515151515151,-0.003990186600606,0.53650621957815,0.6523861171366594
ea_SNES_Q3_2025,SNES,2025Q4,2025-11-10 21:05:00,"1. Q3 2025 total revenue was $690,000, an increase of 43% year-over-year and up 10% sequentially.
2. E-commerce represented 54% of Q3 revenue, up 55% year-over-year, with Amazon showing double-digit monthly growth.
3. Evolve revenue increased 77% year-over-year and accounted for 85% of Q3 sales.
4. Gross margins remained strong at 63% for the quarter.
5. Operating expenses decreased 4% year-over-year and 12% sequentially, with over $100,000 in one-time legal expenses that masked further OpEx improvements.
6. Adjusted EBITDA loss was $1.2 million, the best (lowest loss) in company history.
7. Cash position at the end of September was more than $10 million, which management believes can bridge the company to profitability without additional equity offerings.
8. Brick-and-mortar retail sales increased 254% year-over-year, driven by expanded ACE Hardware coverage and orders from Bradley Caldwell.
9. Municipal revenue grew 139% year-over-year, driven by expanded deployments in New York City, Chicago, and Baltimore.
10. The company has 2.2 million short-term warrants outstanding at $5.25 per share, which if exercised would bring in more than $11.4 million.",0.0201149425287356,-0.0843448975977795,0.182260681449432,0.9362798264642083
ea_IART_Q3_2025,IART,2025Q4,2025-10-30 10:00:00,"1. Q3 2025 revenue was $402 million, representing 5% organic growth year-over-year but below the company's guidance range.
2. Q3 2025 adjusted EPS was $0.54, exceeding the top end of guidance and representing 32% growth compared to Q3 2024.
3. Full year 2025 revenue guidance was revised downward to $1.62 billion to $1.64 billion, with adjusted EPS guidance of $2.19 to $2.24.
4. Integra Skin manufacturing yields have improved by more than 50% since January, and inventory levels have increased by 2.5x.
5. The company expects its cost reduction program to yield $25 million to $30 million in savings in 2026.
6. PriMatrix and Durepair were relaunched in Q4 2025, almost a year ahead of previously expected timelines through a new dual sourcing strategy.
7. Neurosurgery revenues increased 13.3% in Q3, driven by strong performance of Certas Plus, DuraGen, CereLink and Mayfield Capital.
8. Q3 adjusted EBITDA margin was 19.5%, an increase of 330 basis points versus the prior year.
9. Net debt was $1.57 billion as of September 30, with a consolidated total leverage ratio of 4.3x and total liquidity of $550 million.
10. The company anticipates modest revenue growth in 2026 and expects full year 2025 gross margin to decline approximately 260 basis points, including 60 basis points from tariffs.",0.0071289695398574,-0.223859039303895,0.0324499729583559,0.8302603036876356
ea_AMPL_Q4_2025,AMPL,2026Q1,2026-02-18 21:05:00,"1. Q4 2025 revenue was $91.4 million, up 17% year-over-year, exceeding the high end of revenue guidance, while annual recurring revenue reached $366 million, up 17% year-over-year and $18 million sequentially—the highest net new ARR quarter since 2021.
2. Customers with more than $100,000 in ARR grew to 698 (up 18% YoY and up 45 sequentially, the largest sequential increase in company history), while $1 million-plus ARR customers grew to 56, up 33% year-over-year.
3. Dollar-based net retention improved to above 105%, up from 100% exiting 2024, led by cross-sell expansions with 74% of ARR now from customers with more than one product, up 15 percentage points year-over-year.
4. Total RPO grew 35% year-over-year in Q4, with average contract duration now above 22 months, reflecting the company's shift toward longer-term enterprise contracts.
5. Full year 2025 free cash flow reached a record of nearly $24 million (7% margin), and the Board approved an additional $100 million share buyback reserve given balance sheet strength.
6. Full year 2026 revenue guidance is $390 million to $398 million (15% growth at midpoint), with non-GAAP operating income expected between $7 million and $13 million.
7. The Agentic analytics platform achieved a 76% success rate on complex production-grade queries, described as 7x better than a straight text-to-SQL approach, and AI agent-triggered queries grew from nearly zero in October to 25% of total queries.
8. Over 25 AI-native companies are now customers with over $100,000 in ARR, and one of the world's largest frontier AI labs is a 7-figure customer.
9. Nearly 20% of new ARR booked in Q4 was already using the company's new simplified pricing and packaging model in a pilot stage, which centralizes product monetization as a percentage uplift on core event-based platform charges.
10. Full platform deployments of 5-plus products now represent 20% of ARR, doubling year-over-year, while only 51% of ARR comes from customers with greater than 3 products, indicating significant remaining cross-sell opportunity.",0.0097493036211699,-0.0008966625032873,0.513389121338912,0.8838318162115302
ea_TKO_Q4_2025,TKO,2026Q1,2026-02-25 21:05:00,"1. TKO generated full year 2025 revenue of $4.735 billion and adjusted EBITDA of $1.585 billion, both exceeding the upper end of revised guidance, with adjusted EBITDA margin of 33.5%.
2. For full year 2026, TKO is targeting revenue of $5.675 billion to $5.775 billion and adjusted EBITDA of $2.24 billion to $2.29 billion, representing approximately 21% revenue growth, 43% EBITDA growth, and roughly 600 basis points of margin expansion to 39.6% at the midpoint.
3. TKO has secured more than $15 billion of long-term media rights agreements across UFC, WWE, PBR, and Zuffa Boxing, including UFC's $7.7 billion deal with Paramount and WWE's $1.6 billion deal with ESPN.
4. WWE's adjusted EBITDA margin exceeded 50% for the first time in 2025, up from less than 40% just a few years ago.
5. TKO expects to realize over $300 million in aggregate value from financial incentive packages (FIPs) in 2026, roughly double the level when TKO was formed in 2023, with a normalized run-rate of approximately $240 million and a 2030 target range of $380 million to $420 million.
6. TKO announced its intent to repurchase up to an additional $1 billion of Class A common stock, having already retired approximately $900 million under its $2 billion authorization, and doubled its quarterly cash dividend to approximately $150 million per quarter.
7. The UFC White House event on June 14 is expected to cost upwards of $60 million, with sellable inventory around the weekend of events expected to offset approximately half that cost.
8. TKO's 2026 outlook includes approximately $75 million of adjusted EBITDA contribution from the FIFA 2026 World Cup and approximately $170 million of revenue from the Milano Cortina Olympics, though LA28 pre-spend will be a drag on On Location adjusted EBITDA.
9. TKO raised its 2030 global partnerships revenue target from $1 billion to $1.2 billion, after exceeding well over $450 million in 2025 partnerships revenue.
10. Year-end 2025 net leverage was 1.9x based on net debt of $2.952 billion and adjusted EBITDA of $1.585 billion, and TKO generated $1.159 billion of free cash flow with 73% conversion of adjusted EBITDA.",-0.0012065054775348,0.0840320409396874,0.834728033472803,0.23233636757693976
ea_NXST_Q4_2025,NXST,2026Q1,2026-02-26 12:00:00,"1. Nexstar provided stand-alone pre-TEGNA full year 2026 adjusted EBITDA guidance of $1.95 billion to $2.05 billion.
2. Q4 2025 net revenue was $1.29 billion, a decline of 13.4% year-over-year, primarily due to a $233 million year-over-year decrease in political advertising.
3. The CW improved its cash flow by 32% in 2025 and is expected to achieve profitability by the fourth quarter of 2026, with losses projected to decline another 30% year-over-year.
4. Nexstar expects to close the TEGNA acquisition by the end of Q2 2026, with HSR filings and FCC license transfer applications submitted and all regulatory inquiries responded to.
5. Distribution revenue grew 0.8% year-over-year to $720 million in Q4, and the company projects low single-digit gross and mid-single-digit net distribution revenue growth for full year 2026.
6. Q4 nonpolitical advertising was up 4.5%, significantly better than the previously guided expectation of a low single-digit decrease.
7. Nexstar expects digital revenue to surpass national advertising revenue in 2026, with digital revenue growing high single digits in 2025 and double digits in the local business despite AI search headwinds.
8. AdImpact projects approximately $10.8 billion in total political advertising for the 2025-2026 midterm cycle, with Nexstar expecting to capture a low double-digit share of the approximately $5.28 billion allocated to broadcast.
9. Total net leverage stood at 3.09x at quarter end with $6.3 billion in outstanding debt and $280 million in cash, well below the first lien covenant of 4.25x.
10. Nexstar returned $351 million or 42% of adjusted free cash flow to shareholders in 2025 through $226 million in dividends and $125 million in share repurchases, reducing shares outstanding by 1% to 30.3 million.",0.0137610733637224,0.0624906457357156,0.777405857740586,0.9137407889033377
ea_PESI_Q3_2025,PESI,2025Q4,2025-11-10 12:00:00,"1. Revenue increased to $17.5 million in Q3 2025 compared to $16.8 million in Q3 2024, a 4% year-over-year increase.
2. Gross profit more than doubled to $2.6 million (14.6% margin) from $1.3 million (7.9% margin) in the prior year period.
3. Treatment segment revenue increased 45% year-over-year to $13.1 million, with segment gross margin improving to 17.3% from 4.5%.
4. Treatment backlog ended the quarter at $15.4 million, up from $7.9 million a year ago, nearly doubling year-over-year.
5. The company expects DFLAW at Hanford to generate $1 million to $2 million in revenue per month beginning in early Q1 2026.
6. PFAS backlog includes 20,000 gallons under contract with anticipated commitments for another 25,000 gallons expected before year-end.
7. Services segment revenue declined to $4.3 million from $7.7 million in Q3 2024 due to DOE and DoD project delays.
8. The company ended the quarter with $16.4 million in cash, $18.4 million in working capital, and total debt of approximately $1.9 million.
9. EBITDA loss improved to $1.5 million from a $2.1 million loss in the prior year quarter, an improvement of approximately $600,000.
10. The second-generation PFAS unit near Oak Ridge is expected to commission in Q1 2026 with capacity of 1,000 gallons per shift, scalable to 2,000 gallons per shift.",0.0015540015540015,0.147760789403978,0.928610059491617,0.5501626898047722
ea_ITW_Q4_2025,ITW,2026Q1,2026-02-03 13:00:00,"1. Q4 2025 GAAP EPS increased 7% year-over-year to $2.72, with organic growth of 1.3% marking the best quarterly performance of the year.
2. Q4 sequential revenue growth of 4% from Q3 significantly outperformed the company's historical sequential average of 2%.
3. Q4 operating margin reached a record 26.5%, with enterprise initiatives contributing 140 basis points and segment operating margins expanding 120 basis points to 27.7%.
4. Full year 2026 EPS guidance midpoint of $11.20 represents 7% growth, with operating margin expected to improve approximately 100 basis points to a range of 26.5% to 27.5%.
5. CBI (customer-backed innovation) contribution reached 2.4% in 2025, a 40 basis point improvement year-over-year, with patent filings increasing 9% following an 18% increase in 2024.
6. The company invested close to $800 million in high-return internal projects in 2025 and returned $3.3 billion to shareholders, with $1.5 billion in share repurchases planned for 2026.
7. Automotive OEM segment full year margins improved 150 basis points to 21.1%, with China auto OEM growing 12% for the full year and expected mid- to high single-digit growth in 2026.
8. Semi-related businesses within Test & Measurement were up mid-single digits in Q4, with management noting this appears sustainable and general industrial orders also improving.
9. Three segments now operate above 30% margins, with Welding reaching 33.3% operating margin (up 210 basis points) in Q4.
10. Incremental margins are expected in the mid- to high 40s for 2026, above the historical 35% to 40% range, driven by portfolio quality improvements from years of product line simplification and accelerating CBI contributions.",0.0001513947238938,0.0633168415729277,0.779497907949791,0.37104464672735155
ea_RRGB_Q3_2025,RRGB,2025Q4,2025-11-10 21:05:00,"1. Total revenues were $265.1 million in Q3 2025 versus $274.6 million in Q3 2024.
2. Comparable restaurant revenue declined 1.2%, including a 1.7% menu price increase offset by a 3% decline in guest traffic.
3. Guest traffic trends improved approximately 250 basis points sequentially from Q2 to Q3, with the run rate improving from approximately negative 7% entering Q3 to approximately negative 1.4% exiting the quarter.
4. Restaurant level operating profit was 9.9% of restaurant revenue, an increase of 90 basis points year-over-year, driven almost entirely by labor efficiency improvements.
5. The Big Yummm burger deal is mixing at approximately 8% of total sales.
6. Off-premise business represented approximately 25% of sales in Q3 and delivered traffic growth of 2.9%.
7. Adjusted EBITDA was $7.6 million in Q3 2025, an increase of $3.4 million versus Q3 2024, with full-year guidance raised to at least $65 million from $60-65 million previously.
8. The company extended its credit agreement maturity to September 2027 from March 2027 at a cost of 50 basis points and established an at-the-market program allowing up to $40 million in equity sales.
9. The company completed refreshes in 20 restaurants during Q3 at approximately $40,000 per refresh and is already seeing measurable improvements in sales and traffic at those locations.
10. Q4 guidance expects both comparable restaurant sales and traffic to decline approximately 3%, attributed to intentional marketing spend timing shifts and consumer impact of the government shutdown.",0.0170212765957446,-0.066278133107684,0.229313142239048,0.920824295010846
ea_CEVA_Q3_2025,CEVA,2025Q4,2025-11-10 12:00:00,"1. Q3 2025 revenue was $28.4 million, up 4% year-over-year and 11% sequentially, exceeding company expectations.
2. AI processor licensing contributed roughly one-third of licensing revenue in both Q2 and Q3 2025, marking the first time AI has had such a significant impact on the licensing mix.
3. Microchip, a leading microcontroller and connectivity provider, adopted CEVA's full NeuPro NPU portfolio for its future roadmap in a multiyear deal.
4. Royalty revenue grew 6% year-over-year and 16% sequentially to $12.4 million, with 5G RAN infrastructure revenues up 91% compared to last year.
5. Wi-Fi shipments reached an all-time high of 82 million units, up 73% year-over-year, while Wi-Fi 6 shipments set a new record with 194% year-over-year growth.
6. Cellular IoT shipments hit an all-time record of 69 million units, up 41% year-over-year.
7. Total shipped units by CEVA's licensees were 559 million, up 19% sequentially and 11% year-over-year, with a record 510 million units for IoT.
8. Non-GAAP EPS was $0.11, beating Street estimates by $0.01, with non-GAAP operating margin reaching 11% of revenue.
9. Q4 2025 revenue guidance is $29 million to $33 million, with the company maintaining full year revenue guidance aligned with Street estimates.
10. Cash, cash equivalents, marketable securities and bank deposits totaled approximately $152 million as of September 30, 2025.",0.0030581039755351,-0.0203663179433132,0.431584640346133,0.6832971800433839
ea_NVRI_Q4_2025,NVRI,2026Q1,2026-02-24 12:00:00,"1. Full year 2025 revenues were $2.2 billion, with Clean Earth achieving 4% growth through a mix of price increases and volume growth, offset by lower revenues at Harsco Environmental and Rail.
2. Full year 2025 adjusted EBITDA totaled $275 million, with Clean Earth realizing record earnings and margins.
3. Rail's ETO contracts contributed an EBITDA loss of approximately $20 million and consumed roughly $40 million of cash during 2025.
4. Adjusted free cash flow for full year 2025 was negative $15 million, with Harsco Environmental and Clean Earth generating more than $160 million of free cash flow, offset by over $100 million in interest burden and Rail's negative cash flow of more than $50 million.
5. The company recorded $24 million of additional estimated costs to complete ETO projects with SBB and Deutsche Bahn in Q4 2025 unusual items.
6. Harsco Environmental Q4 revenues totaled $257 million (up 7% year-over-year) with adjusted EBITDA of $48 million, translating to a margin of nearly 19%, its highest quarterly adjusted EBITDA for the year.
7. For 2026, Harsco Environmental adjusted EBITDA is expected to be $170 million to $180 million, while Rail is expected to post an EBITDA loss of $19 million to $26 million, translating to pro forma New Enviri EBITDA of approximately $140 million.
8. The cash payout range to shareholders from the Clean Earth sale remains at $14.50 to $16.50, with management noting New Enviri may need to retain more cash for Rail's ETO contracts than previously hoped.
9. Rail's SG&A and overhead costs to support ETO contracts are in the $15 million to $18 million range, and even excluding those, the base Rail business is projected to operate at a loss in 2026 due to historically weak demand.
10. The HSR waiting period for the Clean Earth sale is scheduled to expire on March 9, with Form 10 and proxy filings expected later in March, targeting a midyear close of the transaction.",0.0020931449502878,-0.0699211101593895,0.239748953974895,0.647594278283485
ea_PINS_Q4_2025,PINS,2026Q1,2026-02-12 21:06:00,"1. Pinterest ended Q4 2025 with 619 million global MAUs, up 12% year-over-year, marking the 10th consecutive quarter of record high users.
2. Q4 2025 global revenue was $1.319 billion, up 14% year-over-year (13% on a constant currency basis), with UCAN revenue of $979 million growing 9% and Europe revenue of $245 million growing 25% (18% constant currency).
3. Full year 2025 free cash flow increased 33% to $1.25 billion, representing 99% free cash flow conversion relative to 2025 adjusted EBITDA of $1.27 billion.
4. Q1 2026 revenue guidance is $951 million to $971 million (11% to 14% growth), with adjusted EBITDA expected between $166 million and $186 million.
5. Pinterest expects full year 2026 adjusted EBITDA margin of approximately 29% (including ~100 basis point drag from the tvScientific acquisition), roughly in line with the standalone 2025 margin of approximately 30%.
6. A January 2026 restructuring is anticipated to generate approximately $100 million in annualized non-GAAP OpEx savings, with roughly half to be reinvested in sales transformation and AI talent.
7. Pinterest now sees over 80 billion monthly searches on its platform, generating 1.7 billion monthly outbound clicks, with more than half of searches being commercial in nature.
8. Managed SMB advertisers represent approximately 15% of Pinterest revenue today and nearly doubled their growth rate in 2025 versus 2024, with Performance+ adopters showing 12% higher monthly revenue growth versus non-adopters.
9. The company repurchased $927 million in shares during full year 2025 (30 million shares), driving an approximately 1.6% decline in year-over-year fully diluted share count, exceeding its stated 2-3% dilution mitigation target.
10. Pinterest's Navigator One model framework delivers approximately 90% cost reduction versus leading third-party proprietary models, while its new customer acquisition feature in Performance+ increased new customer conversions by an average of 64% in initial testing.",0.005933117583603,-0.17018949486112,0.0661087866108787,0.823146944083225
ea_GDYN_Q3_2025,GDYN,2025Q4,2025-10-30 20:05:00,"1. Q3 2025 revenue reached an all-time high of $104.2 million, representing 19.1% year-over-year growth.
2. AI contributed over 25% of Q3 organic revenue and grew 10% sequentially.
3. The Board authorized a $50 million share repurchase program, representing approximately 15% of the company's cash.
4. Partnership influence revenue exceeded 18% of Q3 total revenue.
5. The company added 5x more billable engineers in Q3 than in Q2, with similar additions expected in Q4.
6. Management expects to improve margins by at least 300 basis points over the next 12 months through efficiency improvements, higher-margin geographies, enhanced AI pricing, and rebalancing lower-margin business.
7. Q4 2025 revenue guidance is $105 million to $107 million, with full-year 2025 revenue expected to be $410.7 million to $412.7 million, representing 17.1% to 17.7% year-over-year growth.
8. Cash and cash equivalents totaled $338.6 million as of September 30, 2025.
9. The Finance vertical grew 81% year-over-year, driven by increased demand from fintech customers and contributions from 2024 acquisitions.
10. Non-GAAP EBITDA was $12.7 million or 12.2% of revenues, with FX headwinds negatively impacting EBITDA by approximately $1.3 million year-over-year.",0.0039473684210526,0.224936353095382,0.969172525689562,0.7272234273318872
ea_AESI_Q4_2025,AESI,2026Q1,2026-02-23 21:15:00,"1. Atlas generated $36.7 million of adjusted EBITDA on $249 million of revenue in Q4 2025, representing a 15% adjusted EBITDA margin, while full year 2025 adjusted EBITDA was $221.7 million on $1.1 billion of revenue at a 20% margin.
2. Q1 2026 sales volumes are expected to be up approximately 10% sequentially, but the average sand sales price is expected to decline from $19.85 per ton in Q4 to approximately $18 per ton in Q1.
3. The Dune Express achieved record Q4 shipments of approximately 2.1 million tons, including a monthly record of 760,000 tons in November, and has eliminated more than 21 million miles of truck traffic in its first year of commercial operation.
4. A severe winter storm in late January caused approximately 4 days of lost production and deliveries, expected to negatively impact Q1 EBITDA by approximately $6 million.
5. Atlas expects Q1 2026 EBITDA to be approximately flat with Q4 levels, with the company exiting the quarter at a higher run rate in March versus January.
6. The company is targeting more than 500 megawatts of power generation deployed across its fleet in 2027, with 240 megawatts of equipment on order for delivery starting in the second half of 2026 and energization targeted for Q1 2027.
7. Atlas secured a $375 million lease facility with Eldridge, with approximately $190 million in progress payments expected over the second half of 2026 to finance the 240 megawatts of power equipment on order.
8. For behind-the-meter power projects, Atlas is targeting unlevered IRRs in the high teens on contracts typically spanning 5 to 15 years, with the $300,000 per megawatt per year EBITDA metric described as a reasonable proxy for equipment-only but too simple for full bespoke facilities.
9. Cash capital spending in 2026 is expected to be approximately $55 million (down significantly year-over-year), comprising $45 million in maintenance CapEx and $10 million in growth CapEx, heavily weighted to the first half.
10. The company has executed on its $20 million annualized cost savings target through elimination of third-party last mile equipment, rental equipment reductions, headcount optimization, and procurement savings, and expects variable costs to further decline by approximately $1 per ton across the complex once new Twinkle dredges are commissioned in Q2.",0.0018181818181818,-0.0654460613986265,0.255230125523013,0.6263545730385782
ea_SEZL_Q3_2025,SEZL,2025Q4,2025-11-05 21:00:00,"1. Q3 2025 total revenue increased 67% year-over-year to $116.8 million.
2. Q3 2025 GMV increased 58.7% year-over-year, marking Sezzle's first $1 billion quarter.
3. GAAP net income grew 72.7% year-over-year to $26.7 million with a 22.8% profit margin.
4. Return on equity for the last 12 months exceeded 100%.
5. Monthly On-demand & Subscribers (MODS) rose almost 50% year-over-year, with subscribers increasing to 568,000 at Q3 end from 484,000 at Q2 end.
6. Take rate increased 60 basis points both sequentially and year-over-year to 11.2% of GMV.
7. The company raised 2025 adjusted EBITDA guidance from $170-175 million to $175-180 million and GAAP EPS guidance to $3.52.
8. Sezzle provided initial 2026 adjusted EPS guidance of $4.35, representing 29% growth over 2025 adjusted EPS.
9. The company exercised its $75 million accordion to increase its credit facility from $150 million to $225 million.
10. Provision for credit losses as a percentage of GMV was 3.1% in Q3, with full-year 2025 provision expected between 2.5% and 2.75%.",0.0009056603773584,-0.113303329806971,0.124391563007031,0.45932754880694143
ea_UCB_Q4_2025,UCB,2026Q1,2026-01-14 12:30:00,"1. Full-year operating earnings per share grew 18% from $2.30 to $2.71, with Q4 operating EPS of $0.71 representing a 13% year-over-year improvement.
2. Net interest margin increased 4 basis points to 3.62% in Q4, and management expects NIM to rise an additional 2 to 4 basis points in Q1 2026.
3. The company repurchased 1 million shares in Q4 at an average price below $30 per share, and management indicated intent to be more assertive on buybacks in 2026.
4. Cost of deposits improved 21 basis points to 1.76%, with cumulative total deposit beta moving to 40% from 37% in the prior quarter.
5. Approximately $1.4 billion of assets will pay down in 2026 at the 4.90% range, while new fixed rate loans are being originated at 6.45%.
6. Q4 loan growth was 4.4% annualized, with $6 billion of fixed rate loans currently yielding 5.19% and repricing upward approximately 6 to 8 basis points per quarter.
7. Net charge-offs were 34 basis points in Q4, but management expects 2026 bank-level charge-offs to fall in the 20 to 25 basis point range.
8. The CET1 ratio remained strong at 13.4%, and tangible common equity increased 21 basis points to 9.92%.
9. Management is targeting expense growth of 3% to 3.5% in 2026, with Q1 expenses expected to be flat versus Q4 despite FICA restart seasonality.
10. Navitas equipment finance reached 9.5% of total loans with 18% annualized growth before loan sales, and management expects to sell more Navitas loans in 2026 to keep the portfolio at 10% or under.",-0.000307881773399,0.0319314786872499,0.661506276150628,0.2808842652795839
ea_KRUS_Q4_2025,KRUS,2025Q4,2025-11-06 21:05:00,"1. Total sales for fiscal Q4 2025 were $79.4 million with comparable sales growth of 0.2%, driven by traffic growth of 0.5% partially offset by negative price and mix of 0.3%.
2. Kura Sushi opened a record 15 new restaurants in fiscal 2025 and delivered annual adjusted EBITDA growth of over 30%.
3. Tariffs negatively impacted cost of goods sold by approximately 70 basis points in Q4, and management expects COGS for fiscal 2026 to be around 30%.
4. The company secured commercial use certification for its robotic dishwasher and now expects to retrofit approximately 50 of its existing 82 restaurants, up from an initial estimate of only 5 to 10 eligible locations.
5. Restaurants receiving the robotic dishwasher retrofit are expected to see labor improvements of approximately 50 basis points.
6. For fiscal 2026, management guided total sales of $330 million to $334 million, 16 new unit openings (maintaining >20% annual unit growth), and restaurant-level operating profit margins of approximately 18%.
7. The company ended fiscal Q4 with $92 million in cash, cash equivalents and investments and no debt.
8. Management expects Q1 fiscal 2026 comparable sales to be negative mid-single digits due to lapping a positive 2% comp from the prior year versus Q4's easier negative 3% comparison.
9. A 3.5% menu price increase was taken on November 1, which will result in effective pricing of 4.5% for Q1 after lapping prior year increases.
10. General and administrative expenses as a percentage of sales improved 300 basis points year-over-year from 16.4% to 13.3% for the full fiscal year.",0.0010962908825141,-0.115286667484244,0.121146565711195,0.4880694143167028
ea_ALRS_Q3_2025,ALRS,2025Q4,2025-10-30 20:30:00,"1. Net interest income reached a new high of $43.1 million in Q3 2025, with net interest margin stable at 3.50%.
2. Fee income remains over 40% of total revenues, more than double the industry average for banks.
3. Year-to-date net charge-off ratio was 8 basis points, well below the company's long-term historical average of 27 basis points.
4. Nonperforming assets to total assets increased 15 basis points quarter-over-quarter to 1.13%, with two loans comprising nearly 75% of total nonperformers.
5. The company expects 2026 net interest margin of 3.35% to 3.45%, with only 18 basis points of purchase accounting accretion compared to approximately 40 basis points in 2025.
6. For every 25 basis point cut in the Fed funds rate, the company expects net interest margin to improve by approximately 5 basis points.
7. Tangible common equity ratio improved to 8.24%, and tangible book value grew nearly 5% during the quarter.
8. Loans grew 1.4% and deposits grew 1.7% quarter-over-quarter, with loan-to-deposit ratio stable at 93%.
9. HSA deposits grew almost 2% to over $202 million, carrying a cost of only approximately 10 basis points.
10. The company expects 2025 adjusted ROA to exceed 1.15% and 2026 ROA to exceed 1.10%, with low to mid-single-digit growth in adjusted pre-provision net revenue from the expected $85-86 million in 2025.",0.0033003300330033,-0.0082542967966747,0.505678745267712,0.6995661605206074
ea_CAT_Q3_2025,CAT,2025Q4,2025-10-29 10:30:00,"1. Sales and revenues increased 10% to $17.6 billion, an all-time record for a single quarter.
2. Backlog grew by approximately $2.4 billion sequentially to $39.8 billion, also an all-time record, and has increased 39% since Q3 2024.
3. ME&T free cash flow was approximately $3.2 billion in Q3, about $500 million higher than the prior year.
4. The net impact of incremental tariffs was near the top end of the estimated $500 million to $600 million range for Q3, with full year 2025 expected to be between $1.6 billion and $1.75 billion.
5. Energy & Transportation sales to users increased 25% year-over-year, with power generation up 33% primarily due to demand for reciprocating engines for data center applications.
6. Adjusted profit per share was $4.95 compared to $5.17 in Q3 2024, with adjusted operating profit margin of 17.5%, down 250 basis points year-over-year.
7. The global annual effective tax rate increased to 24% from prior expectation of 23%, having an unfavorable impact on Q3 performance of approximately $0.18 per share.
8. Cat Financial past dues were 1.47% in the quarter, down 27 basis points versus the prior year and the lowest third quarter in over 25 years.
9. The company expects Q4 net incremental tariff impact of approximately $650 million to $800 million, with about 55% incurred in Construction Industries.
10. Full year 2025 sales and revenues are now expected to show modest growth versus 2024, an improvement from prior expectations, with ME&T free cash flow expected above the midpoint of the $5 billion to $10 billion target range.",0.0008198753026865,0.117056189736946,0.895078420767983,0.4495661605206074
ea_RMNI_Q3_2025,RMNI,2025Q4,2025-10-30 20:01:00,"1. Q3 2025 revenue was $103.4 million, a year-over-year decrease of 1.2%, but excluding PeopleSoft revenue, revenue increased 2.5% versus the previous year.
2. The company closed 17 new client sales transactions with total contract value over $1 million each for an aggregate TCV of $63.1 million, compared to 19 transactions for $48.7 million in the prior year quarter.
3. Remaining performance obligation (RPO) reached a record $611.2 million, up 6.4% year-over-year, and up 9.3% when excluding PeopleSoft-associated backlog.
4. Annualized recurring revenue was $391 million, a year-over-year decrease of 2.6%, with revenue retention rate for service subscriptions at 89%.
5. Net income attributable to shareholders was $2.8 million or $0.03 per diluted share, compared to a net loss of $0.47 per diluted share in the prior year third quarter.
6. Billings for Q3 were $66.5 million, up 2% year-over-year, while adjusted billings excluding PeopleSoft were $63.9 million, an increase of 6.7% year-over-year.
7. The company had 82 quota-carrying sellers globally at quarter end compared to 73 during the prior year third quarter.
8. The company surpassed more than 100 VMware support contracts signed to date and closed more than two dozen client engagements around its new agentic AI ERP solution powered by ServiceNow.
9. PeopleSoft revenue decreased to approximately 5% of revenue for Q3 2025 compared to approximately 8% for the prior year third quarter, with PeopleSoft billings declining to $2.5 million from $5.3 million year-over-year.
10. Operating cash flow was positively impacted by litigation settlement proceeds of $37.9 million received during the quarter, and the company ended Q3 with cash and short-term investments of $108.7 million.",-0.0021551724137931,-0.146252394636015,0.0832882639264467,0.17733188720173534
ea_PGEN_Q3_2025,PGEN,2025Q4,2025-11-13 21:00:00,"1. PAPZIMEOS achieved a 51% complete response rate with 15 of 18 complete responders remaining surgery-free at a median duration of 3 years without additional treatment.
2. The company had $123.6 million in cash, cash equivalents, and investments at September 30, 2025, following the drawdown of the first tranche of their credit facility.
3. Management expects cash breakeven by the end of 2026, funded by current cash balance plus projected PAPZIMEOS revenues.
4. A full sales team of 18 key account managers was hired, onboarded, and deployed in September 2025 following the mid-August approval.
5. The field team has engaged with 90% of target institutions, which cover a significant portion of the estimated 27,000 adult patients with RRP in the U.S.
6. Over 100 patients have registered in Precigen's patient services hub, with a significantly larger number being processed through institutions' own patient services teams.
7. Payer coverage now exceeds 80 million lives, including Medicare and Medicaid coverage.
8. SG&A costs increased by approximately $14 million in Q3 2025 versus Q3 2024, primarily driven by PAPZIMEOS commercialization spending.
9. Non-cash accounting items (warrant liability change and preferred share conversion deemed dividend) accounted for $0.95 of the $1.06 per share quarterly loss and are not expected to recur.
10. The company anticipates gross-to-net revenue adjustments in the high teens to low 20% range, consistent with industry peers.",-0.177980449565546,0.256628240422926,0.981070849107626,0.00596529284164859
ea_MLM_Q3_2025,MLM,2025Q4,2025-11-04 11:55:00,"1. Martin Marietta achieved record quarterly aggregates revenues of $1.5 billion, a 17% increase year-over-year, with gross profit up 21% to $531 million and gross margin expanding 142 basis points to 36%.
2. The company raised full year 2025 consolidated adjusted EBITDA guidance to $2.32 billion at the midpoint, driven by strong aggregates performance and October daily shipment trends.
3. Aggregates pricing increased 8% (7.9% organic) while volume grew 8% (5.5% organic) in Q3, reflecting balanced growth across both metrics.
4. The Specialties business delivered all-time quarterly record revenues of $131 million, a 60% increase, with gross profit up 20% to $34 million.
5. Management expects approximately 30% reduction in 2026 capital investments compared to the 2025 guidance midpoint, returning to normalized levels of roughly 25% of EBITDA.
6. The preliminary 2026 outlook reflects low single-digit aggregates volume growth and mid-single-digit pricing gains, with expected price/cost spread in excess of 250 basis points.
7. State DOT budgets for Martin Marietta's top 10 states are up 6-7% year-over-year heading into 2026, with Texas up double digits and Minnesota up double digits.
8. Over 50% of Infrastructure Investment and Jobs Act highway and bridge funding is still to be invested, with state and local highway contract awards reaching $128 billion for the 12 months ended September 30, 2025, a 10% year-over-year increase.
9. The company has $1.1 billion in total liquidity as of September 30, 2025, and has returned $3.9 billion to shareholders through dividends and share repurchases since 2015.
10. The QUIKRETE asset exchange is expected to close in Q4 2025, with Martin Marietta receiving aggregate operations producing approximately 20 million tons annually in Virginia, Missouri, Kansas, and Vancouver.",-0.0011464556757629,0.0217142988486203,0.657111952406706,0.19956616052060738
ea_TRGP_Q3_2025,TRGP,2025Q4,2025-11-05 11:00:00,"1. Targa reported record Q3 2025 adjusted EBITDA of $1.275 billion, a 19% increase year-over-year and 10% increase sequentially.
2. The company now expects full year 2025 adjusted EBITDA to be around the top end of the $4.65 billion to $4.85 billion guidance range.
3. Permian natural gas inlet volumes averaged a record 6.6 billion cubic feet per day in Q3, up 11% year-over-year, with at least 10% Permian volume growth expected for full year 2025.
4. Management expects 2026 to deliver another year of strong low double-digit Permian volume growth based on current visibility.
5. Targa intends to recommend a 25% increase to the annual common dividend to $5 per share, effective for Q1 2026 and payable in May 2026.
6. Year-to-date share repurchases totaled $642 million, including purchases made subsequent to the end of Q3.
7. Net growth capital spending for 2025 is estimated at approximately $3.3 billion with net maintenance capital of $250 million.
8. The company had $2.3 billion of available liquidity at quarter-end with a pro forma consolidated leverage ratio of approximately 3.6x.
9. NGL pipeline transportation volumes averaged a record 1.02 million barrels per day while fractionation volumes averaged a record 1.13 million barrels per day in Q3.
10. The Speedway NGL pipeline with initial capacity of 500,000 barrels per day and LPG export expansion to approximately 19 million barrels per month are both on track for Q3 2027 completion.",-0.0001940868215048,0.0482523724189618,0.762574364521363,0.25704989154013014
ea_BETR_Q3_2025,BETR,2025Q4,2025-11-13 12:00:00,"1. Q3 2025 revenue grew 51% year-over-year to approximately $44 million while total expenses remained flat, demonstrating the company's ability to scale revenue at lower marginal costs.
2. Adjusted EBITDA loss improved to approximately $25 million in Q3 2025, down from $27 million last quarter and $39 million one year ago.
3. The company is pacing to fund $500 million in monthly volume from partnerships and expects this to double to at least $1 billion per month in funded loan volume within the next 6 months.
4. Management targets reaching breakeven adjusted EBITDA by the end of Q3 2026.
5. The home equity business grew from approximately $100 million quarterly origination volume in Q3 2023 to approximately $1 billion-plus quarterly run rate in Q3 2025.
6. Lead-to-lock conversion rate increased approximately 84% from 3.3% to 6.1% since launching the Betsy AI platform.
7. Net contribution margin per funded loan increased 64% quarter-over-quarter to $1,772 from $1,064, with revenue per fund at $8,300, labor cost to fund at $2,500, and CAC per fund at $3,200.
8. The Tinman AI platform channel grew from zero revenue nine months ago to approximately 40% of total revenue.
9. The company announced a partnership with a top 5 U.S. personal financial services platform serving over 50 million customers, which will offer home financing products using Better's white-label Tinman platform.
10. The company expects over $600 million of Tinman AI platform originations in Q4 2025, representing growth of over 24% versus Q3.",-0.011156186612576,-0.0118650829551754,0.487290427257977,0.09707158351409978
ea_UPBD_Q3_2025,UPBD,2025Q4,2025-10-30 11:00:00,"1. Q3 2025 revenue increased 9% year-over-year to $1.16 billion, while adjusted EBITDA grew 5.7% year-over-year to $123.6 million.
2. Acima delivered its eighth consecutive quarter of GMV growth at 11% year-over-year, but Q4 GMV growth is expected to slow to mid-single digits due to underwriting tightening.
3. Brigit achieved 40% year-over-year revenue growth and 27% subscriber growth, reaching more than 1.4 million paid subscribers with ARPU of $13.74 monthly (up 11.4% YoY).
4. Acima's lease charge-off rate increased to 9.7% in Q3 (vs. 9.2% a year ago), finishing 20 basis points above the company's target range of 9.5%, with expectations to peak around 10% in Q4.
5. Rent-A-Center same-store sales improved 40 basis points sequentially to negative 3.6% year-over-year, with management expecting same-store sales to approach flat to positive in Q4.
6. The company generated $167 million of free cash flow year-to-date, up from approximately $122 million in the prior year period.
7. Full year 2025 guidance was revised to revenue of $4.6 billion to $4.75 billion, adjusted EBITDA of $500 million to $510 million, and non-GAAP EPS of $4.05 to $4.15.
8. Bonus depreciation provisions in new tax legislation will provide approximately $150 million in cash tax savings ($50 million in 2025 and $100 million in 2026) compared to previous forecasts.
9. Acima surpassed 100,000 merchant locations and reduced approval rates by approximately 200 basis points year-over-year while receiving 14% more lease applications year-to-date.
10. For 2026, management projects Acima to return to high single-digit to low double-digit GMV and revenue growth with losses in the 9% to 9.5% range and adjusted EBITDA margins in the low to mid-teens, assuming a stable macro environment.",0.0008654262224145,-0.152383975553727,0.0751757706868578,0.4549891540130152
ea_ECOR_Q4_2025,ECOR,2026Q1,2026-03-19 20:05:00,"1. Q4 2025 revenue reached a record $9.2 million, up 31% year-over-year, bringing full year 2025 revenue to $32 million, a 27% increase over full year 2024.
2. Prescription device revenue increased 23% year-over-year to $26 million, driven by continued growth of gammaCore and Quell within the VA hospital system.
3. Full year general wellness revenue totaled $5.5 million, an increase of 97% compared to 2024, with Truvaga sales of $5.4 million up 93% from 2024.
4. As of December 31, 2025, 200 VA facilities purchased gammaCore products (up from 170 a year ago) serving approximately 13,400 VA patients, representing roughly 2% penetration of the addressable VA headache market.
5. Gross margin improved to 87% for full year 2025 compared to 85% for full year 2024.
6. Net loss for 2025 was $14 million or $1.65 per share, compared to a net loss of $11.9 million or $1.59 per share in 2024, with adjusted EBITDA net loss improving slightly to $8.7 million from $9 million.
7. Cash equivalents and marketable securities at December 31, 2025 were approximately $11.6 million, down from $12.2 million at December 31, 2024.
8. Management believes full year 2026 revenue has the potential to continue growing at approximately 30%, though formal detailed guidance is not being issued due to the leadership transition.
9. Return on advertising spend (ROAS) for Q4 improved to approximately $2.10 from $1.80 in Q3 2025, with management targeting a ROAS between $2.00 and $2.50 on average for 2026.
10. CEO Dan Goldberger announced his retirement effective April 1, 2026, with CFO Joshua Lev appointed as Interim President and Michael Fox joining as Chief Operating Officer in April 2026.",0.0045766590389015,-0.0308582754500718,0.369037656903766,0.7837017771998266
ea_ZVIA_Q4_2025,ZVIA,2026Q1,2026-02-25 21:00:00,"1. Full year 2025 net sales grew 4% to $161.3 million, while adjusted EBITDA improved threefold to a loss of $4.7 million compared to a loss of $15.2 million in 2024.
2. Fourth quarter 2025 net sales decreased 4% to $37.9 million, primarily due to lapping Walmart pipeline fill and a shift of the Costco rotation into January.
3. Full year 2025 gross margin expanded to 48% from 46.4% in 2024 due to better product costing and more effective inventory management.
4. Full year 2026 net sales guidance is $169 million to $173 million, representing approximately 6% growth at the midpoint, with the planned tea line discontinuation expected to impact growth by 1 to 1.5 points.
5. Full year 2026 adjusted EBITDA guidance ranges from a loss of $1 million to positive $0.5 million, incorporating an incremental $5 million in tariff-related aluminum costs beginning in Q2.
6. First quarter 2026 guidance calls for net sales of $40 million to $42 million with an adjusted EBITDA loss of $1.6 million to $1.9 million and mid-40s gross margins.
7. The company ended Q4 2025 with approximately $25.4 million in cash and cash equivalents and an undrawn $20 million revolving credit line.
8. Marketing spend is expected to increase to 12% to 13% of revenue in 2026, a slight increase over 2025 as a percentage of revenue.
9. Approximately 35% to 40% of the regions in Costco's new national rotation program had never carried Zevia before, representing net new distribution.
10. At Albertsons, a 30% shelf space increase and vertical brand block placement drove category share gains, with Zevia growing close to double the category growth rate in recent 4-week reads.",0.0064516129032258,-0.125112180833144,0.124686192468619,0.8350671868227135
ea_TXN_Q4_2025,TXN,2026Q1,2026-01-27 21:01:00,"1. Q4 2025 revenue was $4.4 billion, down 7% sequentially but up 10% year-over-year, with Analog revenue growing 14% and Embedded Processing growing 8% year-over-year.
2. Data center revenue grew approximately 70% year-over-year in Q4, reaching $1.5 billion for full-year 2025 (9% of revenue), and has grown for seven consecutive quarters.
3. Industrial, automotive, and data center combined made up approximately 75% of TI's 2025 revenue, up from 43% in 2013.
4. Q1 2026 guidance calls for revenue of $4.32 billion to $4.68 billion and EPS of $1.22 to $1.48, representing above-seasonal sequential growth driven by stronger bookings.
5. Free cash flow for 2025 was $2.9 billion (17% of revenue), representing an increase of 96% from 2024.
6. TI increased its dividend by 4% in Q4 to $1.42 per share, marking its 22nd consecutive year of dividend increases, and returned $6.5 billion to shareholders over the past 12 months.
7. Capital expenditures for 2026 are expected to be $2 billion to $3 billion, with depreciation expected between $2.2 billion and $2.4 billion.
8. The investment tax credit increased to 35% as of January 1, 2026, applying to all equipment, building, and cleanroom CapEx placed in service during 2026.
9. Management expects like-for-like pricing to decline low single digits (approximately 2-3%) in 2026, consistent with 2025 experience.
10. Industrial revenue was $5.8 billion for 2025 (up 12% year-over-year, 33% of revenue) but remains approximately 25% below its 2022 peak levels.",-0.0001525708182881,0.0999279598052423,0.861506276150628,0.29475509319462506
ea_ENOV_Q3_2025,ENOV,2025Q4,2025-11-06 11:00:00,"1. Third quarter revenue was $549 million, up 9% reported and 7% organically year-over-year.
2. Recon grew 9% organically in Q3, with U.S. Recon up 7% (led by double-digit extremities growth) and international Recon up 12%.
3. Adjusted gross margins improved 140 basis points in Q3, with year-to-date gross margin expansion of over 170 basis points.
4. The company recorded a non-cash goodwill impairment of $548 million due to sustained decline in share price and market capitalization.
5. Dr. Comfort was divested for up to $60 million, including $45 million in upfront cash to be used for debt reduction, representing roughly 5% of P&R sales year-to-date.
6. Full year 2025 revenue guidance was adjusted to $2.24 billion to $2.27 billion, with adjusted EBITDA guidance raised by $3 million to $395 million to $405 million.
7. Adjusted EPS guidance was raised by $0.05 to $3.10 to $3.25, with year-to-date adjusted EPS up 27% driven by margin expansion and reduced interest expenses.
8. The company paid $4 million in tariffs in Q3 ($10 million year-to-date), with tariffs creating approximately a 50 basis point impact to EBITDA margins in Q3.
9. Leverage ratio has improved to the low 3s on a trailing 12-month basis, with free cash flow of nearly $30 million generated in Q3.
10. Arvis Ultra robotic platform is tracking for a broader launch in the first half of 2026, with management noting outstanding surgeon response at recent conferences.",0.0028580501746586,-0.0861153515928629,0.176852352623039,0.6697396963123644
ea_PSNL_Q4_2025,PSNL,2026Q1,2026-02-26 21:01:00,"1. Personalis delivered 6,183 Clinical tests in Q4 2025, representing 41% sequential growth over Q3 2025 and a 329% increase year-over-year from 1,441 tests in Q4 2024.
2. Full year 2025 revenue was $69.6 million, which included a nearly $19.5 million year-over-year decline in revenue from Natera and a $10 million decline from the conclusion of the Moderna melanoma trial enrollment.
3. The company is guiding 2026 total revenue of $78 million to $80 million, with strategic revenue (Clinical plus biopharma MRD) expected to grow from approximately $14 million in 2025 to $30 million to $32 million, roughly 121% growth.
4. Annual Clinical test volume guidance for 2026 is set at 43,000 to 45,000 tests, representing approximately 170% growth year-over-year from over 16,000 tests in 2025.
5. Gross margin was 11% in Q4 2025, with unreimbursed Clinical test costs diluting margins by approximately 1,900 basis points in the quarter; 2026 gross margin is guided at 15% to 20% with Q1 expected to be the lowest point.
6. The company ended Q4 2025 with $240 million in cash and short-term investments with no significant debt, used approximately $74 million of cash in 2025, and expects cash usage of approximately $100 million in 2026.
7. Net loss is expected to increase to approximately $105 million in 2026, up from $81.3 million in full year 2025, reflecting accelerated investment in market share.
8. MRD biopharma revenue grew nearly 240% over 2024, and is expected to reach $20 million to $21 million in 2026 as a key growth driver.
9. Of the 43,000-45,000 guided 2026 Clinical tests, approximately 20% are from breast cancer, 15-20% from lung, 20-25% from IO, 20% from CRC, and 20% from other indications, with less than half currently eligible for reimbursement.
10. The company plans to double its dedicated sales rep count from 10 to approximately 20, and had more than 900 oncologists ordering NeXT Personal tests as of last quarter, with the 2026 guidance not incorporating potential IO reimbursement upside.",0.0033222591362126,0.0083738025001882,0.559832635983264,0.7360208062418726
ea_CPRX_Q4_2025,CPRX,2026Q1,2026-02-25 21:16:00,"1. Full year 2025 total revenues grew 19.8% year-over-year to $589 million, exceeding the upper end of the prior guidance range of $565 million to $585 million.
2. The company issued 2026 total revenue guidance of $615 million to $645 million, with FIRDAPSE at $435-$450 million (21.4%-25.6% growth), AGAMREE at $140-$150 million (19.6%-28.1% growth), and FYCOMPA at $40-$45 million.
3. AGAMREE delivered 154.3% year-over-year growth with 2025 revenues of $117.1 million, and 100% of top DMD centers of excellence have enrolled at least one patient.
4. GAAP net income for 2025 was $214.3 million ($1.68 per diluted share), a 30.8% increase over 2024's $163.9 million ($1.31 per diluted share).
5. Cash and cash equivalents grew to $709.2 million at year-end 2025 from $517.6 million at year-end 2024, driven by $208.7 million in cash from operations.
6. FIRDAPSE data leads of identified LEMS patients in active diagnostic stages increased by 40% in Q4, with the total pool of identified but untreated LEMS patients growing from 500 to over 600.
7. A pharmacy outreach program launched in June 2025 contributed to a 12% reduction in new patient discontinuations within the first four months of FIRDAPSE treatment.
8. The company estimates FIRDAPSE penetration at only about 30% in idiopathic LEMS and well under 10% in cancer-associated LEMS, with a combined addressable market opportunity in excess of $1 billion.
9. FYCOMPA delivered $113.3 million in full year 2025 revenue despite loss of exclusivity in May 2025, exceeding the upper end of guidance, but personal promotion was discontinued effective January 2026.
10. The company repurchased $25.3 million of common stock during Q4 2025 and noted that IRA impact on Medicare Part D will increasingly affect FIRDAPSE gross-to-net deductions going forward.",0.0076427996781979,0.0047245824606562,0.544351464435146,0.8552232336367577
ea_MKL_Q4_2025,MKL,2026Q1,2026-02-04 21:30:00,"1. Markel Group's adjusted operating income was $2.3 billion in 2025, up 10% from $2.1 billion in 2024.
2. Markel Insurance delivered a combined ratio of 92.9% in Q4 2025, a 3-point improvement from 95.9% in Q4 2024, and a full-year combined ratio of 94.6%, improving 1 point from the prior year.
3. The exit of Global Reinsurance and the Hagerty fronting transition will decrease underwriting gross written premiums by approximately $2 billion in 2026.
4. The Financial segment generated $327 million in adjusted operating income, up 25% from 2024, driven by increased ILS performance fees and higher program services premium volumes.
5. Operating cash flow grew to $2.8 billion in 2025 from $2.6 billion in 2024, and the company returned over $1 billion to shareholders through $430 million in share repurchases and $600 million in preferred stock redemptions.
6. The public equity portfolio returned 10.5% for 2025 with a year-end market value of $13 billion and an unrealized gain of $8.9 billion, underperforming the S&P 500's 15% annualized return over the trailing 5-year period (12% vs 15%).
7. Markel Insurance's International division grew gross written premium by 14% for the year and posted an 83% combined ratio, with Asia Pacific up over 30% and European Union up 20%.
8. The company reported $484 million (6 points) of favorable prior year loss reserve development in 2025, marking the 21st consecutive year of favorable reserve development.
9. The Industrial segment's adjusted operating income declined 6% to $343 million for 2025, driven by lower revenues in transportation products and tightening margins from higher materials and labor costs.
10. Markel Insurance's return on equity was 14% for 2025, with a trailing 5-year average of 13%, and the company plans to double investment in its technology stack in 2026 versus 2025 with AI as a central component.",0.0114211715220439,0.0327962428095088,0.66234309623431,0.8981361074989164
ea_UIS_Q4_2025,UIS,2026Q1,2026-02-24 21:15:00,"1. Fourth quarter revenue grew 5.3% year-over-year to $575 million, while full year revenue was $1.95 billion, down 2.9% as reported and 3.3% in constant currency.
2. Full year non-GAAP operating profit margin was 9.1%, exceeding the top end of upwardly revised guidance and representing 30 basis points of annual improvement, with full year 2026 guidance set at 9% to 11%.
3. Full year pre-pension free cash flow was $128 million, up 55% from the prior year and above the $110 million expectation, while 2026 pre-pension free cash flow is guided to $67 million.
4. Full year License and Support revenue exceeded original expectations by nearly $40 million for the third consecutive year, reaching $428 million, with 2026 L&S revenue guided at $415 million.
5. The company signed $1.7 billion of renewal TCV in 2025, with over $1 billion signed in Q4 alone, and ended the year with $3.2 billion in backlog, up 11% year-over-year.
6. SG&A as a percent of revenue declined nearly 300 basis points over the past three years, with SG&A reduced by 13% or nearly $60 million, and management expects at least another $10 million to $20 million reduction in 2026.
7. The global pension deficit improved by $300 million to approximately $450 million at year-end, with net leverage including pension improving to 2.8x from 3.0x, and approximately $350 million of remaining contributions expected through 2029.
8. Full year new business TCV totaled $491 million, down 38% year-over-year, partly due to an approximate $200 million adjustment from a mutually agreed termination of a Q1 2025 new logo DWS signing.
9. The company expects 2026 total revenue to decline between 6.5% and 4.5% in constant currency, with Ex-L&S revenue expected to decline 7% to 4.5%, but management believes positive Ex-L&S revenue growth will be achieved in 2027.
10. The company plans to roll out its Agentic AI-powered Service Experience Accelerator to about one-third of its existing client base during 2026, and expects AI to be a powerful long-term driver of demand across all three segments.",0.0985915492957746,0.147205748568235,0.915899581589958,0.9843953185955787
ea_ERIE_Q4_2025,ERIE,2026Q1,2026-02-23 21:15:00,"1. Direct written premiums of the Erie Insurance Exchange grew approximately 5% in Q4 and almost 9% for the full year 2025 compared to 2024, driven primarily by the realization of prior rate actions.
2. Average premium per policy for the full year 2025 grew 9.6% compared to 2024.
3. Policies in-force declined 1.1% and retention declined to 88.4%, reflecting competitive market headwinds.
4. The Q4 2025 combined ratio improved significantly to 94.1% from 105.7% in Q4 2024, with catastrophe losses contributing only 0.7 points in Q4 2025.
5. The full year 2025 combined ratio improved from 110.4% in 2024 to 104.9%, with catastrophe losses contributing 10.6 points compared to 9.6 points in 2024.
6. Net income for Q4 2025 was over $63 million or $1.21 per diluted share, down from $152 million or $2.91 per diluted share in Q4 2024, impacted by a $100 million contribution to a newly established tax-exempt charitable foundation that reduced diluted EPS by $1.54.
7. Full year 2025 net income totaled over $559 million or $10.69 per diluted share compared to over $600 million or $11.48 per diluted share in 2024.
8. Full year operating income increased nearly $41 million or 6% compared to 2024, with management fee revenue growth of 8.2% partially offset by expense growth of 8.7%.
9. Policyholder surplus grew from approximately $9.3 billion at the beginning of 2025 to approximately $10.1 billion at year-end.
10. The Board of Directors approved a 7.1% increase in the quarterly dividend for 2026, following over $254 million in dividends paid to shareholders in 2025.",-0.0014406490503089,-0.0338017224945536,0.355230125523013,0.2245340268747291
ea_IQV_Q3_2025,IQV,2025Q4,2025-10-28 11:00:00,"1. Third quarter free cash flow of $772 million was the highest quarterly free cash flow in company history, even exceeding COVID-era vaccine trial advances.
2. R&DS net bookings totaled $2.6 billion in Q3, representing 13% year-over-year growth, 5% sequential growth, and 21% growth from the Q1 2025 trough, with a book-to-bill ratio of 1.15x.
3. R&DS backlog reached a record $32.4 billion at quarter end, up 4.1% year-over-year, with next 12-month revenue from backlog at $8.1 billion, up 4.0% year-over-year.
4. RFP flow growth accelerated to 20% year-over-year in Q3 with growth across all customer segments, while qualified pipeline increased 6% year-over-year.
5. Third quarter revenue of $4.1 billion grew 5.2% reported and 3.9% constant currency, with adjusted diluted EPS of $3.00 increasing 5.6% year-over-year.
6. Full year 2025 guidance was confirmed with revenue expected at $16.150-$16.250 billion (4.8%-5.5% growth) and adjusted diluted EPS of $11.85-$11.95 (6.5%-7.4% growth).
7. Cancellations in 2024 exceeded $3 billion due to large pharma pipeline reprioritization versus a normal run rate of approximately $2 billion annually, but year-to-date 2025 cancellations have returned to the normal pattern of approximately $550 million per quarter.
8. The company spent $485 million on acquisitions in Q3, primarily on NEXT Oncology, a Phase I oncology SMO, which will contribute approximately $50 million in R&DS revenue in Q4.
9. IQVIA has approximately 90 AI agents in development covering 25 use cases across commercial, real world, and R&DS, with plans to develop 500 highly specialized agents by early 2027.
10. Net leverage ratio ended Q3 at 3.52x trailing 12-month adjusted EBITDA, with cash of $1.814 billion and gross debt of $14.957 billion.",0.0006438853884008,0.0016783665739279,0.563007030827474,0.4170281995661605
ea_BRCC_Q3_2025,BRCC,2025Q4,2025-11-03 21:15:00,"1. Q3 2025 net revenue increased 3% year-over-year, or 5% excluding $2.4 million in prior year benefits from barter transactions and loyalty reserve changes.
2. Gross margin was 36.9% in Q3, a decrease of 520 basis points year-over-year, driven by a 390 basis point impact from increased trade investment and 300 basis point impact from green coffee inflation and tariffs.
3. Adjusted EBITDA increased 19% year-over-year to 8.4% of sales, representing a 115 basis point improvement compared to the same quarter last year.
4. The company raised $40.25 million in gross proceeds through an equity offering in July and generated $5.6 million of free cash flow in the quarter.
5. Total headcount was down 19% compared to Q3 last year, and the company expects to deliver $8 million to $10 million in annualized cost savings in the second half of 2025.
6. Black Rifle's sales grew 36.7% year-over-year in Nielsen-tracked channels, nearly triple the U.S. coffee category growth rate of 13.2%.
7. Total ACV across all tracked channels increased 9 points year-over-year to 54%, with grocery ACV reaching 48%.
8. Black Rifle Energy is now available in nearly 20,000 retail locations, reaching approximately 22% ACV.
9. The company expects full year 2025 results of at least $395 million in revenue, at least 35% gross margin, and at least $20 million in adjusted EBITDA.
10. Approximately 50% of the company's green coffee needs are locked in for 2026, with current green coffee prices at all-time highs of $4 per pound.",0.0070422535211267,-0.0583320051338405,0.262303948080043,0.8286334056399133
ea_CAVA_Q4_2025,CAVA,2026Q1,2026-02-24 21:10:00,"1. CAVA reported Q4 2025 revenue of $272.8 million, a 21.2% year-over-year increase, and full year 2025 revenue surpassing $1 billion with a 22.5% year-over-year increase.
2. Full year 2025 same-restaurant sales grew 4%, while Q4 same-restaurant sales increased 0.5%, with the 2-year Q4 stack accelerating 170 basis points to 21.7%.
3. The company opened 72 net new restaurants in 2025, ending the year with 439 locations across 28 states, a 19.6% increase year-over-year, and guides for 74 to 76 net new openings in 2026.
4. Full year 2025 adjusted EBITDA was $152.8 million, a 21% increase over 2024, and 2026 adjusted EBITDA guidance is $176 million to $184 million including preopening cost burden.
5. 2025 new restaurant opening AUVs trended above $3 million with productivity remaining above 100%, while 2026 guidance assumes approximately 90% new restaurant productivity.
6. The company expects 2026 same-restaurant sales growth of 3% to 5%, with Q1 comp trends tracking above full year guidance, and implemented an approximate 1.4% in-restaurant menu price adjustment in January 2026 with no further pricing planned.
7. Salmon is expected to launch before the end of Q1 2026 and will be a restaurant-level margin rate headwind of approximately 100 basis points beginning in Q2, while driving penny profit neutrality.
8. CAVA ended Q4 2025 with zero debt, $393 million in cash and investments, and $75 million in undrawn revolver capacity, while generating $184.8 million in cash flow from operations for full year 2025.
9. Brand awareness increased from approximately 55% a year ago to 62% currently, and the loyalty program drives about one-third of overall sales.
10. The company expects its 2026 effective tax rate to increase to 25%-30%, up from 10% in 2025, due to the anticipated lower permanent benefit from equity-based compensation.",0.0001474926253687,0.25584549263737,0.976150627615063,0.3693107932379714
ea_AEVA_Q3_2025,AEVA,2025Q4,2025-11-05 21:05:00,"1. Aeva announced a $100 million investment from Apollo Global Management in the form of convertible senior notes with a 4.375% coupon, 115% conversion price premium, and maturity in November 2032.
2. Q3 2025 revenue was $3.6 million, with contributions from ongoing sensor shipments and NRE such as the Daimler Truck program.
3. Non-GAAP operating loss declined 13% year-over-year to $27.2 million in Q3 2025, reflecting the company's target to reduce full year 2025 non-GAAP operating expense by 10% to 20% year-over-year.
4. Pro forma total liquidity position now stands at approximately $270 million, including $173.9 million available at end of September plus the Apollo investment.
5. Aeva completed the development program with a top 10 global passenger OEM ahead of plan in Q3 and is now in late-stage contract negotiations for a series production award.
6. The top 10 OEM production program targets a late 2027 to early 2028 launch timeline for a global rollout across geographies excluding China.
7. Aeva completed installation and bring-up of the Eve sensor production line in Thailand and has started shipping against initial orders of over 1,000 units.
8. The precision sensing market opportunity is estimated at approximately $4 billion growing to $6 billion in coming years, with partner SICK shipping approximately 200,000-250,000 sensors annually.
9. Daimler Truck's planned market entry for autonomous trucks remains on track for 2027, with Aeva already receiving initial orders for 2026 Atlas C sample shipments.
10. LG Innotek's strategic equity investment closed in the quarter, providing $32.5 million in gross proceeds to Aeva.",0.0029027576197387,-0.0495819945384661,0.29421308815576,0.6724511930585684
ea_PPG_Q3_2025,PPG,2025Q4,2025-10-28 20:05:00,"1. PPG delivered record Q3 adjusted EPS of $2.13, a 5% increase year-over-year.
2. Organic sales grew 2% in Q3, marking the third consecutive quarter of sales volume growth.
3. Aerospace customer order backlogs increased to $310 million, even as growth-related investments improved manufacturing output.
4. PPG completed approximately $150 million in share repurchases and paid $160 million in dividends in Q3, totaling $1.2 billion delivered to shareholders year-to-date.
5. The company updated full year adjusted EPS guidance to a range of $7.60 to $7.70.
6. Aerospace investments represent more than $0.5 billion, including a new manufacturing facility to be commissioned in 2027.
7. Automotive OEM business delivered an 8% increase in net sales, outpacing global light vehicle industry production growth of 4%.
8. Protective and marine coatings delivered the 10th consecutive quarter of year-over-year volume growth with double-digit percentage organic growth.
9. Industrial Coatings segment EBITDA increased 12% year-over-year, reflecting leverage from organic sales growth and cost control actions.
10. Aerospace has grown at a mid-single-digit CAGR over the past 10 years and now represents one-third of the Performance Coatings segment, with expected sales growth CAGR of mid- to high single-digit percentage over the next 3 years.",0.000379830975216,-0.0579737214453993,0.262844780962683,0.36225596529284165
ea_UNIT_Q4_2025,UNIT,2026Q1,2026-03-02 13:00:00,"1. Uniti's core fiber business achieved 13% year-over-year revenue growth in Q4 2025, with Kinetic consumer fiber revenue growing 24% year-over-year.
2. Kinetic added 28,000 net new fiber subscribers in Q4 (highest in almost 3 years) and 38,000 consumer fiber gross adds (highest ever), ending the quarter with 535,000 total fiber subscribers.
3. Uniti is targeting 450,000 to 500,000 new fiber home passings in 2026, nearly doubling 2025 activity, and expects to reach approximately 700,000 consumer fiber subs by year-end 2026.
4. The company expects consolidated 2026 revenue and adjusted EBITDA of approximately $3.63 billion and $1.45 billion at the midpoint, with consolidated net CapEx of about $1.4 billion.
5. Blended anchor lease-up cash yields on wholesale fiber builds reached 34%, the highest ever, with anchor IRRs of 22% and expected total return on capital of 2 to 4x.
6. Over the next 3 years, Uniti expects to build approximately 6,000 new route miles of fiber and generate close to $1 billion of cumulative nonrecurring cash revenue and up to $25 million of recurring cash revenue by 2028, with an additional $500 million of nonrecurring cash revenue expected after 2030.
7. The company's blended debt yields have improved 560 basis points over 3 years, falling from approximately 12.5% in February 2023 to approximately 6.9% today.
8. Uniti believes there are $500 million to $1 billion of noncore assets that could be monetized over the next 12 to 36 months with negligible impact on adjusted EBITDA.
9. Kinetic consumer fiber revenue is expected to reach $635 million to $655 million in 2026, representing approximately 25% to 30% year-over-year growth, with fiber ARPU up 5% year-over-year in Q4.
10. Revenue exposure to DISH/EchoStar is less than 1%, and the 2026 guidance assumes essentially no recurring revenue from DISH throughout the year.",-0.0300546448087432,0.0686389818131843,0.795397489539749,0.05808409189423494
ea_AMSF_Q3_2025,AMSF,2025Q4,2025-10-29 20:05:00,"1. AMERISAFE achieved a 20.5% return on average equity and a 90.6% combined ratio for Q3 2025.
2. This marks the sixth consecutive quarter of top line growth, with voluntary premiums growing 10.6%, gross premiums written growing 7.2%, and net earned premiums growing 6.2% over Q3 2024.
3. Net income was $13.8 million or $0.72 per diluted share, compared to $14.3 million or $0.75 per diluted share in Q3 2024.
4. The company experienced $8.9 million of favorable reserve development on prior accident years, primarily from accident years 2020 and prior.
5. The Board declared a regular quarterly dividend of $0.39 per share and a $1 special dividend payable on December 12, 2025.
6. Over the past 13 years, AMERISAFE has declared nearly $50 per share in total dividends, including $12.68 in regular dividends and $37.25 in special dividends.
7. Net investment income decreased 12.3% to $6.6 million due to lower average investable assets following last year's special dividend payment.
8. Book value per share increased to $14.47, up 7.1% year-to-date, while statutory surplus grew to $259 million from $235.1 million at year-end 2024.
9. Renewal retention remained strong at 93.6%, and policy count grew approximately 11% year-over-year.
10. Year-to-date large losses exceeding $1 million totaled 17 compared to 13 at the same point in 2024.",-0.0002516989680342,0.0160345457001322,0.631151974040022,0.25054229934924077
ea_ECPG_Q4_2025,ECPG,2026Q1,2026-02-25 21:05:00,"1. Encore delivered record full-year 2025 global portfolio purchases of $1.4 billion, up 4% year-over-year, with 83% of purchasing dollars spent in the U.S.
2. Global collections in 2025 reached a record $2.6 billion, up 20% year-over-year, with MCM U.S. collections at a record $1.95 billion (up 24%).
3. Encore repurchased approximately 9% of its outstanding shares in 2025 for approximately $90 million.
4. The company guided 2026 EPS to $12 per share, representing a 10% increase over the 2025 EPS of $10.91, marking the first time in many years the company has provided forward earnings guidance.
5. Leverage improved to 2.4x at year-end 2025 from 2.6x a year ago, with no material debt maturities until 2028.
6. MCM's U.S. portfolio purchases reached a record $1.17 billion in 2025, up 18% compared to the previous record in 2024.
7. Cash efficiency margin improved 3.2 percentage points to 57.8% in 2025, and the company expects it to exceed 58% in 2026.
8. Estimated remaining collections (ERC) rose 14% to a record $9.7 billion, and the company collected 109% of its beginning-of-year ERC during 2025.
9. Full-year 2025 changes in recoveries totaled $209 million, of which $198 million were recoveries above forecast (cashovers), driven primarily by overperformance in 2024 and 2025 U.S. vintages.
10. Encore guided 2026 global portfolio purchases to $1.4–$1.5 billion and global collections to grow 5% to approximately $2.7 billion, with ROIC improving to 13.7% in 2025 from 7.5% in 2024.",0.0243366570897414,0.0845352538411407,0.836820083682008,0.9479843953185956
ea_FCEL_Q1_2026,FCEL,2026Q1,2026-03-09 11:30:00,"1. Total revenues in Q1 FY2026 were $30.5 million, an increase of approximately 61% compared to $19 million in the prior year quarter.
2. Loss from operations improved approximately 20% to $26.3 million in Q1 FY2026 compared to $32.9 million in Q1 FY2025.
3. Revenue was approximately $6 million lower than planned due to 2 modules being commissioned just days after quarter end, which are now online and contributing to Q2 2026 revenue.
4. The company submitted more than 1.5 gigawatts of proposals in Q1, with data centers now making up over 80% of the pipeline.
5. Cash, restricted cash and cash equivalents totaled $379.6 million as of January 31, 2026, supported by $54.9 million in net proceeds from approximately 6.4 million shares sold at an average price of $8.82 per share.
6. Backlog decreased approximately 10.8% year-over-year to $1.17 billion as of January 31, 2026.
7. The company plans to invest $20 million to $30 million in fiscal year 2026 to advance Torrington manufacturing capacity from 100 megawatts per year toward 350 megawatts per year within the existing footprint.
8. The company is targeting positive adjusted EBITDA once Torrington reaches an annualized production rate of 100 megawatts per year, with the current run rate at approximately 40-41 megawatts.
9. The strategic collaboration with SDCL has identified up to 450 megawatts of discrete data center and distributed generation opportunities globally.
10. In April, the company expects to ship 2 carbon capture modules to the ExxonMobil Esso refinery in Rotterdam, marking the first demonstration of carbonate fuel cells capturing carbon from an external emission source while simultaneously producing power, hydrogen, and thermal energy.",0.0539473684210526,-0.0376073364365015,0.338493723849372,0.9739921976592978
ea_CBT_Q1_2026,CBT,2026Q1,2026-02-03 21:30:00,"1. Adjusted EPS in Q1 was $1.53, down 13% compared to the same quarter last year.
2. EBIT in the Reinforcement Materials segment declined by 22% year-over-year, primarily due to volumes down 7% (15% in the Americas, 7% in Asia Pacific, up 6% in Europe).
3. Battery Materials product line delivered revenue growth of 39% compared to Q1 fiscal 2025, with EBITDA margins at 22% on a trailing 12-month basis.
4. The company is narrowing its adjusted EPS guidance range for fiscal 2026 to between $6 and $6.50.
5. Pricing in Reinforcement Materials calendar year 2026 agreements declined 7% to 9% compared to 2025 levels across Western regions.
6. Cash flow from operations was $126 million in Q1, with discretionary free cash flow of $71 million.
7. Capital expenditures are expected to be between $200 million and $230 million for fiscal 2026, approximately $60 million lower at the midpoint compared to 2025 actuals.
8. The company expects to reduce existing costs by another $30 million in fiscal 2026 through procurement savings, headcount reductions, and technology deployment.
9. Net debt-to-EBITDA remained at 1.2x as of December 31, 2025, with a liquidity position of approximately $1.4 billion.
10. The company is finalizing plans to rationalize carbon black capacity in the Americas and Europe due to declining utilization levels in Western geographies.",0.0019638097909945,0.109070422572417,0.877824267782427,0.6367576939748592
ea_CNXN_Q4_2025,CNXN,2026Q1,2026-02-04 21:05:00,"1. Gross profit increased 4.5% year-over-year to $135.6 million, with gross margin expanding 100 basis points to 19.3%.
2. Adjusted diluted earnings per share was $0.91, an increase of 16.7% compared to the prior year.
3. Public Sector Solutions net sales declined 36.8% to $90.8 million due to a non-repeating project and delayed K-12 rollouts.
4. Enterprise Solutions net sales increased 11.9% to $338.7 million, with gross billings up 16.1% to $457.8 million.
5. Business Solutions gross profit rose 11.4% to $69.8 million, with gross margin expanding 160 basis points to 25.5%.
6. The company returned $91.4 million to shareholders in 2025 through $76.1 million in share buybacks and $15.3 million in dividends.
7. The Board authorized an additional $50 million share repurchase program and declared a 33% dividend increase to $0.20 per share.
8. Headcount reduction initiatives are expected to generate approximately $7 million to $8 million in ongoing annual cost savings.
9. The company ended Q4 with backlog at its highest level since 2022 and expects to outperform the U.S. IT market by 200 basis points in 2026.
10. The company ended the quarter with $406.7 million in cash, cash equivalents and short-term investments.",0.0008312551953449,0.104298381909233,0.869456066945607,0.5080190723883832
ea_MCHX_Q3_2025,MCHX,2025Q4,2025-11-13 21:20:00,"1. Q3 2025 revenue was $11.5 million, down from $11.7 million in Q2 2025.
2. Cash position decreased to $10.3 million from $10.5 million at the end of Q2 2025.
3. The company expects both revenue and adjusted EBITDA to be sequentially lower in Q4 2025 compared to Q3 2025.
4. Management anticipates revenue growth on a run rate basis in the 10% range from year-end levels in 2026.
5. The company expects adjusted EBITDA margins of 10% or more in the course of 2026.
6. Marchex entered an agreement in principle to acquire Archenia for a $10 million convertible promissory note plus an earn-out of up to 4 million shares over 2 years.
7. The combined company with Archenia would have revenue run rates of approximately $15 million quarterly or approximately $60 million annualized.
8. Management believes the combined company's revenue could grow in the 15% to 20% range in 2026.
9. The company migrated more than 1,000 customers onto its new technology platform, with completion expected by year-end 2025.
10. Q3 2025 sales bookings accelerated to the highest levels of the year, with management expecting this momentum to continue and compound into 2026.",-0.0064935064935064,0.0261255824591279,0.67658193618172,0.12445770065075921
ea_PRMB_Q3_2025,PRMB,2025Q4,2025-11-06 11:30:00,"1. Q3 2025 comparable net sales were $1.766 billion, down 1.6% year-over-year, but improved 90 basis points from the 2.5% decline in Q2.
2. Comparable adjusted EBITDA grew 6.8% year-over-year to $404.5 million, with margins expanding 180 basis points to 22.9%.
3. Premium water portfolio brands Mountain Valley and Saratoga combined for net sales growth of more than 44% year-over-year.
4. The company closed 49 facilities, representing 16% of its premerger footprint, while maintaining its $200 million and $300 million synergy run rate targets for 2025 and 2026 year-end.
5. Direct delivery channel comparable net sales declined 6.5% or approximately $47 million in Q3, with delivery service rate now restored to approximately 95%.
6. Net leverage ratio stood at 3.37x at quarter end, with total debt of approximately $5.2 billion and total liquidity of approximately $1 billion.
7. The company repurchased $73.2 million of stock (approximately 3 million shares) and increased its quarterly dividend by 11% to $0.10 per share.
8. Full-year adjusted EBITDA guidance was lowered to approximately $1.45 billion (21.8% margin), solely due to the recovery path of the home and office delivery business.
9. Branded retail business delivered 2% net sales growth in the quarter with 12% expansion in total points of distribution.
10. The company invested more than $66 million in a new Hot Springs facility for Mountain Valley, set to open in spring 2026 to address capacity constraints.",0.0022065313327449,-0.207511992732249,0.0383991346673878,0.6247288503253796
ea_CHPT_Q4_2026,CHPT,2026Q1,2026-03-04 21:10:00,"1. Q4 fiscal 2026 revenue was $109 million, at the high end of guidance, up 3% sequentially and 7% year-over-year.
2. Non-GAAP gross margin reached a record high of 33% in Q4, up 3 percentage points year-over-year.
3. Subscription revenue was $42 million (39% of total revenue), up 11% year-over-year, with GAAP subscription gross margin reaching a record 64%.
4. Full fiscal year 2026 net cash usage was just $43 million (excluding a $40 million debt payment), a significant improvement from $133 million used in the prior fiscal year.
5. Q1 fiscal 2027 revenue guidance is $90 million to $100 million, reflecting typical seasonal patterns and implying roughly flat to slightly lower year-over-year performance at the midpoint.
6. Europe delivered its highest share of quarterly revenue (23%) since ChargePoint became a public company, with robust double-digit growth driven by regulations and new incentives.
7. ChargePoint now manages approximately 385,000 ports globally, including over 41,000 DC fast chargers, with nearly 130,000 software-only managed ports representing about 30% of all ports under management.
8. Monthly active users reached 1.48 million at the end of fiscal 2026, representing 8% year-over-year growth, while over 100,000 AC ports recorded time utilization above 30% at least one day in January 2026.
9. Station downtime as monitored by the Network Operations Center has been reduced by over half in the last year and is now below 1%, while first-time right deployments improved to above 95%.
10. A next-generation DC product with a substantially better margin profile than the current DC architecture will ramp into production in the second half of the fiscal year, and the new Flex AC product line is already ramping with an improved margin profile.",0.106042950884868,-0.0827551194481027,0.207112970711297,0.9932813177286519
ea_RVMD_Q3_2025,RVMD,2025Q4,2025-11-05 21:02:00,"1. Revolution Medicines ended Q3 2025 with $1.93 billion in cash and investments, including $250 million received from Royalty Pharma in June 2025, with an additional $1.75 billion in future committed capital remaining under that arrangement.
2. R&D expenses for Q3 2025 were $262.5 million compared to $151.8 million for Q3 2024, primarily driven by increased clinical trial and manufacturing expenses for the three clinical stage programs.
3. Net loss for Q3 2025 was $305.2 million compared to $156.3 million for Q3 2024, with full year 2025 GAAP net loss guidance reiterated at $1.03 billion to $1.09 billion.
4. Daraxonrasib in second-line metastatic pancreatic cancer showed estimated median overall survival of 13.1 months for G12X patients and 15.6 months for all RAS mutant patients, compared to standard of care chemotherapy providing 6-7 months in second line.
5. Daraxonrasib monotherapy in first-line metastatic pancreatic cancer demonstrated an objective response rate of 47% and disease control rate of 89%.
6. The combination of daraxonrasib plus gemcitabine/nab-paclitaxel in first-line PDAC showed an objective response rate of 55% and disease control rate of 90%.
7. The Phase III registrational trial RASolute 302 in second-line metastatic PDAC is nearing completion of enrollment and remains on track for expected data readout in 2026.
8. Elironrasib demonstrated a confirmed objective response rate of 42%, disease control rate of 79%, and median duration of response of 11.2 months in heavily pretreated G12C non-small cell lung cancer patients.
9. The company plans to initiate the first zoldonrasib combination registrational trial in first-line metastatic PDAC in the first half of 2026, and expects to initiate one or more additional pivotal combination trials incorporating either zoldonrasib or elironrasib in 2026.
10. RMC-5127, an oral RAS(ON) G12V-selective inhibitor targeting approximately 48,000 U.S. patients diagnosed annually with KRAS G12V mutant cancers, is on track to initiate its first-in-human trial in Q1 2026.",-0.0035389282103134,0.0457540752333783,0.752298539751217,0.15563991323210413
ea_GSHD_Q3_2025,GSHD,2025Q4,2025-10-22 20:01:00,"1. Total revenue grew 16% year-over-year to $90.4 million, with core revenue growing 14% to $83.9 million and adjusted EBITDA growing 14% to $29.7 million in Q3 2025.
2. The company plans to invest $25 million to $35 million annually in 2026 and 2027 on the digital agent platform, with approximately $8 million to $11 million flowing through operating expenses each year.
3. Management believes the digital agent platform has the potential to drive total written premium growth to 40% or more within the next 5 years.
4. Client retention improved to 85% in Q3 after four consecutive quarters at 84%, with management seeing no structural reason it cannot return to or exceed the previous high of 89%.
5. The company repurchased and retired 685,000 Class A shares during the quarter, utilizing $58.7 million of share repurchase authorization.
6. Contingent commissions for the quarter were $4.5 million compared to $2.5 million in the prior year, an increase of 82%.
7. Total written premiums was $1.2 billion for the quarter, up 15% year-over-year, with franchise premiums of $976 million up 18%.
8. The corporate sales team delivered new business commissions growth of 20% year-over-year, accelerating from 13% in Q2 2025.
9. The company signed a new partnership with a top 20 mortgage originator and servicer, and current partners represent more than 1 million home loans serviced and 75,000 home closings annually.
10. Operating franchise count decreased 4% year-over-year to 1,068, while franchise producers grew 1% to 2,124 and producers per franchise increased 6% to 2.",0.001019664967225,0.0744295414519295,0.830178474851271,0.4745119305856833
ea_SST_Q3_2025,SST,2025Q4,2025-11-05 21:00:00,"1. Q3 2025 revenue was $61.6 million with adjusted gross profit of $36.1 million and adjusted EBITDA of $9.9 million, each down 4% year-over-year.
2. Product segment revenue increased 8% year-over-year to $22.5 million, while sessions grew 23% year-over-year and 12% sequentially.
3. Marketing segment revenue was $39.1 million, down 43% year-over-year and 28% sequentially, driven by Google's effective deprecation of its AdSense for Domains (AFD) product.
4. For the six months ended June 30, 2025, the AFD monetization channel contributed approximately $94 million (39% of Marketing platform revenue) and generated approximately $12 million of gross profit (28% of marketing adjusted gross profit).
5. Product segment profit now represents 56% of total segment profit, up from 51% in Q3 2024.
6. Revenue per session (RPS) in the Products segment declined 16% sequentially to $0.04, driven by reduced advertiser demand and tariff-related uncertainty affecting CouponFollow.
7. The company ended Q3 with $54.6 million in unrestricted cash, $265 million in term loan debt, and net consolidated leverage of approximately 4.1x.
8. Marketing advertising spend was down 54% year-over-year and 37% sequentially.
9. The company has approximately 180 active partners in its Partner Marketing business and is not providing Q4 2025 guidance at this time.
10. The company identified significant invalid or nonhuman traffic from a large advertising partner and is pursuing reimbursement, including potential legal action, after the partner declined the request.",0.0869565217391304,-0.177029881625401,0.0535424553812872,0.9859002169197397
ea_PKOH_Q4_2025,PKOH,2026Q1,2026-03-04 21:16:00,"1. Park-Ohio expects 2026 consolidated revenues of $1.675 billion to $1.71 billion, representing 5% to 7% growth over 2025, with adjusted EPS of $2.90 to $3.20 per diluted share, an increase of 7% to 19% year-over-year.
2. The company generated $49 million in operating cash flow and $36 million in free cash flow in Q4 2025, using proceeds to reduce long-term debt by $40 million during the quarter.
3. Industrial Equipment achieved record annual bookings of $217 million, including a record $47 million induction heating order from a leading steel producer, resulting in backlogs of $180 million at December 31, up 24% year-over-year.
4. Supply Technologies' AI data center-related revenues grew from very little two years ago to approaching $150 million annually, with continued growth expected in 2026 and beyond.
5. Assembly Components won over $40 million of incremental annual new business during 2025, with launches in the second half of 2026 continuing through 2027.
6. Full year 2025 adjusted EPS was $2.70 compared to $3.59 in 2024, while Q4 2025 adjusted EPS was $0.65 versus $0.67 in Q4 2024, with the decrease driven primarily by higher interest expense.
7. The company invested over $12 million in information technology during 2025, including new ERP systems in Supply Technologies and the Industrial Equipment Group, and broke ground on a new state-of-the-art North American distribution center expected to be operational in 2026.
8. Supply Technologies Q4 operating income increased 31% to $21 million with operating margin expanding 240 basis points to 11.1% of sales, driven by higher sales and cost control measures.
9. The company's 2025 effective tax rate was 12% due to R&D tax credits, but is expected to normalize to 18% to 20% in 2026.
10. Approximately 75% of the guided 2026 revenue growth is expected to come from production volume increases, with automotive exposure reduced from over one-third of revenue historically to slightly over 20% currently.",-0.0033783783783783,0.0507699440769609,0.73765690376569,0.17468573905504986
ea_GWW_Q4_2025,GWW,2026Q1,2026-02-03 13:00:00,"1. Total company sales for 2025 finished at $17.9 billion, representing 4.5% reported growth or 4.9% on a daily organic constant currency basis.
2. The company delivered adjusted EPS of $39.48 per share for 2025, representing growth of 1.3% year-over-year.
3. For 2026, the company expects revenue between $18.7 billion and $19.1 billion, with EPS guidance of $42.25 to $44.75 per share, up over 10% at the midpoint.
4. Preliminary January 2026 sales were up over 10% on a daily organic constant currency basis, supporting Q1 expectations of around $4.5 billion to $4.6 billion in revenue.
5. High-Touch Solutions U.S. business achieved approximately 250 basis points of volume outgrowth versus the MRO market in 2025, below the 400 to 500 basis point long-term target.
6. The Endless Assortment segment delivered daily organic constant currency sales growth of 15.6% for 2025, with Q4 operating margins increasing 200 basis points year-over-year to 10.6%.
7. Operating cash flow for 2025 was $2 billion, with $1.5 billion returned to shareholders through dividends and share repurchases, and 2026 operating cash flow is expected between $2.1 billion and $2.3 billion.
8. The company expects 2026 total company operating margins between 15.4% and 15.9%, up 40 to 90 basis points compared to 2025, including a 45 basis point tailwind from the U.K. market exit.
9. Price contribution to 2026 revenue is expected to be north of 3%, with approximately 2.5% to 3% representing wrap from 2025 pricing actions.
10. The effective tax rate for 2026 is expected to be roughly 25%, approximately 130 basis points unfavorable versus the prior year adjusted rate due to federal tax law changes.",-9.12258935576254e-06,0.0613383511325258,0.774058577405858,0.3047247507585609
ea_UEIC_Q3_2025,UEIC,2025Q4,2025-11-06 21:05:00,"1. Q3 2025 net sales were $90.6 million, down 11% from $102.1 million in the prior year period.
2. Connected home channel revenue grew 13% to $29.8 million in Q3 2025, while home entertainment declined 20% to $60.8 million.
3. Tariff timing issues reduced Q3 gross margin by approximately 120 basis points, and excluding this effect, gross margin would have exceeded the company's 30% target.
4. Net cash position increased by $9.1 million in Q3 to $13.2 million, marking the second consecutive quarter of positive net cash since December 2021.
5. Cost reduction actions are expected to yield annualized savings of approximately $5 million beginning in Q4 2025.
6. Q4 2025 revenue guidance is $82 million to $92 million, compared to $110.5 million in Q4 2024.
7. Full year 2025 connected home sales are expected to grow approximately 12% to 16% versus 2024.
8. The company generated $27.8 million in operating cash flow through the first 9 months of 2025, with $10.1 million generated in Q3.
9. The Board authorized the repurchase of the lesser of $3.5 million or approximately 778,000 shares under the existing stock repurchase program.
10. Two customers exceeded 10% of revenue in Q3: Daikin at 20.5% and Comcast at 14.9%.",0.0331325301204819,0.0761272615738481,0.833964305029746,0.9631236442516269
ea_SMMT_Q4_2025,SMMT,2026Q1,2026-02-23 21:00:00,"1. Summit Therapeutics ended 2025 with a cash position of approximately $713.4 million and no debt.
2. The FDA accepted the BLA filing for ivonescimab in EGFR mutant non-small cell lung cancer with a PDUFA target action date of November 14, 2026, though the FDA noted that a statistically significant overall survival benefit is necessary to support marketing authorization.
3. Total GAAP operating expenses for Q4 2025 were $225 million, with non-GAAP operating expenses of $113.3 million, up from $103.4 million in Q3 2025 primarily due to increased R&D spend on HARMONi-3 and HARMONi-7 trials.
4. Screening of patients for the squamous cohort of the HARMONi-3 Phase III trial has been completed, with the last patient to be randomized in the next couple of weeks, and an interim PFS analysis is planned for Q2 2026.
5. All four Phase III trials evaluating ivonescimab that have read out to date produced positive results, and across the three with OS data available, all showed hazard ratios below 0.80.
6. Over 60,000 patients in China have received ivonescimab commercially based on two approved indications in non-small cell lung cancer, and a third indication based on positive HARMONi-3 squamous data is under NMPA review.
7. Summit has 15 randomized Phase III trials announced, ongoing, or completed across Summit-sponsored and Akeso-sponsored studies, with 142 total clinical trials now listed on clinicaltrials.gov.
8. The company announced the new ILLUMINE Phase III study in PD-L1 positive frontline head and neck squamous cell carcinoma, sponsored by GORTEC, enrolling approximately 780 patients across three arms including ivonescimab monotherapy, ivonescimab plus ligufalimab, and pembrolizumab.
9. The first patient has been dosed in the clinical collaboration with Revolution Medicines evaluating ivonescimab in combination with three RAS(ON) inhibitors across pancreatic, colorectal, and non-small cell lung cancer.
10. Summit has successfully transferred and validated the production process of ivonescimab to a U.S.-based manufacturer in preparation for potential commercial launch.",-0.002486016159105,-0.0063088220065703,0.487029288702929,0.1915908105765063
ea_WTBA_Q4_2025,WTBA,2026Q1,2026-01-29 12:10:00,"1. Net income for 2025 was $32.6 million compared to $24.1 million in 2024, representing a 35% increase year-over-year.
2. Q4 2025 net income was $7.4 million compared to $9.3 million in Q3 2025 and $7.1 million in Q4 2024.
3. The company sold $64 million of securities available for sale in Q4, realizing a pretax net loss of $4 million.
4. Without the securities sale loss, Q4 2025 net income would have exceeded $10 million.
5. West Bank declared a $0.25 dividend payable February 25 to shareholders of record as of February 11.
6. Net interest margin increased 11 basis points compared to Q3 2025 and 49 basis points compared to Q4 2024.
7. Cost of deposits declined 28 basis points compared to Q3 2025 and 64 basis points compared to Q4 2024.
8. Core deposit balances excluding brokered funds increased approximately $212 million in Q4 and $223 million for the full year.
9. The company reported pristine credit quality with no past dues over 30 days, no nonaccruals, no substandard loans, and no other real estate owned.
10. Just under $400 million of fixed rate loans will reprice in 2026 with an expected yield pickup of approximately 1.5% to 2%.",-0.006269592476489,0.0443985051304948,0.712133891213389,0.13480710879930646
ea_MDXG_Q4_2025,MDXG,2026Q1,2026-02-25 21:06:00,"1. MiMedx reported Q4 2025 record net sales of $118 million, representing 27% year-over-year growth, with Wound sales of $79 million (up 28%) and Surgical sales of $39 million (up 25%).
2. Full year 2025 net sales were $419 million, representing 20% growth compared to 2024, with full year Surgical business growth of 20%.
3. The company ended 2025 with $148 million in net cash, a sequential increase of $24 million in Q4 and $63 million higher than the start of 2025.
4. Full year 2025 adjusted EBITDA was nearly $106 million, representing an adjusted EBITDA margin of over 25%, while Q4 adjusted EBITDA was $29 million (25% of net sales).
5. The Board authorized a share repurchase program of up to $100 million over the next 2 years to buy back stock, which management believes is woefully undervalued.
6. Full year 2026 revenue guidance is $340 million to $360 million with adjusted EBITDA margin expected in the mid- to high teens, reflecting the impact of the new Medicare reimbursement cap of $127 per square centimeter for skin substitutes effective January 1, 2026.
7. Management expects 2026 gross margin to decline to the mid- to upper 70s from 86% (non-GAAP) in Q4 2025, driven by lower wound ASPs and lower margins from new products.
8. The company expects the 2026 Wound and Surgical revenue split to be approximately 50-50, compared to Surgical being roughly one-third of the mix in 2025.
9. Management stated that looking through to 2027, they expect to return to over $400 million in revenue with double-digit above-market top line growth and a mid-20s EBITDA margin profile.
10. The EPIEFFECT randomized controlled trial is nearly fully enrolled with a final readout expected in a few months, and the company has committed to running an RCT for its new CHORIOFIX product currently in development.",0.0075757575757575,-0.0604738621625671,0.267364016736402,0.8530559167750326
ea_GKOS_Q4_2025,GKOS,2026Q1,2026-02-17 21:05:00,"1. Glaukos reported record Q4 2025 consolidated net sales of $143.1 million, up 36% on a reported basis and 34% on a constant currency basis versus the year-ago quarter.
2. Full year 2025 consolidated net sales were a record $507.4 million, representing 32% growth versus 2024.
3. The company reaffirmed full year 2026 net sales guidance of $600 million to $620 million, implying more than 20% year-over-year growth at the midpoint.
4. iDose TR generated approximately $45 million in Q4 sales and approximately $136 million for full year 2025, with U.S. glaucoma franchise Q4 net sales of $86.4 million growing 53% year-over-year.
5. For 2026, the company expects U.S. glaucoma growth in the 30% range year-over-year driven entirely by iDose TR, with the non-iDose business assumed flat on a year-over-year basis.
6. International glaucoma is expected to grow high single digits in 2026, with competitive launch headwinds in key markets partially offset by iStent infinite launches.
7. Operating expenses in 2026 are guided to grow mid-teens year-over-year to approximately $555 million to $560 million, with the company targeting cash flow breakeven or potential cash flow generation over the course of 2026.
8. Epioxa O2n Systems have been actively deployed at locations covering nearly 50% of the U.S. population, with a broader pipeline of systems expected to expand treatment center reach to approximately 90%.
9. The permanent J-code for Epioxa is expected to become effective in July 2026, with the company anticipating measured adoption under a miscellaneous J-code until then and a material dip in corneal health revenue in Q2 during the Photrexa-to-Epioxa transition.
10. The Phase IIa clinical trial for iDose TREX demonstrated substantial IOP reductions of 8.6 to 10.8 millimeters of mercury through 3 months, with Phase IIb/III enrollment well underway.",-0.0006564141035258,0.129437197315171,0.901673640167364,0.2566103164282618
ea_LUNR_Q4_2025,LUNR,2026Q1,2026-03-19 11:30:00,"1. Intuitive Machines expects 2026 revenue in the range of $900 million to $1 billion, representing nearly a 5x increase from 2025.
2. Q4 2025 revenue was $44.8 million, with Q4 gross margin of $8.5 million representing a 19% positive gross margin.
3. As of February month-end, the combined company backlog is estimated at $943 million, with approximately 60% to 65% of year-end backlog expected to convert to revenue in 2026.
4. The company targets positive adjusted EBITDA for the full year 2026, driven by scale from the Lanteris acquisition and higher-margin service revenue.
5. Roughly two-thirds of expected 2026 revenue is already supported by contracted backlog.
6. Free cash flow for 2025 was negative $56 million, an $11.7 million improvement versus 2024, driven by $43.3 million less operating cash used partially offset by $31.5 million higher capital expenditures.
7. Following the $175 million capital raise and Lanteris acquisition-related outflows ($403 million cash used for Lanteris), the company's cash balance as of end of February was $272 million.
8. Excluding OMES, 2025 revenue grew approximately 65% year-over-year, driven by growth across CLPS, LTV work, and NSNS programs.
9. The combined portfolio targets a diversified revenue mix of approximately 40% commercial, 40% civil space, and 20% national security customers.
10. SG&A was $40.2 million in Q4 2025, including $10.8 million of acquisition-related transaction costs associated with the Lanteris acquisition, contributing to a Q4 operating loss of $33.1 million versus $13.4 million in Q4 2024.",-0.0171176145775814,0.0459535211936975,0.718828451882845,0.08409189423493715
ea_IIIN_Q1_2026,IIIN,2026Q1,2026-01-15 11:30:00,"1. Net earnings for Q1 2026 rose to $7.6 million or $0.39 per share compared with $1.1 million or $0.06 per share in the same period last year.
2. First quarter shipments increased 3.8% year-over-year while declining 9.7% sequentially from Q4, consistent with normal seasonal patterns.
3. Average selling prices increased 18.8% year-over-year, reflecting pricing actions taken throughout fiscal 2025 to offset higher steel wire rod costs.
4. Gross profit improved to $18.1 million from $9.5 million a year ago, with gross margin expanding 400 basis points to 11.3% from 7.3%.
5. The company returned $19.4 million to shareholders through a $1 per share special cash dividend in addition to the regular quarterly dividend, marking the ninth special dividend in the last 10 years.
6. Inventories increased by $34.5 million in Q1, representing approximately 3.9 months of shipments compared to 3.5 months at the end of Q4.
7. Net working capital has risen over $50 million in the last 12 months due to offshore wire rod purchases.
8. The Section 232 tariff of 50% on steel imports has caused U.S. hot-rolled wire rod prices to rise 50% to 100% higher than global market prices.
9. Domestic wire rod capacity equal to nearly 25% of apparent domestic consumption (approximately 1.2 million tons per year) is offline, most of it permanently.
10. The company ended the quarter with $15.6 million in cash and no borrowings on its $100 million revolving credit facility, with full year CapEx targeted at $20 million.",0.001780415430267,-0.0475895646423071,0.301673640167364,0.6235370611183355
ea_SNDX_Q4_2025,SNDX,2026Q1,2026-02-26 21:01:00,"1. Syndax generated $124.8 million in Revuforj net revenue in 2025, with Q4 net revenue of $44.2 million representing 38% quarter-over-quarter growth.
2. Niktimvo net revenue reached $151.6 million in the first 11 months of launch, tracking ahead of REZUROCK's benchmark of $500 million in annual U.S. net sales within the first 4 years of launch.
3. Syndax's 50% share of the Niktimvo product contribution totaled $42.4 million in collaboration revenue in 2025, with the margin contribution expected to be in the 25% to 30% range near term and increase longer term.
4. Approximately 1,050 patients have been treated commercially with Revuforj since launch, approaching 50% penetration of the KMT2A incident population within the first year.
5. At least 30% of new Revuforj patient starts in Q4 were NPM1 patients, up from approximately 20% in Q3, and the company expects this to grow to 50% or more given the larger NPM1 population.
6. Approximately 40% to 45% of KMT2A patients who proceeded to transplant have restarted Revuforj post-transplant, up from 35% to 40% last quarter, with management expecting this to reach 70% to 80% at steady state.
7. The company guided 2026 total R&D plus SG&A expenses at approximately $400 million (excluding $50 million in noncash stock compensation), stable compared to 2025 and relatively flat quarter-to-quarter.
8. Syndax ended 2025 with $394 million in cash, equivalents and marketable securities, and expects to reach profitability without the need for additional capital.
9. Enrollment is complete in the Phase II MAXPIRe trial of axatilimab in IPF (~135 patients), with top line data expected in Q4 2026, and the company anticipates needing only one pivotal Phase III trial if Phase II is positive.
10. Average Revuforj treatment duration was in the 4- to 6-month range in 2025 and is expected to extend to 6 to 12 months in 2026 as post-transplant maintenance use, combination use (now ~40% of patients), and earlier-line treatment patterns mature.",-0.0087082728592162,0.0553660087727805,0.753138075313807,0.11443433029908973
ea_EPAM_Q4_2025,EPAM,2026Q1,2026-02-19 11:00:00,"1. EPAM generated over $1.4 billion in Q4 2025 revenues, a year-over-year increase of 12.8% on a reported basis and 5.6% organic constant currency growth, exceeding the high end of Q4 revenue outlook.
2. In Q4, EPAM generated more than $105 million in pure AI-native revenues with strong sequential growth, and the company expects to scale AI-native revenues in excess of $600 million in 2026.
3. Full year 2025 revenues were $5.46 billion, up 15.4% on a reported basis and 4.9% on an organic constant currency basis year-over-year.
4. EPAM's 2026 full year revenue growth guidance is 4.5% to 7.5%, with organic constant currency growth expected in the range of 3% to 6%, and non-GAAP diluted EPS guided at $12.60 to $12.90.
5. NEORIS' largest client in Mexico is expected to decline sequentially from Q4 2025 to Q1 2026 and will have a negative 1% impact on EPAM's 2026 organic constant currency growth rate.
6. Free cash flow in 2025 was $613 million, reflecting a 94.7% adjusted net income conversion, though management expects 2026 free cash flow conversion to operate in the 80% to 90% range.
7. Share repurchases in 2025 totaled approximately 3.5 million shares for $661 million at an average price of $186.67 per share, and management indicated continued active repurchases particularly in the first half of 2026.
8. Non-GAAP diluted EPS for full year 2025 was $11.50, a 5.9% increase over 2024, while Q4 non-GAAP diluted EPS was $3.26, up 14.8% year-over-year.
9. Between 60% to 70% of AI-native projects active in Q4 expanded from initial proof of concept into larger programs, indicating strong conversion of early AI wins into meaningful revenue.
10. Q1 2026 revenue is expected to be $1.385 billion to $1.4 billion with approximately 3% organic constant currency growth at the midpoint, reflecting softer January as clients finalized budgets and the sequential NEORIS client decline.",0.0020871846860277,-0.168246516018304,0.0682008368200837,0.646727351538795
ea_REZI_Q3_2025,REZI,2025Q4,2025-11-05 21:05:00,"1. Adjusted EBITDA reached a record high of $229 million in Q3 2025, up 21% year-over-year.
2. Adjusted EPS of $0.89 exceeded the high end of the outlook range, compared to $0.59 in the prior year period.
3. Products & Solutions achieved its 10th consecutive quarter of year-over-year gross margin expansion, with gross margin at 43%, up 80 basis points year-over-year and approximately 500 basis points higher than 10 quarters ago.
4. ADI reported its 6th consecutive quarter of year-over-year gross margin expansion, with gross margin at 22.6%, up 130 basis points year-over-year and approximately 300 basis points higher than 6 quarters ago.
5. Revenue in the HVAC channel was down by a low double-digit percentage year-over-year due to softer residential HVAC market conditions, which management expects to normalize by end of Q1 2026.
6. The OEM channel posted low double-digit percentage revenue growth year-over-year, marking its fourth consecutive quarter of year-over-year revenue growth.
7. ADI's ERP implementation resulted in approximately $15 million of higher SG&A costs year-over-year, with impacts split roughly equally between Q3 and Q4.
8. The company raised its 2025 cash from operations outlook (excluding Honeywell termination payment) to $410 million to $450 million.
9. Management stated that 2026 outlook anticipates year-over-year growth in organic revenue and adjusted EBITDA that are both above current analyst estimates.
10. ADI remains ahead of its commitment of $75 million of run rate synergies exiting year 3 post-Snap One acquisition, with confidence to overdeliver that amount in that time frame or sooner.",0.0053580126643935,-0.226081463968667,0.0313683071930773,0.7868763557483731
ea_COP_Q4_2025,COP,2026Q1,2026-02-05 12:00:00,"1. ConocoPhillips grew pro forma production by 2.5% in 2025 while driving significant reductions to both capital and costs, with full year capital spend of $12.6 billion.
2. The company returned $9 billion to shareholders in 2025, representing 45% of CFO, and reduced net debt by nearly $2 billion while increasing cash balances by $1 billion to $7.4 billion.
3. Four major projects and cost reduction initiatives are expected to drive a $7 billion free cash flow inflection by 2029, approximately doubling 2025 free cash flow generation, with ~$1 billion incremental free cash flow each year from 2026 through 2028 and another $4 billion from Willow in 2029.
4. 2026 capital spend guidance is approximately $12 billion (down ~$600 million year-on-year) and operating cost guidance is approximately $10.2 billion (down ~$400 million), combining for a $1 billion year-on-year improvement.
5. Lower 48 drilling and completion efficiencies improved by more than 15% in 2025, with Delaware Basin oil productivity per foot up about 8% and Eagle Ford oil productivity per foot up about 7% year-on-year.
6. The company's free cash flow breakeven is expected to decline from the current mid-$40s per barrel WTI to the low $30s per barrel range by the end of the decade as preproductive capital rolls off and Willow comes online.
7. LNG projects are more than 80% complete with NFE expected to start up in the second half of 2026, while Willow is nearing 50% complete and on track for first oil in early 2029.
8. ConocoPhillips closed over $3 billion of asset sales in 2025 against a recently upsized $5 billion divestiture target, and its 3-year organic reserve replacement ratio was 106%.
9. In the Permian, 80% of future well inventory now features laterals of 2 miles or greater (up from 60% in 2023), with 90% of the 2026 program at 2 miles or greater, driving a roughly 25% cost of supply improvement when moving from 1-mile to 2-mile laterals.
10. For every $1 move in Henry Hub natural gas price, ConocoPhillips sees over $400 million of sensitivity from its ~2 bcf/day Lower 48 gas production, making it significantly more exposed to U.S. gas prices than to LNG margins through the end of the decade.",-0.0006506180871828,-0.0113984496865306,0.463179916317992,0.2574772431729519
ea_ENVX_Q3_2025,ENVX,2025Q4,2025-11-05 21:01:00,"1. Q3 2025 revenue grew 85% year-over-year to $8 million.
2. Non-GAAP gross profit was $1.7 million at a 21% margin in Q3, compared to a loss in the prior year period.
3. The company ended Q3 with $648 million in cash, cash equivalents, and marketable securities.
4. Q4 2025 revenue guidance is $9.5 million to $10.5 million, representing approximately 25% sequential growth at the midpoint.
5. The Korea facility shipped roughly $20 million of products year-to-date, with the majority going to domestic defense and industrial customers.
6. The company issued $360 million of 4.75% convertible notes due in 2030, converting at $11.21 per share, adding approximately $303 million in net liquidity.
7. Approximately 26.5 million warrants were exercised, generating about $224 million in proceeds net of fees and expenses.
8. The company's defense opportunity pipeline has grown to over $80 million globally.
9. Enovix delivered over 1,000 battery packs to its lead smart eyewear customer under an existing supply agreement.
10. Fab2's high-volume manufacturing line, when fully facilitized, can produce up to 9 million batteries per year.",0.0035335689045936,-0.190920904311938,0.0459707950243375,0.7077006507592191
ea_AGYS_Q2_2026,AGYS,2025Q4,2025-10-27 20:05:00,"1. Q2 FY2026 revenue was a record $79.3 million, up 16.1% year-over-year, marking the 15th consecutive record revenue quarter.
2. Subscription revenue grew 33.1% year-over-year in Q2, representing the seventh consecutive quarter of subscription growth exceeding 30%.
3. Full year revenue guidance was raised to $315-318 million from $308-312 million, and subscription revenue growth guidance increased to 29% from 27%.
4. First half FY2026 subscription sales were up 59% year-over-year, while overall global sales increased 17%.
5. The company paid down $24 million on its credit revolver in the first half of the fiscal year, leaving it debt-free.
6. Free cash flow in Q2 was $15 million compared to $5.9 million in the prior year quarter.
7. New customer sales wins included an average of 7 products per deal, a new high, with PMS customers averaging 14 products per deal.
8. Recurring revenue grew 23% year-over-year to a record $51 million, representing 64.3% of total net revenue versus 60.7% in the prior year quarter.
9. Product backlog at end of Q2 was 49% higher than at end of Q1 and subscription backlog was 26% higher than the same time last year.
10. Quota-carrying sales personnel increased 16% year-over-year and the global professional services team grew 23% larger versus the same time last year.",0.0006079555323953,0.224097292940939,0.968631692806923,0.41106290672451196
ea_BYRN_Q3_2025,BYRN,2025Q4,2025-10-09 12:00:00,"1. Q3 2025 net revenue was $28.2 million, a 35% increase from the $20.9 million reported in Q3 2024.
2. Net income for Q3 2025 was $2.2 million, up from $1 million for Q3 2024.
3. Adjusted EBITDA totaled $3.7 million in Q3 2025, up from $1.9 million for Q3 2024.
4. Gross margin declined to 60% in Q3 2025 from 62% in Q3 2024 due to channel mix shift toward dealer/international sales and start-up costs for the Compact Launcher and Fort Wayne ammo facility.
5. Cash, cash equivalents and marketable securities totaled $9 million at August 31, 2025, down from $25.7 million at November 30, 2024, with the company having no debt.
6. Average daily web sessions on byrna.com increased from 33,000 to over 50,000 following the AI-enabled advertising campaign, reaching 70,000 sessions per day recently.
7. Byrna's opt-in e-mail list has grown to 1.9 million subscribers.
8. The company is now in more than 1,000 retail stores nationwide, with its 5 company-owned stores operating at an average annualized run rate of $725,000 in September.
9. Management expects full year fiscal 2025 revenue growth to be between 35% and 40%.
10. The company targets gross margin percentages of 63% to 65% for next year as manufacturing efficiencies improve.",0.0017543859649122,0.215307944146856,0.964845862628448,0.5786334056399133
ea_GRAL_Q4_2025,GRAL,2026Q1,2026-02-19 21:02:00,"1. U.S. Galleri test volume grew 36% to more than 185,000 tests in 2025, while U.S. Galleri revenue grew 26% to $136.8 million.
2. Full year 2025 total revenue was $147.2 million, up 17% from 2024, with screening revenue of $138.6 million up 28% over the prior year.
3. The NHS-Galleri trial did not meet its primary endpoint of a statistically significant reduction in combined Stage III and IV cancers, though Stage IV diagnoses decreased by more than 20% in the second and third screening rounds for the 12 deadly cancers.
4. GRAIL ended Q4 2025 with a cash position of $904.4 million, including $436 million in proceeds from a private placement and ATM equity issuance program, with cash runway extending into 2030.
5. GRAIL completed its PMA submission to the FDA at the end of January 2026 and anticipates approximately a 12-month review period.
6. The Nancy Gardner Sewell Medicare Multi-Cancer Early Detection Screening Coverage Act became federal law, establishing a Medicare coverage pathway for FDA-approved MCED tests.
7. Full year 2025 adjusted EBITDA was negative $320.6 million, an improvement of $163 million or 34% compared to full year 2024.
8. GRAIL's prescriber base grew approximately 30% year-over-year to about 17,000 providers, and the company announced plans to expand its field sales and medical team.
9. 2026 guidance was reiterated for Galleri sales growth of 22% to 32% and cash burn of no more than $300 million for the full year.
10. Royalty payments to Illumina under the supply agreement are suspended until December 2026; when resumed, the expected high-single-digit royalty rate on net sales is anticipated to impact gross margins beginning in 2027.",0.0048261597557372,-0.316580002822146,0.000836820083682,0.7941048981361075
ea_RIOT_Q3_2025,RIOT,2025Q4,2025-10-30 20:01:00,"1. Riot is initiating Core & Shell development of the first 2 buildings at Corsicana, representing 112 megawatts of critical IT data center capacity, with construction beginning in Q1 2026 and the first building expected to be completed in Q1 2027.
2. Total revenue for Q3 2025 was $180.2 million, an 18% increase quarter-over-quarter from $153 million in the prior quarter.
3. The Core & Shell construction for the first 2 buildings has a total expected development cost of $214 million, representing approximately $1.9 million per IT megawatt.
4. Riot acquired 67 acres of land adjacent to the original Corsicana site for $40 million, bringing total land ownership surrounding Corsicana to 925 acres.
5. Riot ended Q3 2025 holding 19,287 Bitcoin with a market value of $2.2 billion.
6. Net income for Q3 2025 was $104.5 million or $0.26 per fully diluted share, compared to net income of $219.5 million or $0.58 per fully diluted share in the prior quarter.
7. Riot's power portfolio totals more than 1.8 gigawatts of fully approved and available power, with approximately 1.7 gigawatts located in the Dallas and Austin regions.
8. Q3 2025 Bitcoin mining achieved a gross profit of $95.7 million, representing a 59% gross profit margin, with total direct cost per Bitcoin of $46,324.
9. Riot generated $31 million in power credits during Q3 2025, lowering net cost of power to $0.032 per kilowatt hour.
10. Since acquiring ESS Metron, Riot has realized approximately $23 million in cumulative CapEx savings on equipment purchases.",0.0184921763869132,-0.066125761650943,0.230394808004327,0.928416485900217
ea_CBUS_Q3_2025,CBUS,2025Q4,2025-11-13 21:05:00,"1. Cash and cash equivalents were $23.9 million as of September 30, 2025, expected to fund operations into early Q2 2026 without additional financing.
2. The company has signed 7 Rice customer agreements (2 in the US and 5 in Latin America) representing approximately 5 million to 7 million addressable acres with potential annual royalties exceeding $200 million.
3. Operating expenses were reduced by almost $5 million in the first 9 months of 2025 across SG&A and R&D spending.
4. The company is targeting approximately $30 million in annual net cash usage for 2026.
5. Q3 2025 revenue was $615,000 compared to $1.7 million in the year-ago period due to timing of partner-funded program activities.
6. Q3 2025 R&D expense decreased $2.2 million year-over-year to $10.8 million, and SG&A expense decreased $2.5 million year-over-year to $5.2 million.
7. Commercial launch of Rice herbicide tolerance traits is targeted for Latin America beginning in 2027, followed by the United States in 2028 and Asia closer to 2030.
8. The company completed pre-commercial pilot runs for 2 biofragrance products and expects to receive initial payments offsetting R&D expenses in Q4 2025.
9. India represents an opportunity of approximately 120 million acres of rice cultivation, with the company targeting market entry around 2030-2032 and expected royalty rates of $1 to $2 per acre.
10. The biofragrance business has a total revenue opportunity in the $20 million to $40 million range, with single-digit millions expected in 2026 and 2027 before scaling up.",-0.136,-0.023848443514898,0.410492157923202,0.016268980477223426
ea_SNCR_Q3_2025,SNCR,2025Q4,2025-11-04 21:05:00,"1. Q3 2025 revenue was $42 million, down from $43 million in the prior year period due to delayed customer contracts and lower-than-expected subscriber growth.
2. Net income was $5.8 million with diluted earnings per share of $0.51, driven partly by a $5.2 million onetime interest income event from the tax refund.
3. Recurring revenue represented 93.8% of total revenue, with more than 90% of projected revenue under long-term contracts with Tier 1 carriers.
4. Adjusted EBITDA was $12 million, representing a 28.5% margin for the quarter.
5. Year-over-year cloud subscriber growth was approximately 1%, down from 3% reported in Q2.
6. The company completed a strategic $200 million 4-year term loan refinancing, extending debt maturities to 2029.
7. The company received $33.9 million from the CARES Act refund and used $25.4 million for a prepayment on the term loan, contributing to $100 million of debt reduction over the past 4 years.
8. Full year 2025 revenue guidance was lowered to between $169 million and $172 million, with adjusted EBITDA guidance reduced to between $50 million and $53 million.
9. Net debt was $139.8 million as of September 30, 2025, representing approximately 2.7x anticipated 2025 adjusted EBITDA.
10. AT&T and SoftBank penetration both remain below 2% of their respective total subscriber bases, indicating significant runway for future growth.",0.0476190476190476,-0.0324991554870375,0.3677663601947,0.9755965292841648
ea_LRN_Q2_2026,LRN,2026Q1,2026-01-27 21:15:00,"1. Revenue of $631.3 million was up nearly 8% from the second quarter of fiscal year 2025.
2. Adjusted operating income of $159 million increased 17% or $23.4 million from last year.
3. Total enrollments for the second quarter were 248,500, up 7.8% from last year and up slightly from the first quarter.
4. Career Learning middle and high school program revenue grew 29% to $275.6 million, driven by enrollment growth of 17.6% year-over-year.
5. The Board authorized the repurchase of up to $500 million in shares through October 31, 2026, and the company purchased $88.6 million in shares during Q2.
6. The company raised its full year adjusted operating income guidance to $485 million to $505 million, up from prior guidance of $475 million to $500 million.
7. Free cash flow was $75.9 million compared to $208.6 million last year, impacted by a large receivable payment pushed from Q2 to Q3.
8. The company finished the quarter with cash, cash equivalents and marketable securities of $676 million.
9. Gross margins for the quarter were 41.1%, including approximately 200 basis points of benefit from exiting a long-term lease commitment related to a noncore business.
10. Second semester withdrawal rates are within historical norms, and the company reaffirmed full year revenue guidance of $2.480 billion to $2.555 billion.",-0.0027612867596299,0.143035896957131,0.912970711297071,0.1846553966189857
ea_JYNT_Q3_2025,JYNT,2025Q4,2025-11-06 21:06:00,"1. Revenue from continuing operations increased 6% to $13.4 million in Q3 2025 compared to Q3 2024.
2. Consolidated adjusted EBITDA increased 36% to $3.3 million in Q3 2025 versus Q3 2024.
3. System-wide sales declined 1.5% to $127 million in Q3 2025, with comp sales down 2%.
4. The company has entered into an initial agreement to sell 45 corporate clinics in Southern California for $4.5 million via an asset purchase agreement.
5. Unrestricted cash and cash equivalents stood at $29.7 million at September 30, 2025, compared to $25.1 million at year-end 2024.
6. The Board authorized an additional $12 million for stock repurchases, and the company has repurchased approximately $5 million of stock since the last conference call.
7. New clinic breakeven timing has improved from around 2 years to under 1 year due to preopening protocols implemented by the operations team.
8. Full year 2025 guidance was revised with system-wide sales expected to range from $530 million to $534 million, down from prior guidance of $530 million to $550 million.
9. The mobile app has reached 178,000 downloads with an 18% adoption rate among new wellness plan holders at the end of Q3.
10. Approximately 25% of new patients are taking advantage of the new Kickstart plan packages offering 4, 8, or 12 adjustments beyond the standard wellness plan.",0.0025062656641604,-0.0410331092326863,0.331530557057869,0.6426247288503254
